-- SMS Oracle Database Seed Data
-- Generated programmatically
ALTER SESSION SET NLS_DATE_FORMAT = 'YYYY-MM-DD';
ALTER SESSION SET NLS_TIMESTAMP_FORMAT = 'YYYY-MM-DD HH24:MI:SS';

-- Clean existing data
DELETE FROM TRAINING_PROGRAM;
DELETE FROM PARENT_HAVE_STUDENT;
DELETE FROM STUDENTS_PARENTS;
DELETE FROM ENGINEER_FEEDBACK;
DELETE FROM STUDENT_FEEDBACK;
DELETE FROM STUDENT_EVALUATION;
DELETE FROM STUDENT_MEDICAL_HISTORY;
DELETE FROM MEDICAL_RECORD;
DELETE FROM VIOLATIONS;
DELETE FROM DELAYS;
DELETE FROM PERMISSIONS;
DELETE FROM REPORTS;
DELETE FROM USER_NOTIFICATIONS;
DELETE FROM NOTIFICATION;
DELETE FROM EXAMS_TABLE;
DELETE FROM STUDENT_EXAM;
DELETE FROM STUDENT_IN_A_TEAM;
DELETE FROM TEAM;
DELETE FROM PROJECT;
DELETE FROM COURSE_HAVE_ASSIGNMENTS;
DELETE FROM ASSIGNMENT;
DELETE FROM MARKS;
DELETE FROM MARKS_TYPE;
DELETE FROM ATTENDANCE;
DELETE FROM SESSIONS;
DELETE FROM COURSE;
DELETE FROM PARENT;
DELETE FROM STUDENT;
DELETE FROM TEACHER;
DELETE FROM CLASS;
DELETE FROM GRADES_PER_TERM;
DELETE FROM GRADE;
DELETE FROM TERM;
DELETE FROM USER_PHONE_NUMBERS;
DELETE FROM USERS;
DELETE FROM ROLES;

-- 1. Insert Roles
INSERT INTO ROLES (ROLE_ID, ROLE_NAME) VALUES (1, 'ADMIN');
INSERT INTO ROLES (ROLE_ID, ROLE_NAME) VALUES (2, 'TEACHER');
INSERT INTO ROLES (ROLE_ID, ROLE_NAME) VALUES (3, 'STUDENT');
INSERT INTO ROLES (ROLE_ID, ROLE_NAME) VALUES (4, 'PARENT');
INSERT INTO ROLES (ROLE_ID, ROLE_NAME) VALUES (5, 'Student Affairs');

-- 2. Insert Users
INSERT INTO USERS (USER_ID, FIRST_NAME, LAST_NAME, EMAIL, ADDRESS, FIRST_NAME_IN_ARABIC, LAST_NAME_IN_ARABIC, PASSWORD, ISDELETED, CREATED_AT, LAST_LOGIN, GENDER, NATIONALITY, BIRTH_DATE, RELIGION, NATIONAL_NUMBER, ROLE_ID) VALUES (1, 'Youssef', 'Al-Jubouri', 'youssef.admin@school.edu', 'District 2, Baghdad', 'يوسف', 'الجبوري', 'admin123', 0, TIMESTAMP '2025-01-10 09:00:00', TIMESTAMP '2025-09-01 08:30:00', 'M', 'Iraqi', DATE '1985-05-12', 'Muslim', 100000000001, 1);
INSERT INTO USERS (USER_ID, FIRST_NAME, LAST_NAME, EMAIL, ADDRESS, FIRST_NAME_IN_ARABIC, LAST_NAME_IN_ARABIC, PASSWORD, ISDELETED, CREATED_AT, LAST_LOGIN, GENDER, NATIONALITY, BIRTH_DATE, RELIGION, NATIONAL_NUMBER, ROLE_ID) VALUES (2, 'Sarah', 'Al-Tamimi', 'sarah.admin@school.edu', 'District 3, Baghdad', 'سارة', 'التميمي', 'admin123', 0, TIMESTAMP '2025-01-10 09:00:00', TIMESTAMP '2025-09-01 08:30:00', 'F', 'Iraqi', DATE '1990-08-22', 'Muslim', 100000000002, 1);
INSERT INTO USERS (USER_ID, FIRST_NAME, LAST_NAME, EMAIL, ADDRESS, FIRST_NAME_IN_ARABIC, LAST_NAME_IN_ARABIC, PASSWORD, ISDELETED, CREATED_AT, LAST_LOGIN, GENDER, NATIONALITY, BIRTH_DATE, RELIGION, NATIONAL_NUMBER, ROLE_ID) VALUES (3, 'Ali', 'Al-Husseini', 'ali.admin@school.edu', 'District 4, Baghdad', 'علي', 'الحسيني', 'admin123', 0, TIMESTAMP '2025-01-10 09:00:00', TIMESTAMP '2025-09-01 08:30:00', 'M', 'Iraqi', DATE '1982-11-04', 'Muslim', 100000000003, 1);
INSERT INTO USERS (USER_ID, FIRST_NAME, LAST_NAME, EMAIL, ADDRESS, FIRST_NAME_IN_ARABIC, LAST_NAME_IN_ARABIC, PASSWORD, ISDELETED, CREATED_AT, LAST_LOGIN, GENDER, NATIONALITY, BIRTH_DATE, RELIGION, NATIONAL_NUMBER, ROLE_ID) VALUES (4, 'Ahmed', 'Al-Iraqi', 'ahmed.al-iraqi@teacher.school.edu', 'District 5, Baghdad', 'أحمد', 'العراقي', 'teacher123', 0, TIMESTAMP '2025-01-10 09:00:00', TIMESTAMP '2025-09-01 08:30:00', 'M', 'Iraqi', DATE '1970-03-15', 'Muslim', 100000000004, 2);
INSERT INTO USERS (USER_ID, FIRST_NAME, LAST_NAME, EMAIL, ADDRESS, FIRST_NAME_IN_ARABIC, LAST_NAME_IN_ARABIC, PASSWORD, ISDELETED, CREATED_AT, LAST_LOGIN, GENDER, NATIONALITY, BIRTH_DATE, RELIGION, NATIONAL_NUMBER, ROLE_ID) VALUES (5, 'Zainab', 'Al-Jubouri', 'zainab.al-jubouri@teacher.school.edu', 'District 1, Baghdad', 'زينب', 'الجبوري', 'teacher123', 0, TIMESTAMP '2025-01-10 09:00:00', TIMESTAMP '2025-09-01 08:30:00', 'F', 'Iraqi', DATE '1973-03-15', 'Muslim', 100000000005, 2);
INSERT INTO USERS (USER_ID, FIRST_NAME, LAST_NAME, EMAIL, ADDRESS, FIRST_NAME_IN_ARABIC, LAST_NAME_IN_ARABIC, PASSWORD, ISDELETED, CREATED_AT, LAST_LOGIN, GENDER, NATIONALITY, BIRTH_DATE, RELIGION, NATIONAL_NUMBER, ROLE_ID) VALUES (6, 'Ali', 'Al-Khalidi', 'ali.al-khalidi@teacher.school.edu', 'District 2, Baghdad', 'علي', 'الخالدي', 'teacher123', 0, TIMESTAMP '2025-01-10 09:00:00', TIMESTAMP '2025-09-01 08:30:00', 'M', 'Iraqi', DATE '1976-03-15', 'Muslim', 100000000006, 2);
INSERT INTO USERS (USER_ID, FIRST_NAME, LAST_NAME, EMAIL, ADDRESS, FIRST_NAME_IN_ARABIC, LAST_NAME_IN_ARABIC, PASSWORD, ISDELETED, CREATED_AT, LAST_LOGIN, GENDER, NATIONALITY, BIRTH_DATE, RELIGION, NATIONAL_NUMBER, ROLE_ID) VALUES (7, 'Maryam', 'Al-Tamimi', 'maryam.al-tamimi@teacher.school.edu', 'District 3, Baghdad', 'مريم', 'التميمي', 'teacher123', 0, TIMESTAMP '2025-01-10 09:00:00', TIMESTAMP '2025-09-01 08:30:00', 'F', 'Iraqi', DATE '1979-03-15', 'Muslim', 100000000007, 2);
INSERT INTO USERS (USER_ID, FIRST_NAME, LAST_NAME, EMAIL, ADDRESS, FIRST_NAME_IN_ARABIC, LAST_NAME_IN_ARABIC, PASSWORD, ISDELETED, CREATED_AT, LAST_LOGIN, GENDER, NATIONALITY, BIRTH_DATE, RELIGION, NATIONAL_NUMBER, ROLE_ID) VALUES (8, 'Hussein', 'Al-Saadi', 'hussein.al-saadi@teacher.school.edu', 'District 4, Baghdad', 'حسين', 'الساعدي', 'teacher123', 0, TIMESTAMP '2025-01-10 09:00:00', TIMESTAMP '2025-09-01 08:30:00', 'M', 'Iraqi', DATE '1982-03-15', 'Muslim', 100000000008, 2);
INSERT INTO USERS (USER_ID, FIRST_NAME, LAST_NAME, EMAIL, ADDRESS, FIRST_NAME_IN_ARABIC, LAST_NAME_IN_ARABIC, PASSWORD, ISDELETED, CREATED_AT, LAST_LOGIN, GENDER, NATIONALITY, BIRTH_DATE, RELIGION, NATIONAL_NUMBER, ROLE_ID) VALUES (9, 'Zahra', 'Al-Husseini', 'zahra.al-husseini@teacher.school.edu', 'District 5, Baghdad', 'زهراء', 'الحسيني', 'teacher123', 0, TIMESTAMP '2025-01-10 09:00:00', TIMESTAMP '2025-09-01 08:30:00', 'F', 'Iraqi', DATE '1985-03-15', 'Muslim', 100000000009, 2);
INSERT INTO USERS (USER_ID, FIRST_NAME, LAST_NAME, EMAIL, ADDRESS, FIRST_NAME_IN_ARABIC, LAST_NAME_IN_ARABIC, PASSWORD, ISDELETED, CREATED_AT, LAST_LOGIN, GENDER, NATIONALITY, BIRTH_DATE, RELIGION, NATIONAL_NUMBER, ROLE_ID) VALUES (10, 'Youssef', 'Al-Dulaimi', 'youssef.al-dulaimi@teacher.school.edu', 'District 1, Baghdad', 'يوسف', 'الدليمي', 'teacher123', 0, TIMESTAMP '2025-01-10 09:00:00', TIMESTAMP '2025-09-01 08:30:00', 'M', 'Iraqi', DATE '1988-03-15', 'Muslim', 100000000010, 2);
INSERT INTO USERS (USER_ID, FIRST_NAME, LAST_NAME, EMAIL, ADDRESS, FIRST_NAME_IN_ARABIC, LAST_NAME_IN_ARABIC, PASSWORD, ISDELETED, CREATED_AT, LAST_LOGIN, GENDER, NATIONALITY, BIRTH_DATE, RELIGION, NATIONAL_NUMBER, ROLE_ID) VALUES (11, 'Rawan', 'Al-Shammari', 'rawan.al-shammari@teacher.school.edu', 'District 2, Baghdad', 'روان', 'الشمري', 'teacher123', 0, TIMESTAMP '2025-01-10 09:00:00', TIMESTAMP '2025-09-01 08:30:00', 'F', 'Iraqi', DATE '1991-03-15', 'Muslim', 100000000011, 2);
INSERT INTO USERS (USER_ID, FIRST_NAME, LAST_NAME, EMAIL, ADDRESS, FIRST_NAME_IN_ARABIC, LAST_NAME_IN_ARABIC, PASSWORD, ISDELETED, CREATED_AT, LAST_LOGIN, GENDER, NATIONALITY, BIRTH_DATE, RELIGION, NATIONAL_NUMBER, ROLE_ID) VALUES (12, 'Abdullah', 'Al-Muhammadi', 'abdullah.al-muhammadi@teacher.school.edu', 'District 3, Baghdad', 'عبدالله', 'المحمداوي', 'teacher123', 0, TIMESTAMP '2025-01-10 09:00:00', TIMESTAMP '2025-09-01 08:30:00', 'M', 'Iraqi', DATE '1994-03-15', 'Muslim', 100000000012, 2);
INSERT INTO USERS (USER_ID, FIRST_NAME, LAST_NAME, EMAIL, ADDRESS, FIRST_NAME_IN_ARABIC, LAST_NAME_IN_ARABIC, PASSWORD, ISDELETED, CREATED_AT, LAST_LOGIN, GENDER, NATIONALITY, BIRTH_DATE, RELIGION, NATIONAL_NUMBER, ROLE_ID) VALUES (13, 'Yousra', 'Al-Saadi', 'yousra.al-saadi@teacher.school.edu', 'District 4, Baghdad', 'يسرى', 'السعدي', 'teacher123', 0, TIMESTAMP '2025-01-10 09:00:00', TIMESTAMP '2025-09-01 08:30:00', 'F', 'Iraqi', DATE '1997-03-15', 'Muslim', 100000000013, 2);
INSERT INTO USERS (USER_ID, FIRST_NAME, LAST_NAME, EMAIL, ADDRESS, FIRST_NAME_IN_ARABIC, LAST_NAME_IN_ARABIC, PASSWORD, ISDELETED, CREATED_AT, LAST_LOGIN, GENDER, NATIONALITY, BIRTH_DATE, RELIGION, NATIONAL_NUMBER, ROLE_ID) VALUES (14, 'Ahmed', 'Al-Iraqi', 'student.ahmed.al-iraqi0@student.school.edu', 'District 5, Baghdad', 'أحمد', 'العراقي', 'student123', 0, TIMESTAMP '2025-01-10 09:00:00', TIMESTAMP '2025-09-01 08:30:00', 'M', 'Iraqi', DATE '2007-07-12', 'Muslim', 100000000014, 3);
INSERT INTO USERS (USER_ID, FIRST_NAME, LAST_NAME, EMAIL, ADDRESS, FIRST_NAME_IN_ARABIC, LAST_NAME_IN_ARABIC, PASSWORD, ISDELETED, CREATED_AT, LAST_LOGIN, GENDER, NATIONALITY, BIRTH_DATE, RELIGION, NATIONAL_NUMBER, ROLE_ID) VALUES (15, 'Fatima', 'Al-Jubouri', 'student.fatima.al-jubouri1@student.school.edu', 'District 1, Baghdad', 'فاطمة', 'الجبوري', 'student123', 0, TIMESTAMP '2025-01-10 09:00:00', TIMESTAMP '2025-09-01 08:30:00', 'F', 'Iraqi', DATE '2008-07-12', 'Muslim', 100000000015, 3);
INSERT INTO USERS (USER_ID, FIRST_NAME, LAST_NAME, EMAIL, ADDRESS, FIRST_NAME_IN_ARABIC, LAST_NAME_IN_ARABIC, PASSWORD, ISDELETED, CREATED_AT, LAST_LOGIN, GENDER, NATIONALITY, BIRTH_DATE, RELIGION, NATIONAL_NUMBER, ROLE_ID) VALUES (16, 'Mohamed', 'Al-Khalidi', 'student.mohamed.al-khalidi2@student.school.edu', 'District 2, Baghdad', 'محمد', 'الخالدي', 'student123', 0, TIMESTAMP '2025-01-10 09:00:00', TIMESTAMP '2025-09-01 08:30:00', 'M', 'Iraqi', DATE '2009-07-12', 'Muslim', 100000000016, 3);
INSERT INTO USERS (USER_ID, FIRST_NAME, LAST_NAME, EMAIL, ADDRESS, FIRST_NAME_IN_ARABIC, LAST_NAME_IN_ARABIC, PASSWORD, ISDELETED, CREATED_AT, LAST_LOGIN, GENDER, NATIONALITY, BIRTH_DATE, RELIGION, NATIONAL_NUMBER, ROLE_ID) VALUES (17, 'Zainab', 'Al-Tamimi', 'student.zainab.al-tamimi3@student.school.edu', 'District 3, Baghdad', 'زينب', 'التميمي', 'student123', 0, TIMESTAMP '2025-01-10 09:00:00', TIMESTAMP '2025-09-01 08:30:00', 'F', 'Iraqi', DATE '2010-07-12', 'Muslim', 100000000017, 3);
INSERT INTO USERS (USER_ID, FIRST_NAME, LAST_NAME, EMAIL, ADDRESS, FIRST_NAME_IN_ARABIC, LAST_NAME_IN_ARABIC, PASSWORD, ISDELETED, CREATED_AT, LAST_LOGIN, GENDER, NATIONALITY, BIRTH_DATE, RELIGION, NATIONAL_NUMBER, ROLE_ID) VALUES (18, 'Ali', 'Al-Saadi', 'student.ali.al-saadi4@student.school.edu', 'District 4, Baghdad', 'علي', 'الساعدي', 'student123', 0, TIMESTAMP '2025-01-10 09:00:00', TIMESTAMP '2025-09-01 08:30:00', 'M', 'Iraqi', DATE '2007-07-12', 'Muslim', 100000000018, 3);
INSERT INTO USERS (USER_ID, FIRST_NAME, LAST_NAME, EMAIL, ADDRESS, FIRST_NAME_IN_ARABIC, LAST_NAME_IN_ARABIC, PASSWORD, ISDELETED, CREATED_AT, LAST_LOGIN, GENDER, NATIONALITY, BIRTH_DATE, RELIGION, NATIONAL_NUMBER, ROLE_ID) VALUES (19, 'Sarah', 'Al-Husseini', 'student.sarah.al-husseini5@student.school.edu', 'District 5, Baghdad', 'سارة', 'الحسيني', 'student123', 0, TIMESTAMP '2025-01-10 09:00:00', TIMESTAMP '2025-09-01 08:30:00', 'F', 'Iraqi', DATE '2008-07-12', 'Muslim', 100000000019, 3);
INSERT INTO USERS (USER_ID, FIRST_NAME, LAST_NAME, EMAIL, ADDRESS, FIRST_NAME_IN_ARABIC, LAST_NAME_IN_ARABIC, PASSWORD, ISDELETED, CREATED_AT, LAST_LOGIN, GENDER, NATIONALITY, BIRTH_DATE, RELIGION, NATIONAL_NUMBER, ROLE_ID) VALUES (20, 'Hassan', 'Al-Dulaimi', 'student.hassan.al-dulaimi6@student.school.edu', 'District 1, Baghdad', 'حسن', 'الدليمي', 'student123', 0, TIMESTAMP '2025-01-10 09:00:00', TIMESTAMP '2025-09-01 08:30:00', 'M', 'Iraqi', DATE '2009-07-12', 'Muslim', 100000000020, 3);
INSERT INTO USERS (USER_ID, FIRST_NAME, LAST_NAME, EMAIL, ADDRESS, FIRST_NAME_IN_ARABIC, LAST_NAME_IN_ARABIC, PASSWORD, ISDELETED, CREATED_AT, LAST_LOGIN, GENDER, NATIONALITY, BIRTH_DATE, RELIGION, NATIONAL_NUMBER, ROLE_ID) VALUES (21, 'Maryam', 'Al-Shammari', 'student.maryam.al-shammari7@student.school.edu', 'District 2, Baghdad', 'مريم', 'الشمري', 'student123', 0, TIMESTAMP '2025-01-10 09:00:00', TIMESTAMP '2025-09-01 08:30:00', 'F', 'Iraqi', DATE '2010-07-12', 'Muslim', 100000000021, 3);
INSERT INTO USERS (USER_ID, FIRST_NAME, LAST_NAME, EMAIL, ADDRESS, FIRST_NAME_IN_ARABIC, LAST_NAME_IN_ARABIC, PASSWORD, ISDELETED, CREATED_AT, LAST_LOGIN, GENDER, NATIONALITY, BIRTH_DATE, RELIGION, NATIONAL_NUMBER, ROLE_ID) VALUES (22, 'Hussein', 'Al-Muhammadi', 'student.hussein.al-muhammadi8@student.school.edu', 'District 3, Baghdad', 'حسين', 'المحمداوي', 'student123', 0, TIMESTAMP '2025-01-10 09:00:00', TIMESTAMP '2025-09-01 08:30:00', 'M', 'Iraqi', DATE '2007-07-12', 'Muslim', 100000000022, 3);
INSERT INTO USERS (USER_ID, FIRST_NAME, LAST_NAME, EMAIL, ADDRESS, FIRST_NAME_IN_ARABIC, LAST_NAME_IN_ARABIC, PASSWORD, ISDELETED, CREATED_AT, LAST_LOGIN, GENDER, NATIONALITY, BIRTH_DATE, RELIGION, NATIONAL_NUMBER, ROLE_ID) VALUES (23, 'Nour', 'Al-Saadi', 'student.nour.al-saadi9@student.school.edu', 'District 4, Baghdad', 'نور', 'السعدي', 'student123', 0, TIMESTAMP '2025-01-10 09:00:00', TIMESTAMP '2025-09-01 08:30:00', 'F', 'Iraqi', DATE '2008-07-12', 'Muslim', 100000000023, 3);
INSERT INTO USERS (USER_ID, FIRST_NAME, LAST_NAME, EMAIL, ADDRESS, FIRST_NAME_IN_ARABIC, LAST_NAME_IN_ARABIC, PASSWORD, ISDELETED, CREATED_AT, LAST_LOGIN, GENDER, NATIONALITY, BIRTH_DATE, RELIGION, NATIONAL_NUMBER, ROLE_ID) VALUES (24, 'Omar', 'Al-Ubaidi', 'student.omar.al-ubaidi10@student.school.edu', 'District 5, Baghdad', 'عمر', 'العبيدي', 'student123', 0, TIMESTAMP '2025-01-10 09:00:00', TIMESTAMP '2025-09-01 08:30:00', 'M', 'Iraqi', DATE '2009-07-12', 'Muslim', 100000000024, 3);
INSERT INTO USERS (USER_ID, FIRST_NAME, LAST_NAME, EMAIL, ADDRESS, FIRST_NAME_IN_ARABIC, LAST_NAME_IN_ARABIC, PASSWORD, ISDELETED, CREATED_AT, LAST_LOGIN, GENDER, NATIONALITY, BIRTH_DATE, RELIGION, NATIONAL_NUMBER, ROLE_ID) VALUES (25, 'Zahra', 'Al-Musawi', 'student.zahra.al-musawi11@student.school.edu', 'District 1, Baghdad', 'زهراء', 'الموسوي', 'student123', 0, TIMESTAMP '2025-01-10 09:00:00', TIMESTAMP '2025-09-01 08:30:00', 'F', 'Iraqi', DATE '2010-07-12', 'Muslim', 100000000025, 3);
INSERT INTO USERS (USER_ID, FIRST_NAME, LAST_NAME, EMAIL, ADDRESS, FIRST_NAME_IN_ARABIC, LAST_NAME_IN_ARABIC, PASSWORD, ISDELETED, CREATED_AT, LAST_LOGIN, GENDER, NATIONALITY, BIRTH_DATE, RELIGION, NATIONAL_NUMBER, ROLE_ID) VALUES (26, 'Youssef', 'Al-Iraqi', 'student.youssef.al-iraqi12@student.school.edu', 'District 2, Baghdad', 'يوسف', 'العراقي', 'student123', 0, TIMESTAMP '2025-01-10 09:00:00', TIMESTAMP '2025-09-01 08:30:00', 'M', 'Iraqi', DATE '2007-07-12', 'Muslim', 100000000026, 3);
INSERT INTO USERS (USER_ID, FIRST_NAME, LAST_NAME, EMAIL, ADDRESS, FIRST_NAME_IN_ARABIC, LAST_NAME_IN_ARABIC, PASSWORD, ISDELETED, CREATED_AT, LAST_LOGIN, GENDER, NATIONALITY, BIRTH_DATE, RELIGION, NATIONAL_NUMBER, ROLE_ID) VALUES (27, 'Aya', 'Al-Jubouri', 'student.aya.al-jubouri13@student.school.edu', 'District 3, Baghdad', 'آية', 'الجبوري', 'student123', 0, TIMESTAMP '2025-01-10 09:00:00', TIMESTAMP '2025-09-01 08:30:00', 'F', 'Iraqi', DATE '2008-07-12', 'Muslim', 100000000027, 3);
INSERT INTO USERS (USER_ID, FIRST_NAME, LAST_NAME, EMAIL, ADDRESS, FIRST_NAME_IN_ARABIC, LAST_NAME_IN_ARABIC, PASSWORD, ISDELETED, CREATED_AT, LAST_LOGIN, GENDER, NATIONALITY, BIRTH_DATE, RELIGION, NATIONAL_NUMBER, ROLE_ID) VALUES (28, 'Mustafa', 'Al-Khalidi', 'student.mustafa.al-khalidi14@student.school.edu', 'District 4, Baghdad', 'مصطفى', 'الخالدي', 'student123', 0, TIMESTAMP '2025-01-10 09:00:00', TIMESTAMP '2025-09-01 08:30:00', 'M', 'Iraqi', DATE '2009-07-12', 'Muslim', 100000000028, 3);
INSERT INTO USERS (USER_ID, FIRST_NAME, LAST_NAME, EMAIL, ADDRESS, FIRST_NAME_IN_ARABIC, LAST_NAME_IN_ARABIC, PASSWORD, ISDELETED, CREATED_AT, LAST_LOGIN, GENDER, NATIONALITY, BIRTH_DATE, RELIGION, NATIONAL_NUMBER, ROLE_ID) VALUES (29, 'Rawan', 'Al-Tamimi', 'student.rawan.al-tamimi15@student.school.edu', 'District 5, Baghdad', 'روان', 'التميمي', 'student123', 0, TIMESTAMP '2025-01-10 09:00:00', TIMESTAMP '2025-09-01 08:30:00', 'F', 'Iraqi', DATE '2010-07-12', 'Muslim', 100000000029, 3);
INSERT INTO USERS (USER_ID, FIRST_NAME, LAST_NAME, EMAIL, ADDRESS, FIRST_NAME_IN_ARABIC, LAST_NAME_IN_ARABIC, PASSWORD, ISDELETED, CREATED_AT, LAST_LOGIN, GENDER, NATIONALITY, BIRTH_DATE, RELIGION, NATIONAL_NUMBER, ROLE_ID) VALUES (30, 'Abdullah', 'Al-Saadi', 'student.abdullah.al-saadi16@student.school.edu', 'District 1, Baghdad', 'عبدالله', 'الساعدي', 'student123', 0, TIMESTAMP '2025-01-10 09:00:00', TIMESTAMP '2025-09-01 08:30:00', 'M', 'Iraqi', DATE '2007-07-12', 'Muslim', 100000000030, 3);
INSERT INTO USERS (USER_ID, FIRST_NAME, LAST_NAME, EMAIL, ADDRESS, FIRST_NAME_IN_ARABIC, LAST_NAME_IN_ARABIC, PASSWORD, ISDELETED, CREATED_AT, LAST_LOGIN, GENDER, NATIONALITY, BIRTH_DATE, RELIGION, NATIONAL_NUMBER, ROLE_ID) VALUES (31, 'Heba', 'Al-Husseini', 'student.heba.al-husseini17@student.school.edu', 'District 2, Baghdad', 'هبة', 'الحسيني', 'student123', 0, TIMESTAMP '2025-01-10 09:00:00', TIMESTAMP '2025-09-01 08:30:00', 'F', 'Iraqi', DATE '2008-07-12', 'Muslim', 100000000031, 3);
INSERT INTO USERS (USER_ID, FIRST_NAME, LAST_NAME, EMAIL, ADDRESS, FIRST_NAME_IN_ARABIC, LAST_NAME_IN_ARABIC, PASSWORD, ISDELETED, CREATED_AT, LAST_LOGIN, GENDER, NATIONALITY, BIRTH_DATE, RELIGION, NATIONAL_NUMBER, ROLE_ID) VALUES (32, 'Khaled', 'Al-Dulaimi', 'student.khaled.al-dulaimi18@student.school.edu', 'District 3, Baghdad', 'خالد', 'الدليمي', 'student123', 0, TIMESTAMP '2025-01-10 09:00:00', TIMESTAMP '2025-09-01 08:30:00', 'M', 'Iraqi', DATE '2009-07-12', 'Muslim', 100000000032, 3);
INSERT INTO USERS (USER_ID, FIRST_NAME, LAST_NAME, EMAIL, ADDRESS, FIRST_NAME_IN_ARABIC, LAST_NAME_IN_ARABIC, PASSWORD, ISDELETED, CREATED_AT, LAST_LOGIN, GENDER, NATIONALITY, BIRTH_DATE, RELIGION, NATIONAL_NUMBER, ROLE_ID) VALUES (33, 'Yousra', 'Al-Shammari', 'student.yousra.al-shammari19@student.school.edu', 'District 4, Baghdad', 'يسرى', 'الشمري', 'student123', 0, TIMESTAMP '2025-01-10 09:00:00', TIMESTAMP '2025-09-01 08:30:00', 'F', 'Iraqi', DATE '2010-07-12', 'Muslim', 100000000033, 3);
INSERT INTO USERS (USER_ID, FIRST_NAME, LAST_NAME, EMAIL, ADDRESS, FIRST_NAME_IN_ARABIC, LAST_NAME_IN_ARABIC, PASSWORD, ISDELETED, CREATED_AT, LAST_LOGIN, GENDER, NATIONALITY, BIRTH_DATE, RELIGION, NATIONAL_NUMBER, ROLE_ID) VALUES (34, 'Zaid', 'Al-Muhammadi', 'student.zaid.al-muhammadi20@student.school.edu', 'District 5, Baghdad', 'زيد', 'المحمداوي', 'student123', 0, TIMESTAMP '2025-01-10 09:00:00', TIMESTAMP '2025-09-01 08:30:00', 'M', 'Iraqi', DATE '2007-07-12', 'Muslim', 100000000034, 3);
INSERT INTO USERS (USER_ID, FIRST_NAME, LAST_NAME, EMAIL, ADDRESS, FIRST_NAME_IN_ARABIC, LAST_NAME_IN_ARABIC, PASSWORD, ISDELETED, CREATED_AT, LAST_LOGIN, GENDER, NATIONALITY, BIRTH_DATE, RELIGION, NATIONAL_NUMBER, ROLE_ID) VALUES (35, 'Shahd', 'Al-Saadi', 'student.shahd.al-saadi21@student.school.edu', 'District 1, Baghdad', 'شهد', 'السعدي', 'student123', 0, TIMESTAMP '2025-01-10 09:00:00', TIMESTAMP '2025-09-01 08:30:00', 'F', 'Iraqi', DATE '2008-07-12', 'Muslim', 100000000035, 3);
INSERT INTO USERS (USER_ID, FIRST_NAME, LAST_NAME, EMAIL, ADDRESS, FIRST_NAME_IN_ARABIC, LAST_NAME_IN_ARABIC, PASSWORD, ISDELETED, CREATED_AT, LAST_LOGIN, GENDER, NATIONALITY, BIRTH_DATE, RELIGION, NATIONAL_NUMBER, ROLE_ID) VALUES (36, 'Amir', 'Al-Ubaidi', 'student.amir.al-ubaidi22@student.school.edu', 'District 2, Baghdad', 'أمير', 'العبيدي', 'student123', 0, TIMESTAMP '2025-01-10 09:00:00', TIMESTAMP '2025-09-01 08:30:00', 'M', 'Iraqi', DATE '2009-07-12', 'Muslim', 100000000036, 3);
INSERT INTO USERS (USER_ID, FIRST_NAME, LAST_NAME, EMAIL, ADDRESS, FIRST_NAME_IN_ARABIC, LAST_NAME_IN_ARABIC, PASSWORD, ISDELETED, CREATED_AT, LAST_LOGIN, GENDER, NATIONALITY, BIRTH_DATE, RELIGION, NATIONAL_NUMBER, ROLE_ID) VALUES (37, 'Mona', 'Al-Musawi', 'student.mona.al-musawi23@student.school.edu', 'District 3, Baghdad', 'منى', 'الموسوي', 'student123', 0, TIMESTAMP '2025-01-10 09:00:00', TIMESTAMP '2025-09-01 08:30:00', 'F', 'Iraqi', DATE '2010-07-12', 'Muslim', 100000000037, 3);
INSERT INTO USERS (USER_ID, FIRST_NAME, LAST_NAME, EMAIL, ADDRESS, FIRST_NAME_IN_ARABIC, LAST_NAME_IN_ARABIC, PASSWORD, ISDELETED, CREATED_AT, LAST_LOGIN, GENDER, NATIONALITY, BIRTH_DATE, RELIGION, NATIONAL_NUMBER, ROLE_ID) VALUES (38, 'Saif', 'Al-Iraqi', 'student.saif.al-iraqi24@student.school.edu', 'District 4, Baghdad', 'سيف', 'العراقي', 'student123', 0, TIMESTAMP '2025-01-10 09:00:00', TIMESTAMP '2025-09-01 08:30:00', 'M', 'Iraqi', DATE '2007-07-12', 'Muslim', 100000000038, 3);
INSERT INTO USERS (USER_ID, FIRST_NAME, LAST_NAME, EMAIL, ADDRESS, FIRST_NAME_IN_ARABIC, LAST_NAME_IN_ARABIC, PASSWORD, ISDELETED, CREATED_AT, LAST_LOGIN, GENDER, NATIONALITY, BIRTH_DATE, RELIGION, NATIONAL_NUMBER, ROLE_ID) VALUES (39, 'Dina', 'Al-Jubouri', 'student.dina.al-jubouri25@student.school.edu', 'District 5, Baghdad', 'دينا', 'الجبوري', 'student123', 0, TIMESTAMP '2025-01-10 09:00:00', TIMESTAMP '2025-09-01 08:30:00', 'F', 'Iraqi', DATE '2008-07-12', 'Muslim', 100000000039, 3);
INSERT INTO USERS (USER_ID, FIRST_NAME, LAST_NAME, EMAIL, ADDRESS, FIRST_NAME_IN_ARABIC, LAST_NAME_IN_ARABIC, PASSWORD, ISDELETED, CREATED_AT, LAST_LOGIN, GENDER, NATIONALITY, BIRTH_DATE, RELIGION, NATIONAL_NUMBER, ROLE_ID) VALUES (40, 'Jaafar', 'Al-Khalidi', 'student.jaafar.al-khalidi26@student.school.edu', 'District 1, Baghdad', 'جعفر', 'الخالدي', 'student123', 0, TIMESTAMP '2025-01-10 09:00:00', TIMESTAMP '2025-09-01 08:30:00', 'M', 'Iraqi', DATE '2009-07-12', 'Muslim', 100000000040, 3);
INSERT INTO USERS (USER_ID, FIRST_NAME, LAST_NAME, EMAIL, ADDRESS, FIRST_NAME_IN_ARABIC, LAST_NAME_IN_ARABIC, PASSWORD, ISDELETED, CREATED_AT, LAST_LOGIN, GENDER, NATIONALITY, BIRTH_DATE, RELIGION, NATIONAL_NUMBER, ROLE_ID) VALUES (41, 'Layla', 'Al-Tamimi', 'student.layla.al-tamimi27@student.school.edu', 'District 2, Baghdad', 'ليلى', 'التميمي', 'student123', 0, TIMESTAMP '2025-01-10 09:00:00', TIMESTAMP '2025-09-01 08:30:00', 'F', 'Iraqi', DATE '2010-07-12', 'Muslim', 100000000041, 3);
INSERT INTO USERS (USER_ID, FIRST_NAME, LAST_NAME, EMAIL, ADDRESS, FIRST_NAME_IN_ARABIC, LAST_NAME_IN_ARABIC, PASSWORD, ISDELETED, CREATED_AT, LAST_LOGIN, GENDER, NATIONALITY, BIRTH_DATE, RELIGION, NATIONAL_NUMBER, ROLE_ID) VALUES (42, 'Fahd', 'Al-Saadi', 'student.fahd.al-saadi28@student.school.edu', 'District 3, Baghdad', 'فهد', 'الساعدي', 'student123', 0, TIMESTAMP '2025-01-10 09:00:00', TIMESTAMP '2025-09-01 08:30:00', 'M', 'Iraqi', DATE '2007-07-12', 'Muslim', 100000000042, 3);
INSERT INTO USERS (USER_ID, FIRST_NAME, LAST_NAME, EMAIL, ADDRESS, FIRST_NAME_IN_ARABIC, LAST_NAME_IN_ARABIC, PASSWORD, ISDELETED, CREATED_AT, LAST_LOGIN, GENDER, NATIONALITY, BIRTH_DATE, RELIGION, NATIONAL_NUMBER, ROLE_ID) VALUES (43, 'Rita', 'Al-Husseini', 'student.rita.al-husseini29@student.school.edu', 'District 4, Baghdad', 'ريتا', 'الحسيني', 'student123', 0, TIMESTAMP '2025-01-10 09:00:00', TIMESTAMP '2025-09-01 08:30:00', 'F', 'Iraqi', DATE '2008-07-12', 'Muslim', 100000000043, 3);
INSERT INTO USERS (USER_ID, FIRST_NAME, LAST_NAME, EMAIL, ADDRESS, FIRST_NAME_IN_ARABIC, LAST_NAME_IN_ARABIC, PASSWORD, ISDELETED, CREATED_AT, LAST_LOGIN, GENDER, NATIONALITY, BIRTH_DATE, RELIGION, NATIONAL_NUMBER, ROLE_ID) VALUES (44, 'Ahmed', 'Al-Dulaimi', 'student.ahmed.al-dulaimi30@student.school.edu', 'District 5, Baghdad', 'أحمد', 'الدليمي', 'student123', 0, TIMESTAMP '2025-01-10 09:00:00', TIMESTAMP '2025-09-01 08:30:00', 'M', 'Iraqi', DATE '2009-07-12', 'Muslim', 100000000044, 3);
INSERT INTO USERS (USER_ID, FIRST_NAME, LAST_NAME, EMAIL, ADDRESS, FIRST_NAME_IN_ARABIC, LAST_NAME_IN_ARABIC, PASSWORD, ISDELETED, CREATED_AT, LAST_LOGIN, GENDER, NATIONALITY, BIRTH_DATE, RELIGION, NATIONAL_NUMBER, ROLE_ID) VALUES (45, 'Fatima', 'Al-Shammari', 'student.fatima.al-shammari31@student.school.edu', 'District 1, Baghdad', 'فاطمة', 'الشمري', 'student123', 0, TIMESTAMP '2025-01-10 09:00:00', TIMESTAMP '2025-09-01 08:30:00', 'F', 'Iraqi', DATE '2010-07-12', 'Muslim', 100000000045, 3);
INSERT INTO USERS (USER_ID, FIRST_NAME, LAST_NAME, EMAIL, ADDRESS, FIRST_NAME_IN_ARABIC, LAST_NAME_IN_ARABIC, PASSWORD, ISDELETED, CREATED_AT, LAST_LOGIN, GENDER, NATIONALITY, BIRTH_DATE, RELIGION, NATIONAL_NUMBER, ROLE_ID) VALUES (46, 'Mohamed', 'Al-Muhammadi', 'student.mohamed.al-muhammadi32@student.school.edu', 'District 2, Baghdad', 'محمد', 'المحمداوي', 'student123', 0, TIMESTAMP '2025-01-10 09:00:00', TIMESTAMP '2025-09-01 08:30:00', 'M', 'Iraqi', DATE '2007-07-12', 'Muslim', 100000000046, 3);
INSERT INTO USERS (USER_ID, FIRST_NAME, LAST_NAME, EMAIL, ADDRESS, FIRST_NAME_IN_ARABIC, LAST_NAME_IN_ARABIC, PASSWORD, ISDELETED, CREATED_AT, LAST_LOGIN, GENDER, NATIONALITY, BIRTH_DATE, RELIGION, NATIONAL_NUMBER, ROLE_ID) VALUES (47, 'Zainab', 'Al-Saadi', 'student.zainab.al-saadi33@student.school.edu', 'District 3, Baghdad', 'زينب', 'السعدي', 'student123', 0, TIMESTAMP '2025-01-10 09:00:00', TIMESTAMP '2025-09-01 08:30:00', 'F', 'Iraqi', DATE '2008-07-12', 'Muslim', 100000000047, 3);
INSERT INTO USERS (USER_ID, FIRST_NAME, LAST_NAME, EMAIL, ADDRESS, FIRST_NAME_IN_ARABIC, LAST_NAME_IN_ARABIC, PASSWORD, ISDELETED, CREATED_AT, LAST_LOGIN, GENDER, NATIONALITY, BIRTH_DATE, RELIGION, NATIONAL_NUMBER, ROLE_ID) VALUES (48, 'Ali', 'Al-Ubaidi', 'student.ali.al-ubaidi34@student.school.edu', 'District 4, Baghdad', 'علي', 'العبيدي', 'student123', 0, TIMESTAMP '2025-01-10 09:00:00', TIMESTAMP '2025-09-01 08:30:00', 'M', 'Iraqi', DATE '2009-07-12', 'Muslim', 100000000048, 3);
INSERT INTO USERS (USER_ID, FIRST_NAME, LAST_NAME, EMAIL, ADDRESS, FIRST_NAME_IN_ARABIC, LAST_NAME_IN_ARABIC, PASSWORD, ISDELETED, CREATED_AT, LAST_LOGIN, GENDER, NATIONALITY, BIRTH_DATE, RELIGION, NATIONAL_NUMBER, ROLE_ID) VALUES (49, 'Sarah', 'Al-Musawi', 'student.sarah.al-musawi35@student.school.edu', 'District 5, Baghdad', 'سارة', 'الموسوي', 'student123', 0, TIMESTAMP '2025-01-10 09:00:00', TIMESTAMP '2025-09-01 08:30:00', 'F', 'Iraqi', DATE '2010-07-12', 'Muslim', 100000000049, 3);
INSERT INTO USERS (USER_ID, FIRST_NAME, LAST_NAME, EMAIL, ADDRESS, FIRST_NAME_IN_ARABIC, LAST_NAME_IN_ARABIC, PASSWORD, ISDELETED, CREATED_AT, LAST_LOGIN, GENDER, NATIONALITY, BIRTH_DATE, RELIGION, NATIONAL_NUMBER, ROLE_ID) VALUES (50, 'Hassan', 'Al-Iraqi', 'student.hassan.al-iraqi36@student.school.edu', 'District 1, Baghdad', 'حسن', 'العراقي', 'student123', 0, TIMESTAMP '2025-01-10 09:00:00', TIMESTAMP '2025-09-01 08:30:00', 'M', 'Iraqi', DATE '2007-07-12', 'Muslim', 100000000050, 3);
INSERT INTO USERS (USER_ID, FIRST_NAME, LAST_NAME, EMAIL, ADDRESS, FIRST_NAME_IN_ARABIC, LAST_NAME_IN_ARABIC, PASSWORD, ISDELETED, CREATED_AT, LAST_LOGIN, GENDER, NATIONALITY, BIRTH_DATE, RELIGION, NATIONAL_NUMBER, ROLE_ID) VALUES (51, 'Maryam', 'Al-Jubouri', 'student.maryam.al-jubouri37@student.school.edu', 'District 2, Baghdad', 'مريم', 'الجبوري', 'student123', 0, TIMESTAMP '2025-01-10 09:00:00', TIMESTAMP '2025-09-01 08:30:00', 'F', 'Iraqi', DATE '2008-07-12', 'Muslim', 100000000051, 3);
INSERT INTO USERS (USER_ID, FIRST_NAME, LAST_NAME, EMAIL, ADDRESS, FIRST_NAME_IN_ARABIC, LAST_NAME_IN_ARABIC, PASSWORD, ISDELETED, CREATED_AT, LAST_LOGIN, GENDER, NATIONALITY, BIRTH_DATE, RELIGION, NATIONAL_NUMBER, ROLE_ID) VALUES (52, 'Hussein', 'Al-Khalidi', 'student.hussein.al-khalidi38@student.school.edu', 'District 3, Baghdad', 'حسين', 'الخالدي', 'student123', 0, TIMESTAMP '2025-01-10 09:00:00', TIMESTAMP '2025-09-01 08:30:00', 'M', 'Iraqi', DATE '2009-07-12', 'Muslim', 100000000052, 3);
INSERT INTO USERS (USER_ID, FIRST_NAME, LAST_NAME, EMAIL, ADDRESS, FIRST_NAME_IN_ARABIC, LAST_NAME_IN_ARABIC, PASSWORD, ISDELETED, CREATED_AT, LAST_LOGIN, GENDER, NATIONALITY, BIRTH_DATE, RELIGION, NATIONAL_NUMBER, ROLE_ID) VALUES (53, 'Nour', 'Al-Tamimi', 'student.nour.al-tamimi39@student.school.edu', 'District 4, Baghdad', 'نور', 'التميمي', 'student123', 0, TIMESTAMP '2025-01-10 09:00:00', TIMESTAMP '2025-09-01 08:30:00', 'F', 'Iraqi', DATE '2010-07-12', 'Muslim', 100000000053, 3);
INSERT INTO USERS (USER_ID, FIRST_NAME, LAST_NAME, EMAIL, ADDRESS, FIRST_NAME_IN_ARABIC, LAST_NAME_IN_ARABIC, PASSWORD, ISDELETED, CREATED_AT, LAST_LOGIN, GENDER, NATIONALITY, BIRTH_DATE, RELIGION, NATIONAL_NUMBER, ROLE_ID) VALUES (54, 'Omar', 'Al-Saadi', 'student.omar.al-saadi40@student.school.edu', 'District 5, Baghdad', 'عمر', 'الساعدي', 'student123', 0, TIMESTAMP '2025-01-10 09:00:00', TIMESTAMP '2025-09-01 08:30:00', 'M', 'Iraqi', DATE '2007-07-12', 'Muslim', 100000000054, 3);
INSERT INTO USERS (USER_ID, FIRST_NAME, LAST_NAME, EMAIL, ADDRESS, FIRST_NAME_IN_ARABIC, LAST_NAME_IN_ARABIC, PASSWORD, ISDELETED, CREATED_AT, LAST_LOGIN, GENDER, NATIONALITY, BIRTH_DATE, RELIGION, NATIONAL_NUMBER, ROLE_ID) VALUES (55, 'Zahra', 'Al-Husseini', 'student.zahra.al-husseini41@student.school.edu', 'District 1, Baghdad', 'زهراء', 'الحسيني', 'student123', 0, TIMESTAMP '2025-01-10 09:00:00', TIMESTAMP '2025-09-01 08:30:00', 'F', 'Iraqi', DATE '2008-07-12', 'Muslim', 100000000055, 3);
INSERT INTO USERS (USER_ID, FIRST_NAME, LAST_NAME, EMAIL, ADDRESS, FIRST_NAME_IN_ARABIC, LAST_NAME_IN_ARABIC, PASSWORD, ISDELETED, CREATED_AT, LAST_LOGIN, GENDER, NATIONALITY, BIRTH_DATE, RELIGION, NATIONAL_NUMBER, ROLE_ID) VALUES (56, 'Youssef', 'Al-Dulaimi', 'student.youssef.al-dulaimi42@student.school.edu', 'District 2, Baghdad', 'يوسف', 'الدليمي', 'student123', 0, TIMESTAMP '2025-01-10 09:00:00', TIMESTAMP '2025-09-01 08:30:00', 'M', 'Iraqi', DATE '2009-07-12', 'Muslim', 100000000056, 3);
INSERT INTO USERS (USER_ID, FIRST_NAME, LAST_NAME, EMAIL, ADDRESS, FIRST_NAME_IN_ARABIC, LAST_NAME_IN_ARABIC, PASSWORD, ISDELETED, CREATED_AT, LAST_LOGIN, GENDER, NATIONALITY, BIRTH_DATE, RELIGION, NATIONAL_NUMBER, ROLE_ID) VALUES (57, 'Aya', 'Al-Shammari', 'student.aya.al-shammari43@student.school.edu', 'District 3, Baghdad', 'آية', 'الشمري', 'student123', 0, TIMESTAMP '2025-01-10 09:00:00', TIMESTAMP '2025-09-01 08:30:00', 'F', 'Iraqi', DATE '2010-07-12', 'Muslim', 100000000057, 3);
INSERT INTO USERS (USER_ID, FIRST_NAME, LAST_NAME, EMAIL, ADDRESS, FIRST_NAME_IN_ARABIC, LAST_NAME_IN_ARABIC, PASSWORD, ISDELETED, CREATED_AT, LAST_LOGIN, GENDER, NATIONALITY, BIRTH_DATE, RELIGION, NATIONAL_NUMBER, ROLE_ID) VALUES (58, 'Mustafa', 'Al-Muhammadi', 'student.mustafa.al-muhammadi44@student.school.edu', 'District 4, Baghdad', 'مصطفى', 'المحمداوي', 'student123', 0, TIMESTAMP '2025-01-10 09:00:00', TIMESTAMP '2025-09-01 08:30:00', 'M', 'Iraqi', DATE '2007-07-12', 'Muslim', 100000000058, 3);
INSERT INTO USERS (USER_ID, FIRST_NAME, LAST_NAME, EMAIL, ADDRESS, FIRST_NAME_IN_ARABIC, LAST_NAME_IN_ARABIC, PASSWORD, ISDELETED, CREATED_AT, LAST_LOGIN, GENDER, NATIONALITY, BIRTH_DATE, RELIGION, NATIONAL_NUMBER, ROLE_ID) VALUES (59, 'Rawan', 'Al-Saadi', 'student.rawan.al-saadi45@student.school.edu', 'District 5, Baghdad', 'روان', 'السعدي', 'student123', 0, TIMESTAMP '2025-01-10 09:00:00', TIMESTAMP '2025-09-01 08:30:00', 'F', 'Iraqi', DATE '2008-07-12', 'Muslim', 100000000059, 3);
INSERT INTO USERS (USER_ID, FIRST_NAME, LAST_NAME, EMAIL, ADDRESS, FIRST_NAME_IN_ARABIC, LAST_NAME_IN_ARABIC, PASSWORD, ISDELETED, CREATED_AT, LAST_LOGIN, GENDER, NATIONALITY, BIRTH_DATE, RELIGION, NATIONAL_NUMBER, ROLE_ID) VALUES (60, 'Abdullah', 'Al-Ubaidi', 'student.abdullah.al-ubaidi46@student.school.edu', 'District 1, Baghdad', 'عبدالله', 'العبيدي', 'student123', 0, TIMESTAMP '2025-01-10 09:00:00', TIMESTAMP '2025-09-01 08:30:00', 'M', 'Iraqi', DATE '2009-07-12', 'Muslim', 100000000060, 3);
INSERT INTO USERS (USER_ID, FIRST_NAME, LAST_NAME, EMAIL, ADDRESS, FIRST_NAME_IN_ARABIC, LAST_NAME_IN_ARABIC, PASSWORD, ISDELETED, CREATED_AT, LAST_LOGIN, GENDER, NATIONALITY, BIRTH_DATE, RELIGION, NATIONAL_NUMBER, ROLE_ID) VALUES (61, 'Heba', 'Al-Musawi', 'student.heba.al-musawi47@student.school.edu', 'District 2, Baghdad', 'هبة', 'الموسوي', 'student123', 0, TIMESTAMP '2025-01-10 09:00:00', TIMESTAMP '2025-09-01 08:30:00', 'F', 'Iraqi', DATE '2010-07-12', 'Muslim', 100000000061, 3);
INSERT INTO USERS (USER_ID, FIRST_NAME, LAST_NAME, EMAIL, ADDRESS, FIRST_NAME_IN_ARABIC, LAST_NAME_IN_ARABIC, PASSWORD, ISDELETED, CREATED_AT, LAST_LOGIN, GENDER, NATIONALITY, BIRTH_DATE, RELIGION, NATIONAL_NUMBER, ROLE_ID) VALUES (62, 'Khaled', 'Al-Iraqi', 'student.khaled.al-iraqi48@student.school.edu', 'District 3, Baghdad', 'خالد', 'العراقي', 'student123', 0, TIMESTAMP '2025-01-10 09:00:00', TIMESTAMP '2025-09-01 08:30:00', 'M', 'Iraqi', DATE '2007-07-12', 'Muslim', 100000000062, 3);
INSERT INTO USERS (USER_ID, FIRST_NAME, LAST_NAME, EMAIL, ADDRESS, FIRST_NAME_IN_ARABIC, LAST_NAME_IN_ARABIC, PASSWORD, ISDELETED, CREATED_AT, LAST_LOGIN, GENDER, NATIONALITY, BIRTH_DATE, RELIGION, NATIONAL_NUMBER, ROLE_ID) VALUES (63, 'Yousra', 'Al-Jubouri', 'student.yousra.al-jubouri49@student.school.edu', 'District 4, Baghdad', 'يسرى', 'الجبوري', 'student123', 0, TIMESTAMP '2025-01-10 09:00:00', TIMESTAMP '2025-09-01 08:30:00', 'F', 'Iraqi', DATE '2008-07-12', 'Muslim', 100000000063, 3);
INSERT INTO USERS (USER_ID, FIRST_NAME, LAST_NAME, EMAIL, ADDRESS, FIRST_NAME_IN_ARABIC, LAST_NAME_IN_ARABIC, PASSWORD, ISDELETED, CREATED_AT, LAST_LOGIN, GENDER, NATIONALITY, BIRTH_DATE, RELIGION, NATIONAL_NUMBER, ROLE_ID) VALUES (64, 'Zaid', 'Al-Khalidi', 'student.zaid.al-khalidi50@student.school.edu', 'District 5, Baghdad', 'زيد', 'الخالدي', 'student123', 0, TIMESTAMP '2025-01-10 09:00:00', TIMESTAMP '2025-09-01 08:30:00', 'M', 'Iraqi', DATE '2009-07-12', 'Muslim', 100000000064, 3);
INSERT INTO USERS (USER_ID, FIRST_NAME, LAST_NAME, EMAIL, ADDRESS, FIRST_NAME_IN_ARABIC, LAST_NAME_IN_ARABIC, PASSWORD, ISDELETED, CREATED_AT, LAST_LOGIN, GENDER, NATIONALITY, BIRTH_DATE, RELIGION, NATIONAL_NUMBER, ROLE_ID) VALUES (65, 'Shahd', 'Al-Tamimi', 'student.shahd.al-tamimi51@student.school.edu', 'District 1, Baghdad', 'شهد', 'التميمي', 'student123', 0, TIMESTAMP '2025-01-10 09:00:00', TIMESTAMP '2025-09-01 08:30:00', 'F', 'Iraqi', DATE '2010-07-12', 'Muslim', 100000000065, 3);
INSERT INTO USERS (USER_ID, FIRST_NAME, LAST_NAME, EMAIL, ADDRESS, FIRST_NAME_IN_ARABIC, LAST_NAME_IN_ARABIC, PASSWORD, ISDELETED, CREATED_AT, LAST_LOGIN, GENDER, NATIONALITY, BIRTH_DATE, RELIGION, NATIONAL_NUMBER, ROLE_ID) VALUES (66, 'Amir', 'Al-Saadi', 'student.amir.al-saadi52@student.school.edu', 'District 2, Baghdad', 'أمير', 'الساعدي', 'student123', 0, TIMESTAMP '2025-01-10 09:00:00', TIMESTAMP '2025-09-01 08:30:00', 'M', 'Iraqi', DATE '2007-07-12', 'Muslim', 100000000066, 3);
INSERT INTO USERS (USER_ID, FIRST_NAME, LAST_NAME, EMAIL, ADDRESS, FIRST_NAME_IN_ARABIC, LAST_NAME_IN_ARABIC, PASSWORD, ISDELETED, CREATED_AT, LAST_LOGIN, GENDER, NATIONALITY, BIRTH_DATE, RELIGION, NATIONAL_NUMBER, ROLE_ID) VALUES (67, 'Mona', 'Al-Husseini', 'student.mona.al-husseini53@student.school.edu', 'District 3, Baghdad', 'منى', 'الحسيني', 'student123', 0, TIMESTAMP '2025-01-10 09:00:00', TIMESTAMP '2025-09-01 08:30:00', 'F', 'Iraqi', DATE '2008-07-12', 'Muslim', 100000000067, 3);
INSERT INTO USERS (USER_ID, FIRST_NAME, LAST_NAME, EMAIL, ADDRESS, FIRST_NAME_IN_ARABIC, LAST_NAME_IN_ARABIC, PASSWORD, ISDELETED, CREATED_AT, LAST_LOGIN, GENDER, NATIONALITY, BIRTH_DATE, RELIGION, NATIONAL_NUMBER, ROLE_ID) VALUES (68, 'Saif', 'Al-Dulaimi', 'student.saif.al-dulaimi54@student.school.edu', 'District 4, Baghdad', 'سيف', 'الدليمي', 'student123', 0, TIMESTAMP '2025-01-10 09:00:00', TIMESTAMP '2025-09-01 08:30:00', 'M', 'Iraqi', DATE '2009-07-12', 'Muslim', 100000000068, 3);
INSERT INTO USERS (USER_ID, FIRST_NAME, LAST_NAME, EMAIL, ADDRESS, FIRST_NAME_IN_ARABIC, LAST_NAME_IN_ARABIC, PASSWORD, ISDELETED, CREATED_AT, LAST_LOGIN, GENDER, NATIONALITY, BIRTH_DATE, RELIGION, NATIONAL_NUMBER, ROLE_ID) VALUES (69, 'Dina', 'Al-Shammari', 'student.dina.al-shammari55@student.school.edu', 'District 5, Baghdad', 'دينا', 'الشمري', 'student123', 0, TIMESTAMP '2025-01-10 09:00:00', TIMESTAMP '2025-09-01 08:30:00', 'F', 'Iraqi', DATE '2010-07-12', 'Muslim', 100000000069, 3);
INSERT INTO USERS (USER_ID, FIRST_NAME, LAST_NAME, EMAIL, ADDRESS, FIRST_NAME_IN_ARABIC, LAST_NAME_IN_ARABIC, PASSWORD, ISDELETED, CREATED_AT, LAST_LOGIN, GENDER, NATIONALITY, BIRTH_DATE, RELIGION, NATIONAL_NUMBER, ROLE_ID) VALUES (70, 'Jaafar', 'Al-Muhammadi', 'student.jaafar.al-muhammadi56@student.school.edu', 'District 1, Baghdad', 'جعفر', 'المحمداوي', 'student123', 0, TIMESTAMP '2025-01-10 09:00:00', TIMESTAMP '2025-09-01 08:30:00', 'M', 'Iraqi', DATE '2007-07-12', 'Muslim', 100000000070, 3);
INSERT INTO USERS (USER_ID, FIRST_NAME, LAST_NAME, EMAIL, ADDRESS, FIRST_NAME_IN_ARABIC, LAST_NAME_IN_ARABIC, PASSWORD, ISDELETED, CREATED_AT, LAST_LOGIN, GENDER, NATIONALITY, BIRTH_DATE, RELIGION, NATIONAL_NUMBER, ROLE_ID) VALUES (71, 'Layla', 'Al-Saadi', 'student.layla.al-saadi57@student.school.edu', 'District 2, Baghdad', 'ليلى', 'السعدي', 'student123', 0, TIMESTAMP '2025-01-10 09:00:00', TIMESTAMP '2025-09-01 08:30:00', 'F', 'Iraqi', DATE '2008-07-12', 'Muslim', 100000000071, 3);
INSERT INTO USERS (USER_ID, FIRST_NAME, LAST_NAME, EMAIL, ADDRESS, FIRST_NAME_IN_ARABIC, LAST_NAME_IN_ARABIC, PASSWORD, ISDELETED, CREATED_AT, LAST_LOGIN, GENDER, NATIONALITY, BIRTH_DATE, RELIGION, NATIONAL_NUMBER, ROLE_ID) VALUES (72, 'Fahd', 'Al-Ubaidi', 'student.fahd.al-ubaidi58@student.school.edu', 'District 3, Baghdad', 'فهد', 'العبيدي', 'student123', 0, TIMESTAMP '2025-01-10 09:00:00', TIMESTAMP '2025-09-01 08:30:00', 'M', 'Iraqi', DATE '2009-07-12', 'Muslim', 100000000072, 3);
INSERT INTO USERS (USER_ID, FIRST_NAME, LAST_NAME, EMAIL, ADDRESS, FIRST_NAME_IN_ARABIC, LAST_NAME_IN_ARABIC, PASSWORD, ISDELETED, CREATED_AT, LAST_LOGIN, GENDER, NATIONALITY, BIRTH_DATE, RELIGION, NATIONAL_NUMBER, ROLE_ID) VALUES (73, 'Rita', 'Al-Musawi', 'student.rita.al-musawi59@student.school.edu', 'District 4, Baghdad', 'ريتا', 'الموسوي', 'student123', 0, TIMESTAMP '2025-01-10 09:00:00', TIMESTAMP '2025-09-01 08:30:00', 'F', 'Iraqi', DATE '2010-07-12', 'Muslim', 100000000073, 3);
INSERT INTO USERS (USER_ID, FIRST_NAME, LAST_NAME, EMAIL, ADDRESS, FIRST_NAME_IN_ARABIC, LAST_NAME_IN_ARABIC, PASSWORD, ISDELETED, CREATED_AT, LAST_LOGIN, GENDER, NATIONALITY, BIRTH_DATE, RELIGION, NATIONAL_NUMBER, ROLE_ID) VALUES (74, 'Ahmed', 'Al-Iraqi', 'student.ahmed.al-iraqi60@student.school.edu', 'District 5, Baghdad', 'أحمد', 'العراقي', 'student123', 0, TIMESTAMP '2025-01-10 09:00:00', TIMESTAMP '2025-09-01 08:30:00', 'M', 'Iraqi', DATE '2007-07-12', 'Muslim', 100000000074, 3);
INSERT INTO USERS (USER_ID, FIRST_NAME, LAST_NAME, EMAIL, ADDRESS, FIRST_NAME_IN_ARABIC, LAST_NAME_IN_ARABIC, PASSWORD, ISDELETED, CREATED_AT, LAST_LOGIN, GENDER, NATIONALITY, BIRTH_DATE, RELIGION, NATIONAL_NUMBER, ROLE_ID) VALUES (75, 'Fatima', 'Al-Jubouri', 'student.fatima.al-jubouri61@student.school.edu', 'District 1, Baghdad', 'فاطمة', 'الجبوري', 'student123', 0, TIMESTAMP '2025-01-10 09:00:00', TIMESTAMP '2025-09-01 08:30:00', 'F', 'Iraqi', DATE '2008-07-12', 'Muslim', 100000000075, 3);
INSERT INTO USERS (USER_ID, FIRST_NAME, LAST_NAME, EMAIL, ADDRESS, FIRST_NAME_IN_ARABIC, LAST_NAME_IN_ARABIC, PASSWORD, ISDELETED, CREATED_AT, LAST_LOGIN, GENDER, NATIONALITY, BIRTH_DATE, RELIGION, NATIONAL_NUMBER, ROLE_ID) VALUES (76, 'Mohamed', 'Al-Khalidi', 'student.mohamed.al-khalidi62@student.school.edu', 'District 2, Baghdad', 'محمد', 'الخالدي', 'student123', 0, TIMESTAMP '2025-01-10 09:00:00', TIMESTAMP '2025-09-01 08:30:00', 'M', 'Iraqi', DATE '2009-07-12', 'Muslim', 100000000076, 3);
INSERT INTO USERS (USER_ID, FIRST_NAME, LAST_NAME, EMAIL, ADDRESS, FIRST_NAME_IN_ARABIC, LAST_NAME_IN_ARABIC, PASSWORD, ISDELETED, CREATED_AT, LAST_LOGIN, GENDER, NATIONALITY, BIRTH_DATE, RELIGION, NATIONAL_NUMBER, ROLE_ID) VALUES (77, 'Zainab', 'Al-Tamimi', 'student.zainab.al-tamimi63@student.school.edu', 'District 3, Baghdad', 'زينب', 'التميمي', 'student123', 0, TIMESTAMP '2025-01-10 09:00:00', TIMESTAMP '2025-09-01 08:30:00', 'F', 'Iraqi', DATE '2010-07-12', 'Muslim', 100000000077, 3);
INSERT INTO USERS (USER_ID, FIRST_NAME, LAST_NAME, EMAIL, ADDRESS, FIRST_NAME_IN_ARABIC, LAST_NAME_IN_ARABIC, PASSWORD, ISDELETED, CREATED_AT, LAST_LOGIN, GENDER, NATIONALITY, BIRTH_DATE, RELIGION, NATIONAL_NUMBER, ROLE_ID) VALUES (78, 'Ali', 'Al-Saadi', 'student.ali.al-saadi64@student.school.edu', 'District 4, Baghdad', 'علي', 'الساعدي', 'student123', 0, TIMESTAMP '2025-01-10 09:00:00', TIMESTAMP '2025-09-01 08:30:00', 'M', 'Iraqi', DATE '2007-07-12', 'Muslim', 100000000078, 3);
INSERT INTO USERS (USER_ID, FIRST_NAME, LAST_NAME, EMAIL, ADDRESS, FIRST_NAME_IN_ARABIC, LAST_NAME_IN_ARABIC, PASSWORD, ISDELETED, CREATED_AT, LAST_LOGIN, GENDER, NATIONALITY, BIRTH_DATE, RELIGION, NATIONAL_NUMBER, ROLE_ID) VALUES (79, 'Sarah', 'Al-Husseini', 'student.sarah.al-husseini65@student.school.edu', 'District 5, Baghdad', 'سارة', 'الحسيني', 'student123', 0, TIMESTAMP '2025-01-10 09:00:00', TIMESTAMP '2025-09-01 08:30:00', 'F', 'Iraqi', DATE '2008-07-12', 'Muslim', 100000000079, 3);
INSERT INTO USERS (USER_ID, FIRST_NAME, LAST_NAME, EMAIL, ADDRESS, FIRST_NAME_IN_ARABIC, LAST_NAME_IN_ARABIC, PASSWORD, ISDELETED, CREATED_AT, LAST_LOGIN, GENDER, NATIONALITY, BIRTH_DATE, RELIGION, NATIONAL_NUMBER, ROLE_ID) VALUES (80, 'Hassan', 'Al-Dulaimi', 'student.hassan.al-dulaimi66@student.school.edu', 'District 1, Baghdad', 'حسن', 'الدليمي', 'student123', 0, TIMESTAMP '2025-01-10 09:00:00', TIMESTAMP '2025-09-01 08:30:00', 'M', 'Iraqi', DATE '2009-07-12', 'Muslim', 100000000080, 3);
INSERT INTO USERS (USER_ID, FIRST_NAME, LAST_NAME, EMAIL, ADDRESS, FIRST_NAME_IN_ARABIC, LAST_NAME_IN_ARABIC, PASSWORD, ISDELETED, CREATED_AT, LAST_LOGIN, GENDER, NATIONALITY, BIRTH_DATE, RELIGION, NATIONAL_NUMBER, ROLE_ID) VALUES (81, 'Maryam', 'Al-Shammari', 'student.maryam.al-shammari67@student.school.edu', 'District 2, Baghdad', 'مريم', 'الشمري', 'student123', 0, TIMESTAMP '2025-01-10 09:00:00', TIMESTAMP '2025-09-01 08:30:00', 'F', 'Iraqi', DATE '2010-07-12', 'Muslim', 100000000081, 3);
INSERT INTO USERS (USER_ID, FIRST_NAME, LAST_NAME, EMAIL, ADDRESS, FIRST_NAME_IN_ARABIC, LAST_NAME_IN_ARABIC, PASSWORD, ISDELETED, CREATED_AT, LAST_LOGIN, GENDER, NATIONALITY, BIRTH_DATE, RELIGION, NATIONAL_NUMBER, ROLE_ID) VALUES (82, 'Hussein', 'Al-Muhammadi', 'student.hussein.al-muhammadi68@student.school.edu', 'District 3, Baghdad', 'حسين', 'المحمداوي', 'student123', 0, TIMESTAMP '2025-01-10 09:00:00', TIMESTAMP '2025-09-01 08:30:00', 'M', 'Iraqi', DATE '2007-07-12', 'Muslim', 100000000082, 3);
INSERT INTO USERS (USER_ID, FIRST_NAME, LAST_NAME, EMAIL, ADDRESS, FIRST_NAME_IN_ARABIC, LAST_NAME_IN_ARABIC, PASSWORD, ISDELETED, CREATED_AT, LAST_LOGIN, GENDER, NATIONALITY, BIRTH_DATE, RELIGION, NATIONAL_NUMBER, ROLE_ID) VALUES (83, 'Nour', 'Al-Saadi', 'student.nour.al-saadi69@student.school.edu', 'District 4, Baghdad', 'نور', 'السعدي', 'student123', 0, TIMESTAMP '2025-01-10 09:00:00', TIMESTAMP '2025-09-01 08:30:00', 'F', 'Iraqi', DATE '2008-07-12', 'Muslim', 100000000083, 3);
INSERT INTO USERS (USER_ID, FIRST_NAME, LAST_NAME, EMAIL, ADDRESS, FIRST_NAME_IN_ARABIC, LAST_NAME_IN_ARABIC, PASSWORD, ISDELETED, CREATED_AT, LAST_LOGIN, GENDER, NATIONALITY, BIRTH_DATE, RELIGION, NATIONAL_NUMBER, ROLE_ID) VALUES (84, 'Omar', 'Al-Ubaidi', 'student.omar.al-ubaidi70@student.school.edu', 'District 5, Baghdad', 'عمر', 'العبيدي', 'student123', 0, TIMESTAMP '2025-01-10 09:00:00', TIMESTAMP '2025-09-01 08:30:00', 'M', 'Iraqi', DATE '2009-07-12', 'Muslim', 100000000084, 3);
INSERT INTO USERS (USER_ID, FIRST_NAME, LAST_NAME, EMAIL, ADDRESS, FIRST_NAME_IN_ARABIC, LAST_NAME_IN_ARABIC, PASSWORD, ISDELETED, CREATED_AT, LAST_LOGIN, GENDER, NATIONALITY, BIRTH_DATE, RELIGION, NATIONAL_NUMBER, ROLE_ID) VALUES (85, 'Zahra', 'Al-Musawi', 'student.zahra.al-musawi71@student.school.edu', 'District 1, Baghdad', 'زهراء', 'الموسوي', 'student123', 0, TIMESTAMP '2025-01-10 09:00:00', TIMESTAMP '2025-09-01 08:30:00', 'F', 'Iraqi', DATE '2010-07-12', 'Muslim', 100000000085, 3);
INSERT INTO USERS (USER_ID, FIRST_NAME, LAST_NAME, EMAIL, ADDRESS, FIRST_NAME_IN_ARABIC, LAST_NAME_IN_ARABIC, PASSWORD, ISDELETED, CREATED_AT, LAST_LOGIN, GENDER, NATIONALITY, BIRTH_DATE, RELIGION, NATIONAL_NUMBER, ROLE_ID) VALUES (86, 'Youssef', 'Al-Iraqi', 'student.youssef.al-iraqi72@student.school.edu', 'District 2, Baghdad', 'يوسف', 'العراقي', 'student123', 0, TIMESTAMP '2025-01-10 09:00:00', TIMESTAMP '2025-09-01 08:30:00', 'M', 'Iraqi', DATE '2007-07-12', 'Muslim', 100000000086, 3);
INSERT INTO USERS (USER_ID, FIRST_NAME, LAST_NAME, EMAIL, ADDRESS, FIRST_NAME_IN_ARABIC, LAST_NAME_IN_ARABIC, PASSWORD, ISDELETED, CREATED_AT, LAST_LOGIN, GENDER, NATIONALITY, BIRTH_DATE, RELIGION, NATIONAL_NUMBER, ROLE_ID) VALUES (87, 'Aya', 'Al-Jubouri', 'student.aya.al-jubouri73@student.school.edu', 'District 3, Baghdad', 'آية', 'الجبوري', 'student123', 0, TIMESTAMP '2025-01-10 09:00:00', TIMESTAMP '2025-09-01 08:30:00', 'F', 'Iraqi', DATE '2008-07-12', 'Muslim', 100000000087, 3);
INSERT INTO USERS (USER_ID, FIRST_NAME, LAST_NAME, EMAIL, ADDRESS, FIRST_NAME_IN_ARABIC, LAST_NAME_IN_ARABIC, PASSWORD, ISDELETED, CREATED_AT, LAST_LOGIN, GENDER, NATIONALITY, BIRTH_DATE, RELIGION, NATIONAL_NUMBER, ROLE_ID) VALUES (88, 'Mustafa', 'Al-Khalidi', 'student.mustafa.al-khalidi74@student.school.edu', 'District 4, Baghdad', 'مصطفى', 'الخالدي', 'student123', 0, TIMESTAMP '2025-01-10 09:00:00', TIMESTAMP '2025-09-01 08:30:00', 'M', 'Iraqi', DATE '2009-07-12', 'Muslim', 100000000088, 3);
INSERT INTO USERS (USER_ID, FIRST_NAME, LAST_NAME, EMAIL, ADDRESS, FIRST_NAME_IN_ARABIC, LAST_NAME_IN_ARABIC, PASSWORD, ISDELETED, CREATED_AT, LAST_LOGIN, GENDER, NATIONALITY, BIRTH_DATE, RELIGION, NATIONAL_NUMBER, ROLE_ID) VALUES (89, 'Rawan', 'Al-Tamimi', 'student.rawan.al-tamimi75@student.school.edu', 'District 5, Baghdad', 'روان', 'التميمي', 'student123', 0, TIMESTAMP '2025-01-10 09:00:00', TIMESTAMP '2025-09-01 08:30:00', 'F', 'Iraqi', DATE '2010-07-12', 'Muslim', 100000000089, 3);
INSERT INTO USERS (USER_ID, FIRST_NAME, LAST_NAME, EMAIL, ADDRESS, FIRST_NAME_IN_ARABIC, LAST_NAME_IN_ARABIC, PASSWORD, ISDELETED, CREATED_AT, LAST_LOGIN, GENDER, NATIONALITY, BIRTH_DATE, RELIGION, NATIONAL_NUMBER, ROLE_ID) VALUES (90, 'Abdullah', 'Al-Saadi', 'student.abdullah.al-saadi76@student.school.edu', 'District 1, Baghdad', 'عبدالله', 'الساعدي', 'student123', 0, TIMESTAMP '2025-01-10 09:00:00', TIMESTAMP '2025-09-01 08:30:00', 'M', 'Iraqi', DATE '2007-07-12', 'Muslim', 100000000090, 3);
INSERT INTO USERS (USER_ID, FIRST_NAME, LAST_NAME, EMAIL, ADDRESS, FIRST_NAME_IN_ARABIC, LAST_NAME_IN_ARABIC, PASSWORD, ISDELETED, CREATED_AT, LAST_LOGIN, GENDER, NATIONALITY, BIRTH_DATE, RELIGION, NATIONAL_NUMBER, ROLE_ID) VALUES (91, 'Heba', 'Al-Husseini', 'student.heba.al-husseini77@student.school.edu', 'District 2, Baghdad', 'هبة', 'الحسيني', 'student123', 0, TIMESTAMP '2025-01-10 09:00:00', TIMESTAMP '2025-09-01 08:30:00', 'F', 'Iraqi', DATE '2008-07-12', 'Muslim', 100000000091, 3);
INSERT INTO USERS (USER_ID, FIRST_NAME, LAST_NAME, EMAIL, ADDRESS, FIRST_NAME_IN_ARABIC, LAST_NAME_IN_ARABIC, PASSWORD, ISDELETED, CREATED_AT, LAST_LOGIN, GENDER, NATIONALITY, BIRTH_DATE, RELIGION, NATIONAL_NUMBER, ROLE_ID) VALUES (92, 'Khaled', 'Al-Dulaimi', 'student.khaled.al-dulaimi78@student.school.edu', 'District 3, Baghdad', 'خالد', 'الدليمي', 'student123', 0, TIMESTAMP '2025-01-10 09:00:00', TIMESTAMP '2025-09-01 08:30:00', 'M', 'Iraqi', DATE '2009-07-12', 'Muslim', 100000000092, 3);
INSERT INTO USERS (USER_ID, FIRST_NAME, LAST_NAME, EMAIL, ADDRESS, FIRST_NAME_IN_ARABIC, LAST_NAME_IN_ARABIC, PASSWORD, ISDELETED, CREATED_AT, LAST_LOGIN, GENDER, NATIONALITY, BIRTH_DATE, RELIGION, NATIONAL_NUMBER, ROLE_ID) VALUES (93, 'Yousra', 'Al-Shammari', 'student.yousra.al-shammari79@student.school.edu', 'District 4, Baghdad', 'يسرى', 'الشمري', 'student123', 0, TIMESTAMP '2025-01-10 09:00:00', TIMESTAMP '2025-09-01 08:30:00', 'F', 'Iraqi', DATE '2010-07-12', 'Muslim', 100000000093, 3);
INSERT INTO USERS (USER_ID, FIRST_NAME, LAST_NAME, EMAIL, ADDRESS, FIRST_NAME_IN_ARABIC, LAST_NAME_IN_ARABIC, PASSWORD, ISDELETED, CREATED_AT, LAST_LOGIN, GENDER, NATIONALITY, BIRTH_DATE, RELIGION, NATIONAL_NUMBER, ROLE_ID) VALUES (94, 'Zaid', 'Al-Muhammadi', 'student.zaid.al-muhammadi80@student.school.edu', 'District 5, Baghdad', 'زيد', 'المحمداوي', 'student123', 0, TIMESTAMP '2025-01-10 09:00:00', TIMESTAMP '2025-09-01 08:30:00', 'M', 'Iraqi', DATE '2007-07-12', 'Muslim', 100000000094, 3);
INSERT INTO USERS (USER_ID, FIRST_NAME, LAST_NAME, EMAIL, ADDRESS, FIRST_NAME_IN_ARABIC, LAST_NAME_IN_ARABIC, PASSWORD, ISDELETED, CREATED_AT, LAST_LOGIN, GENDER, NATIONALITY, BIRTH_DATE, RELIGION, NATIONAL_NUMBER, ROLE_ID) VALUES (95, 'Shahd', 'Al-Saadi', 'student.shahd.al-saadi81@student.school.edu', 'District 1, Baghdad', 'شهد', 'السعدي', 'student123', 0, TIMESTAMP '2025-01-10 09:00:00', TIMESTAMP '2025-09-01 08:30:00', 'F', 'Iraqi', DATE '2008-07-12', 'Muslim', 100000000095, 3);
INSERT INTO USERS (USER_ID, FIRST_NAME, LAST_NAME, EMAIL, ADDRESS, FIRST_NAME_IN_ARABIC, LAST_NAME_IN_ARABIC, PASSWORD, ISDELETED, CREATED_AT, LAST_LOGIN, GENDER, NATIONALITY, BIRTH_DATE, RELIGION, NATIONAL_NUMBER, ROLE_ID) VALUES (96, 'Amir', 'Al-Ubaidi', 'student.amir.al-ubaidi82@student.school.edu', 'District 2, Baghdad', 'أمير', 'العبيدي', 'student123', 0, TIMESTAMP '2025-01-10 09:00:00', TIMESTAMP '2025-09-01 08:30:00', 'M', 'Iraqi', DATE '2009-07-12', 'Muslim', 100000000096, 3);
INSERT INTO USERS (USER_ID, FIRST_NAME, LAST_NAME, EMAIL, ADDRESS, FIRST_NAME_IN_ARABIC, LAST_NAME_IN_ARABIC, PASSWORD, ISDELETED, CREATED_AT, LAST_LOGIN, GENDER, NATIONALITY, BIRTH_DATE, RELIGION, NATIONAL_NUMBER, ROLE_ID) VALUES (97, 'Mona', 'Al-Musawi', 'student.mona.al-musawi83@student.school.edu', 'District 3, Baghdad', 'منى', 'الموسوي', 'student123', 0, TIMESTAMP '2025-01-10 09:00:00', TIMESTAMP '2025-09-01 08:30:00', 'F', 'Iraqi', DATE '2010-07-12', 'Muslim', 100000000097, 3);
INSERT INTO USERS (USER_ID, FIRST_NAME, LAST_NAME, EMAIL, ADDRESS, FIRST_NAME_IN_ARABIC, LAST_NAME_IN_ARABIC, PASSWORD, ISDELETED, CREATED_AT, LAST_LOGIN, GENDER, NATIONALITY, BIRTH_DATE, RELIGION, NATIONAL_NUMBER, ROLE_ID) VALUES (98, 'Saif', 'Al-Iraqi', 'student.saif.al-iraqi84@student.school.edu', 'District 4, Baghdad', 'سيف', 'العراقي', 'student123', 0, TIMESTAMP '2025-01-10 09:00:00', TIMESTAMP '2025-09-01 08:30:00', 'M', 'Iraqi', DATE '2007-07-12', 'Muslim', 100000000098, 3);
INSERT INTO USERS (USER_ID, FIRST_NAME, LAST_NAME, EMAIL, ADDRESS, FIRST_NAME_IN_ARABIC, LAST_NAME_IN_ARABIC, PASSWORD, ISDELETED, CREATED_AT, LAST_LOGIN, GENDER, NATIONALITY, BIRTH_DATE, RELIGION, NATIONAL_NUMBER, ROLE_ID) VALUES (99, 'Dina', 'Al-Jubouri', 'student.dina.al-jubouri85@student.school.edu', 'District 5, Baghdad', 'دينا', 'الجبوري', 'student123', 0, TIMESTAMP '2025-01-10 09:00:00', TIMESTAMP '2025-09-01 08:30:00', 'F', 'Iraqi', DATE '2008-07-12', 'Muslim', 100000000099, 3);
INSERT INTO USERS (USER_ID, FIRST_NAME, LAST_NAME, EMAIL, ADDRESS, FIRST_NAME_IN_ARABIC, LAST_NAME_IN_ARABIC, PASSWORD, ISDELETED, CREATED_AT, LAST_LOGIN, GENDER, NATIONALITY, BIRTH_DATE, RELIGION, NATIONAL_NUMBER, ROLE_ID) VALUES (100, 'Jaafar', 'Al-Khalidi', 'student.jaafar.al-khalidi86@student.school.edu', 'District 1, Baghdad', 'جعفر', 'الخالدي', 'student123', 0, TIMESTAMP '2025-01-10 09:00:00', TIMESTAMP '2025-09-01 08:30:00', 'M', 'Iraqi', DATE '2009-07-12', 'Muslim', 100000000100, 3);
INSERT INTO USERS (USER_ID, FIRST_NAME, LAST_NAME, EMAIL, ADDRESS, FIRST_NAME_IN_ARABIC, LAST_NAME_IN_ARABIC, PASSWORD, ISDELETED, CREATED_AT, LAST_LOGIN, GENDER, NATIONALITY, BIRTH_DATE, RELIGION, NATIONAL_NUMBER, ROLE_ID) VALUES (101, 'Layla', 'Al-Tamimi', 'student.layla.al-tamimi87@student.school.edu', 'District 2, Baghdad', 'ليلى', 'التميمي', 'student123', 0, TIMESTAMP '2025-01-10 09:00:00', TIMESTAMP '2025-09-01 08:30:00', 'F', 'Iraqi', DATE '2010-07-12', 'Muslim', 100000000101, 3);
INSERT INTO USERS (USER_ID, FIRST_NAME, LAST_NAME, EMAIL, ADDRESS, FIRST_NAME_IN_ARABIC, LAST_NAME_IN_ARABIC, PASSWORD, ISDELETED, CREATED_AT, LAST_LOGIN, GENDER, NATIONALITY, BIRTH_DATE, RELIGION, NATIONAL_NUMBER, ROLE_ID) VALUES (102, 'Fahd', 'Al-Saadi', 'student.fahd.al-saadi88@student.school.edu', 'District 3, Baghdad', 'فهد', 'الساعدي', 'student123', 0, TIMESTAMP '2025-01-10 09:00:00', TIMESTAMP '2025-09-01 08:30:00', 'M', 'Iraqi', DATE '2007-07-12', 'Muslim', 100000000102, 3);
INSERT INTO USERS (USER_ID, FIRST_NAME, LAST_NAME, EMAIL, ADDRESS, FIRST_NAME_IN_ARABIC, LAST_NAME_IN_ARABIC, PASSWORD, ISDELETED, CREATED_AT, LAST_LOGIN, GENDER, NATIONALITY, BIRTH_DATE, RELIGION, NATIONAL_NUMBER, ROLE_ID) VALUES (103, 'Rita', 'Al-Husseini', 'student.rita.al-husseini89@student.school.edu', 'District 4, Baghdad', 'ريتا', 'الحسيني', 'student123', 0, TIMESTAMP '2025-01-10 09:00:00', TIMESTAMP '2025-09-01 08:30:00', 'F', 'Iraqi', DATE '2008-07-12', 'Muslim', 100000000103, 3);
INSERT INTO USERS (USER_ID, FIRST_NAME, LAST_NAME, EMAIL, ADDRESS, FIRST_NAME_IN_ARABIC, LAST_NAME_IN_ARABIC, PASSWORD, ISDELETED, CREATED_AT, LAST_LOGIN, GENDER, NATIONALITY, BIRTH_DATE, RELIGION, NATIONAL_NUMBER, ROLE_ID) VALUES (104, 'Ahmed', 'Al-Dulaimi', 'student.ahmed.al-dulaimi90@student.school.edu', 'District 5, Baghdad', 'أحمد', 'الدليمي', 'student123', 0, TIMESTAMP '2025-01-10 09:00:00', TIMESTAMP '2025-09-01 08:30:00', 'M', 'Iraqi', DATE '2009-07-12', 'Muslim', 100000000104, 3);
INSERT INTO USERS (USER_ID, FIRST_NAME, LAST_NAME, EMAIL, ADDRESS, FIRST_NAME_IN_ARABIC, LAST_NAME_IN_ARABIC, PASSWORD, ISDELETED, CREATED_AT, LAST_LOGIN, GENDER, NATIONALITY, BIRTH_DATE, RELIGION, NATIONAL_NUMBER, ROLE_ID) VALUES (105, 'Fatima', 'Al-Shammari', 'student.fatima.al-shammari91@student.school.edu', 'District 1, Baghdad', 'فاطمة', 'الشمري', 'student123', 0, TIMESTAMP '2025-01-10 09:00:00', TIMESTAMP '2025-09-01 08:30:00', 'F', 'Iraqi', DATE '2010-07-12', 'Muslim', 100000000105, 3);
INSERT INTO USERS (USER_ID, FIRST_NAME, LAST_NAME, EMAIL, ADDRESS, FIRST_NAME_IN_ARABIC, LAST_NAME_IN_ARABIC, PASSWORD, ISDELETED, CREATED_AT, LAST_LOGIN, GENDER, NATIONALITY, BIRTH_DATE, RELIGION, NATIONAL_NUMBER, ROLE_ID) VALUES (106, 'Mohamed', 'Al-Muhammadi', 'student.mohamed.al-muhammadi92@student.school.edu', 'District 2, Baghdad', 'محمد', 'المحمداوي', 'student123', 0, TIMESTAMP '2025-01-10 09:00:00', TIMESTAMP '2025-09-01 08:30:00', 'M', 'Iraqi', DATE '2007-07-12', 'Muslim', 100000000106, 3);
INSERT INTO USERS (USER_ID, FIRST_NAME, LAST_NAME, EMAIL, ADDRESS, FIRST_NAME_IN_ARABIC, LAST_NAME_IN_ARABIC, PASSWORD, ISDELETED, CREATED_AT, LAST_LOGIN, GENDER, NATIONALITY, BIRTH_DATE, RELIGION, NATIONAL_NUMBER, ROLE_ID) VALUES (107, 'Zainab', 'Al-Saadi', 'student.zainab.al-saadi93@student.school.edu', 'District 3, Baghdad', 'زينب', 'السعدي', 'student123', 0, TIMESTAMP '2025-01-10 09:00:00', TIMESTAMP '2025-09-01 08:30:00', 'F', 'Iraqi', DATE '2008-07-12', 'Muslim', 100000000107, 3);
INSERT INTO USERS (USER_ID, FIRST_NAME, LAST_NAME, EMAIL, ADDRESS, FIRST_NAME_IN_ARABIC, LAST_NAME_IN_ARABIC, PASSWORD, ISDELETED, CREATED_AT, LAST_LOGIN, GENDER, NATIONALITY, BIRTH_DATE, RELIGION, NATIONAL_NUMBER, ROLE_ID) VALUES (108, 'Ali', 'Al-Ubaidi', 'student.ali.al-ubaidi94@student.school.edu', 'District 4, Baghdad', 'علي', 'العبيدي', 'student123', 0, TIMESTAMP '2025-01-10 09:00:00', TIMESTAMP '2025-09-01 08:30:00', 'M', 'Iraqi', DATE '2009-07-12', 'Muslim', 100000000108, 3);
INSERT INTO USERS (USER_ID, FIRST_NAME, LAST_NAME, EMAIL, ADDRESS, FIRST_NAME_IN_ARABIC, LAST_NAME_IN_ARABIC, PASSWORD, ISDELETED, CREATED_AT, LAST_LOGIN, GENDER, NATIONALITY, BIRTH_DATE, RELIGION, NATIONAL_NUMBER, ROLE_ID) VALUES (109, 'Sarah', 'Al-Musawi', 'student.sarah.al-musawi95@student.school.edu', 'District 5, Baghdad', 'سارة', 'الموسوي', 'student123', 0, TIMESTAMP '2025-01-10 09:00:00', TIMESTAMP '2025-09-01 08:30:00', 'F', 'Iraqi', DATE '2010-07-12', 'Muslim', 100000000109, 3);
INSERT INTO USERS (USER_ID, FIRST_NAME, LAST_NAME, EMAIL, ADDRESS, FIRST_NAME_IN_ARABIC, LAST_NAME_IN_ARABIC, PASSWORD, ISDELETED, CREATED_AT, LAST_LOGIN, GENDER, NATIONALITY, BIRTH_DATE, RELIGION, NATIONAL_NUMBER, ROLE_ID) VALUES (110, 'Hassan', 'Al-Iraqi', 'student.hassan.al-iraqi96@student.school.edu', 'District 1, Baghdad', 'حسن', 'العراقي', 'student123', 0, TIMESTAMP '2025-01-10 09:00:00', TIMESTAMP '2025-09-01 08:30:00', 'M', 'Iraqi', DATE '2007-07-12', 'Muslim', 100000000110, 3);
INSERT INTO USERS (USER_ID, FIRST_NAME, LAST_NAME, EMAIL, ADDRESS, FIRST_NAME_IN_ARABIC, LAST_NAME_IN_ARABIC, PASSWORD, ISDELETED, CREATED_AT, LAST_LOGIN, GENDER, NATIONALITY, BIRTH_DATE, RELIGION, NATIONAL_NUMBER, ROLE_ID) VALUES (111, 'Maryam', 'Al-Jubouri', 'student.maryam.al-jubouri97@student.school.edu', 'District 2, Baghdad', 'مريم', 'الجبوري', 'student123', 0, TIMESTAMP '2025-01-10 09:00:00', TIMESTAMP '2025-09-01 08:30:00', 'F', 'Iraqi', DATE '2008-07-12', 'Muslim', 100000000111, 3);
INSERT INTO USERS (USER_ID, FIRST_NAME, LAST_NAME, EMAIL, ADDRESS, FIRST_NAME_IN_ARABIC, LAST_NAME_IN_ARABIC, PASSWORD, ISDELETED, CREATED_AT, LAST_LOGIN, GENDER, NATIONALITY, BIRTH_DATE, RELIGION, NATIONAL_NUMBER, ROLE_ID) VALUES (112, 'Hussein', 'Al-Khalidi', 'student.hussein.al-khalidi98@student.school.edu', 'District 3, Baghdad', 'حسين', 'الخالدي', 'student123', 0, TIMESTAMP '2025-01-10 09:00:00', TIMESTAMP '2025-09-01 08:30:00', 'M', 'Iraqi', DATE '2009-07-12', 'Muslim', 100000000112, 3);
INSERT INTO USERS (USER_ID, FIRST_NAME, LAST_NAME, EMAIL, ADDRESS, FIRST_NAME_IN_ARABIC, LAST_NAME_IN_ARABIC, PASSWORD, ISDELETED, CREATED_AT, LAST_LOGIN, GENDER, NATIONALITY, BIRTH_DATE, RELIGION, NATIONAL_NUMBER, ROLE_ID) VALUES (113, 'Nour', 'Al-Tamimi', 'student.nour.al-tamimi99@student.school.edu', 'District 4, Baghdad', 'نور', 'التميمي', 'student123', 0, TIMESTAMP '2025-01-10 09:00:00', TIMESTAMP '2025-09-01 08:30:00', 'F', 'Iraqi', DATE '2010-07-12', 'Muslim', 100000000113, 3);
INSERT INTO USERS (USER_ID, FIRST_NAME, LAST_NAME, EMAIL, ADDRESS, FIRST_NAME_IN_ARABIC, LAST_NAME_IN_ARABIC, PASSWORD, ISDELETED, CREATED_AT, LAST_LOGIN, GENDER, NATIONALITY, BIRTH_DATE, RELIGION, NATIONAL_NUMBER, ROLE_ID) VALUES (114, 'Omar', 'Al-Saadi', 'student.omar.al-saadi100@student.school.edu', 'District 5, Baghdad', 'عمر', 'الساعدي', 'student123', 0, TIMESTAMP '2025-01-10 09:00:00', TIMESTAMP '2025-09-01 08:30:00', 'M', 'Iraqi', DATE '2007-07-12', 'Muslim', 100000000114, 3);
INSERT INTO USERS (USER_ID, FIRST_NAME, LAST_NAME, EMAIL, ADDRESS, FIRST_NAME_IN_ARABIC, LAST_NAME_IN_ARABIC, PASSWORD, ISDELETED, CREATED_AT, LAST_LOGIN, GENDER, NATIONALITY, BIRTH_DATE, RELIGION, NATIONAL_NUMBER, ROLE_ID) VALUES (115, 'Zahra', 'Al-Husseini', 'student.zahra.al-husseini101@student.school.edu', 'District 1, Baghdad', 'زهراء', 'الحسيني', 'student123', 0, TIMESTAMP '2025-01-10 09:00:00', TIMESTAMP '2025-09-01 08:30:00', 'F', 'Iraqi', DATE '2008-07-12', 'Muslim', 100000000115, 3);
INSERT INTO USERS (USER_ID, FIRST_NAME, LAST_NAME, EMAIL, ADDRESS, FIRST_NAME_IN_ARABIC, LAST_NAME_IN_ARABIC, PASSWORD, ISDELETED, CREATED_AT, LAST_LOGIN, GENDER, NATIONALITY, BIRTH_DATE, RELIGION, NATIONAL_NUMBER, ROLE_ID) VALUES (116, 'Youssef', 'Al-Dulaimi', 'student.youssef.al-dulaimi102@student.school.edu', 'District 2, Baghdad', 'يوسف', 'الدليمي', 'student123', 0, TIMESTAMP '2025-01-10 09:00:00', TIMESTAMP '2025-09-01 08:30:00', 'M', 'Iraqi', DATE '2009-07-12', 'Muslim', 100000000116, 3);
INSERT INTO USERS (USER_ID, FIRST_NAME, LAST_NAME, EMAIL, ADDRESS, FIRST_NAME_IN_ARABIC, LAST_NAME_IN_ARABIC, PASSWORD, ISDELETED, CREATED_AT, LAST_LOGIN, GENDER, NATIONALITY, BIRTH_DATE, RELIGION, NATIONAL_NUMBER, ROLE_ID) VALUES (117, 'Aya', 'Al-Shammari', 'student.aya.al-shammari103@student.school.edu', 'District 3, Baghdad', 'آية', 'الشمري', 'student123', 0, TIMESTAMP '2025-01-10 09:00:00', TIMESTAMP '2025-09-01 08:30:00', 'F', 'Iraqi', DATE '2010-07-12', 'Muslim', 100000000117, 3);
INSERT INTO USERS (USER_ID, FIRST_NAME, LAST_NAME, EMAIL, ADDRESS, FIRST_NAME_IN_ARABIC, LAST_NAME_IN_ARABIC, PASSWORD, ISDELETED, CREATED_AT, LAST_LOGIN, GENDER, NATIONALITY, BIRTH_DATE, RELIGION, NATIONAL_NUMBER, ROLE_ID) VALUES (118, 'Mustafa', 'Al-Muhammadi', 'student.mustafa.al-muhammadi104@student.school.edu', 'District 4, Baghdad', 'مصطفى', 'المحمداوي', 'student123', 0, TIMESTAMP '2025-01-10 09:00:00', TIMESTAMP '2025-09-01 08:30:00', 'M', 'Iraqi', DATE '2007-07-12', 'Muslim', 100000000118, 3);
INSERT INTO USERS (USER_ID, FIRST_NAME, LAST_NAME, EMAIL, ADDRESS, FIRST_NAME_IN_ARABIC, LAST_NAME_IN_ARABIC, PASSWORD, ISDELETED, CREATED_AT, LAST_LOGIN, GENDER, NATIONALITY, BIRTH_DATE, RELIGION, NATIONAL_NUMBER, ROLE_ID) VALUES (119, 'Rawan', 'Al-Saadi', 'student.rawan.al-saadi105@student.school.edu', 'District 5, Baghdad', 'روان', 'السعدي', 'student123', 0, TIMESTAMP '2025-01-10 09:00:00', TIMESTAMP '2025-09-01 08:30:00', 'F', 'Iraqi', DATE '2008-07-12', 'Muslim', 100000000119, 3);
INSERT INTO USERS (USER_ID, FIRST_NAME, LAST_NAME, EMAIL, ADDRESS, FIRST_NAME_IN_ARABIC, LAST_NAME_IN_ARABIC, PASSWORD, ISDELETED, CREATED_AT, LAST_LOGIN, GENDER, NATIONALITY, BIRTH_DATE, RELIGION, NATIONAL_NUMBER, ROLE_ID) VALUES (120, 'Abdullah', 'Al-Ubaidi', 'student.abdullah.al-ubaidi106@student.school.edu', 'District 1, Baghdad', 'عبدالله', 'العبيدي', 'student123', 0, TIMESTAMP '2025-01-10 09:00:00', TIMESTAMP '2025-09-01 08:30:00', 'M', 'Iraqi', DATE '2009-07-12', 'Muslim', 100000000120, 3);
INSERT INTO USERS (USER_ID, FIRST_NAME, LAST_NAME, EMAIL, ADDRESS, FIRST_NAME_IN_ARABIC, LAST_NAME_IN_ARABIC, PASSWORD, ISDELETED, CREATED_AT, LAST_LOGIN, GENDER, NATIONALITY, BIRTH_DATE, RELIGION, NATIONAL_NUMBER, ROLE_ID) VALUES (121, 'Heba', 'Al-Musawi', 'student.heba.al-musawi107@student.school.edu', 'District 2, Baghdad', 'هبة', 'الموسوي', 'student123', 0, TIMESTAMP '2025-01-10 09:00:00', TIMESTAMP '2025-09-01 08:30:00', 'F', 'Iraqi', DATE '2010-07-12', 'Muslim', 100000000121, 3);
INSERT INTO USERS (USER_ID, FIRST_NAME, LAST_NAME, EMAIL, ADDRESS, FIRST_NAME_IN_ARABIC, LAST_NAME_IN_ARABIC, PASSWORD, ISDELETED, CREATED_AT, LAST_LOGIN, GENDER, NATIONALITY, BIRTH_DATE, RELIGION, NATIONAL_NUMBER, ROLE_ID) VALUES (122, 'Khaled', 'Al-Iraqi', 'student.khaled.al-iraqi108@student.school.edu', 'District 3, Baghdad', 'خالد', 'العراقي', 'student123', 0, TIMESTAMP '2025-01-10 09:00:00', TIMESTAMP '2025-09-01 08:30:00', 'M', 'Iraqi', DATE '2007-07-12', 'Muslim', 100000000122, 3);
INSERT INTO USERS (USER_ID, FIRST_NAME, LAST_NAME, EMAIL, ADDRESS, FIRST_NAME_IN_ARABIC, LAST_NAME_IN_ARABIC, PASSWORD, ISDELETED, CREATED_AT, LAST_LOGIN, GENDER, NATIONALITY, BIRTH_DATE, RELIGION, NATIONAL_NUMBER, ROLE_ID) VALUES (123, 'Yousra', 'Al-Jubouri', 'student.yousra.al-jubouri109@student.school.edu', 'District 4, Baghdad', 'يسرى', 'الجبوري', 'student123', 0, TIMESTAMP '2025-01-10 09:00:00', TIMESTAMP '2025-09-01 08:30:00', 'F', 'Iraqi', DATE '2008-07-12', 'Muslim', 100000000123, 3);
INSERT INTO USERS (USER_ID, FIRST_NAME, LAST_NAME, EMAIL, ADDRESS, FIRST_NAME_IN_ARABIC, LAST_NAME_IN_ARABIC, PASSWORD, ISDELETED, CREATED_AT, LAST_LOGIN, GENDER, NATIONALITY, BIRTH_DATE, RELIGION, NATIONAL_NUMBER, ROLE_ID) VALUES (124, 'Zaid', 'Al-Khalidi', 'student.zaid.al-khalidi110@student.school.edu', 'District 5, Baghdad', 'زيد', 'الخالدي', 'student123', 0, TIMESTAMP '2025-01-10 09:00:00', TIMESTAMP '2025-09-01 08:30:00', 'M', 'Iraqi', DATE '2009-07-12', 'Muslim', 100000000124, 3);
INSERT INTO USERS (USER_ID, FIRST_NAME, LAST_NAME, EMAIL, ADDRESS, FIRST_NAME_IN_ARABIC, LAST_NAME_IN_ARABIC, PASSWORD, ISDELETED, CREATED_AT, LAST_LOGIN, GENDER, NATIONALITY, BIRTH_DATE, RELIGION, NATIONAL_NUMBER, ROLE_ID) VALUES (125, 'Shahd', 'Al-Tamimi', 'student.shahd.al-tamimi111@student.school.edu', 'District 1, Baghdad', 'شهد', 'التميمي', 'student123', 0, TIMESTAMP '2025-01-10 09:00:00', TIMESTAMP '2025-09-01 08:30:00', 'F', 'Iraqi', DATE '2010-07-12', 'Muslim', 100000000125, 3);
INSERT INTO USERS (USER_ID, FIRST_NAME, LAST_NAME, EMAIL, ADDRESS, FIRST_NAME_IN_ARABIC, LAST_NAME_IN_ARABIC, PASSWORD, ISDELETED, CREATED_AT, LAST_LOGIN, GENDER, NATIONALITY, BIRTH_DATE, RELIGION, NATIONAL_NUMBER, ROLE_ID) VALUES (126, 'Amir', 'Al-Saadi', 'student.amir.al-saadi112@student.school.edu', 'District 2, Baghdad', 'أمير', 'الساعدي', 'student123', 0, TIMESTAMP '2025-01-10 09:00:00', TIMESTAMP '2025-09-01 08:30:00', 'M', 'Iraqi', DATE '2007-07-12', 'Muslim', 100000000126, 3);
INSERT INTO USERS (USER_ID, FIRST_NAME, LAST_NAME, EMAIL, ADDRESS, FIRST_NAME_IN_ARABIC, LAST_NAME_IN_ARABIC, PASSWORD, ISDELETED, CREATED_AT, LAST_LOGIN, GENDER, NATIONALITY, BIRTH_DATE, RELIGION, NATIONAL_NUMBER, ROLE_ID) VALUES (127, 'Mona', 'Al-Husseini', 'student.mona.al-husseini113@student.school.edu', 'District 3, Baghdad', 'منى', 'الحسيني', 'student123', 0, TIMESTAMP '2025-01-10 09:00:00', TIMESTAMP '2025-09-01 08:30:00', 'F', 'Iraqi', DATE '2008-07-12', 'Muslim', 100000000127, 3);
INSERT INTO USERS (USER_ID, FIRST_NAME, LAST_NAME, EMAIL, ADDRESS, FIRST_NAME_IN_ARABIC, LAST_NAME_IN_ARABIC, PASSWORD, ISDELETED, CREATED_AT, LAST_LOGIN, GENDER, NATIONALITY, BIRTH_DATE, RELIGION, NATIONAL_NUMBER, ROLE_ID) VALUES (128, 'Saif', 'Al-Dulaimi', 'student.saif.al-dulaimi114@student.school.edu', 'District 4, Baghdad', 'سيف', 'الدليمي', 'student123', 0, TIMESTAMP '2025-01-10 09:00:00', TIMESTAMP '2025-09-01 08:30:00', 'M', 'Iraqi', DATE '2009-07-12', 'Muslim', 100000000128, 3);
INSERT INTO USERS (USER_ID, FIRST_NAME, LAST_NAME, EMAIL, ADDRESS, FIRST_NAME_IN_ARABIC, LAST_NAME_IN_ARABIC, PASSWORD, ISDELETED, CREATED_AT, LAST_LOGIN, GENDER, NATIONALITY, BIRTH_DATE, RELIGION, NATIONAL_NUMBER, ROLE_ID) VALUES (129, 'Dina', 'Al-Shammari', 'student.dina.al-shammari115@student.school.edu', 'District 5, Baghdad', 'دينا', 'الشمري', 'student123', 0, TIMESTAMP '2025-01-10 09:00:00', TIMESTAMP '2025-09-01 08:30:00', 'F', 'Iraqi', DATE '2010-07-12', 'Muslim', 100000000129, 3);
INSERT INTO USERS (USER_ID, FIRST_NAME, LAST_NAME, EMAIL, ADDRESS, FIRST_NAME_IN_ARABIC, LAST_NAME_IN_ARABIC, PASSWORD, ISDELETED, CREATED_AT, LAST_LOGIN, GENDER, NATIONALITY, BIRTH_DATE, RELIGION, NATIONAL_NUMBER, ROLE_ID) VALUES (130, 'Jaafar', 'Al-Muhammadi', 'student.jaafar.al-muhammadi116@student.school.edu', 'District 1, Baghdad', 'جعفر', 'المحمداوي', 'student123', 0, TIMESTAMP '2025-01-10 09:00:00', TIMESTAMP '2025-09-01 08:30:00', 'M', 'Iraqi', DATE '2007-07-12', 'Muslim', 100000000130, 3);
INSERT INTO USERS (USER_ID, FIRST_NAME, LAST_NAME, EMAIL, ADDRESS, FIRST_NAME_IN_ARABIC, LAST_NAME_IN_ARABIC, PASSWORD, ISDELETED, CREATED_AT, LAST_LOGIN, GENDER, NATIONALITY, BIRTH_DATE, RELIGION, NATIONAL_NUMBER, ROLE_ID) VALUES (131, 'Layla', 'Al-Saadi', 'student.layla.al-saadi117@student.school.edu', 'District 2, Baghdad', 'ليلى', 'السعدي', 'student123', 0, TIMESTAMP '2025-01-10 09:00:00', TIMESTAMP '2025-09-01 08:30:00', 'F', 'Iraqi', DATE '2008-07-12', 'Muslim', 100000000131, 3);
INSERT INTO USERS (USER_ID, FIRST_NAME, LAST_NAME, EMAIL, ADDRESS, FIRST_NAME_IN_ARABIC, LAST_NAME_IN_ARABIC, PASSWORD, ISDELETED, CREATED_AT, LAST_LOGIN, GENDER, NATIONALITY, BIRTH_DATE, RELIGION, NATIONAL_NUMBER, ROLE_ID) VALUES (132, 'Fahd', 'Al-Ubaidi', 'student.fahd.al-ubaidi118@student.school.edu', 'District 3, Baghdad', 'فهد', 'العبيدي', 'student123', 0, TIMESTAMP '2025-01-10 09:00:00', TIMESTAMP '2025-09-01 08:30:00', 'M', 'Iraqi', DATE '2009-07-12', 'Muslim', 100000000132, 3);
INSERT INTO USERS (USER_ID, FIRST_NAME, LAST_NAME, EMAIL, ADDRESS, FIRST_NAME_IN_ARABIC, LAST_NAME_IN_ARABIC, PASSWORD, ISDELETED, CREATED_AT, LAST_LOGIN, GENDER, NATIONALITY, BIRTH_DATE, RELIGION, NATIONAL_NUMBER, ROLE_ID) VALUES (133, 'Rita', 'Al-Musawi', 'student.rita.al-musawi119@student.school.edu', 'District 4, Baghdad', 'ريتا', 'الموسوي', 'student123', 0, TIMESTAMP '2025-01-10 09:00:00', TIMESTAMP '2025-09-01 08:30:00', 'F', 'Iraqi', DATE '2010-07-12', 'Muslim', 100000000133, 3);
INSERT INTO USERS (USER_ID, FIRST_NAME, LAST_NAME, EMAIL, ADDRESS, FIRST_NAME_IN_ARABIC, LAST_NAME_IN_ARABIC, PASSWORD, ISDELETED, CREATED_AT, LAST_LOGIN, GENDER, NATIONALITY, BIRTH_DATE, RELIGION, NATIONAL_NUMBER, ROLE_ID) VALUES (134, 'Ahmed', 'Al-Iraqi', 'parent.ahmed.al-iraqi0@parent.school.edu', 'District 5, Baghdad', 'أحمد', 'العراقي', 'parent123', 0, TIMESTAMP '2025-01-10 09:00:00', TIMESTAMP '2025-09-01 08:30:00', 'M', 'Iraqi', DATE '1970-05-20', 'Muslim', 100000000134, 4);
INSERT INTO USERS (USER_ID, FIRST_NAME, LAST_NAME, EMAIL, ADDRESS, FIRST_NAME_IN_ARABIC, LAST_NAME_IN_ARABIC, PASSWORD, ISDELETED, CREATED_AT, LAST_LOGIN, GENDER, NATIONALITY, BIRTH_DATE, RELIGION, NATIONAL_NUMBER, ROLE_ID) VALUES (135, 'Zainab', 'Al-Jubouri', 'parent.zainab.al-jubouri1@parent.school.edu', 'District 1, Baghdad', 'زينب', 'الجبوري', 'parent123', 0, TIMESTAMP '2025-01-10 09:00:00', TIMESTAMP '2025-09-01 08:30:00', 'F', 'Iraqi', DATE '1971-05-20', 'Muslim', 100000000135, 4);
INSERT INTO USERS (USER_ID, FIRST_NAME, LAST_NAME, EMAIL, ADDRESS, FIRST_NAME_IN_ARABIC, LAST_NAME_IN_ARABIC, PASSWORD, ISDELETED, CREATED_AT, LAST_LOGIN, GENDER, NATIONALITY, BIRTH_DATE, RELIGION, NATIONAL_NUMBER, ROLE_ID) VALUES (136, 'Ali', 'Al-Khalidi', 'parent.ali.al-khalidi2@parent.school.edu', 'District 2, Baghdad', 'علي', 'الخالدي', 'parent123', 0, TIMESTAMP '2025-01-10 09:00:00', TIMESTAMP '2025-09-01 08:30:00', 'M', 'Iraqi', DATE '1972-05-20', 'Muslim', 100000000136, 4);
INSERT INTO USERS (USER_ID, FIRST_NAME, LAST_NAME, EMAIL, ADDRESS, FIRST_NAME_IN_ARABIC, LAST_NAME_IN_ARABIC, PASSWORD, ISDELETED, CREATED_AT, LAST_LOGIN, GENDER, NATIONALITY, BIRTH_DATE, RELIGION, NATIONAL_NUMBER, ROLE_ID) VALUES (137, 'Maryam', 'Al-Tamimi', 'parent.maryam.al-tamimi3@parent.school.edu', 'District 3, Baghdad', 'مريم', 'التميمي', 'parent123', 0, TIMESTAMP '2025-01-10 09:00:00', TIMESTAMP '2025-09-01 08:30:00', 'F', 'Iraqi', DATE '1973-05-20', 'Muslim', 100000000137, 4);
INSERT INTO USERS (USER_ID, FIRST_NAME, LAST_NAME, EMAIL, ADDRESS, FIRST_NAME_IN_ARABIC, LAST_NAME_IN_ARABIC, PASSWORD, ISDELETED, CREATED_AT, LAST_LOGIN, GENDER, NATIONALITY, BIRTH_DATE, RELIGION, NATIONAL_NUMBER, ROLE_ID) VALUES (138, 'Hussein', 'Al-Saadi', 'parent.hussein.al-saadi4@parent.school.edu', 'District 4, Baghdad', 'حسين', 'الساعدي', 'parent123', 0, TIMESTAMP '2025-01-10 09:00:00', TIMESTAMP '2025-09-01 08:30:00', 'M', 'Iraqi', DATE '1974-05-20', 'Muslim', 100000000138, 4);
INSERT INTO USERS (USER_ID, FIRST_NAME, LAST_NAME, EMAIL, ADDRESS, FIRST_NAME_IN_ARABIC, LAST_NAME_IN_ARABIC, PASSWORD, ISDELETED, CREATED_AT, LAST_LOGIN, GENDER, NATIONALITY, BIRTH_DATE, RELIGION, NATIONAL_NUMBER, ROLE_ID) VALUES (139, 'Zahra', 'Al-Husseini', 'parent.zahra.al-husseini5@parent.school.edu', 'District 5, Baghdad', 'زهراء', 'الحسيني', 'parent123', 0, TIMESTAMP '2025-01-10 09:00:00', TIMESTAMP '2025-09-01 08:30:00', 'F', 'Iraqi', DATE '1975-05-20', 'Muslim', 100000000139, 4);
INSERT INTO USERS (USER_ID, FIRST_NAME, LAST_NAME, EMAIL, ADDRESS, FIRST_NAME_IN_ARABIC, LAST_NAME_IN_ARABIC, PASSWORD, ISDELETED, CREATED_AT, LAST_LOGIN, GENDER, NATIONALITY, BIRTH_DATE, RELIGION, NATIONAL_NUMBER, ROLE_ID) VALUES (140, 'Youssef', 'Al-Dulaimi', 'parent.youssef.al-dulaimi6@parent.school.edu', 'District 1, Baghdad', 'يوسف', 'الدليمي', 'parent123', 0, TIMESTAMP '2025-01-10 09:00:00', TIMESTAMP '2025-09-01 08:30:00', 'M', 'Iraqi', DATE '1976-05-20', 'Muslim', 100000000140, 4);
INSERT INTO USERS (USER_ID, FIRST_NAME, LAST_NAME, EMAIL, ADDRESS, FIRST_NAME_IN_ARABIC, LAST_NAME_IN_ARABIC, PASSWORD, ISDELETED, CREATED_AT, LAST_LOGIN, GENDER, NATIONALITY, BIRTH_DATE, RELIGION, NATIONAL_NUMBER, ROLE_ID) VALUES (141, 'Rawan', 'Al-Shammari', 'parent.rawan.al-shammari7@parent.school.edu', 'District 2, Baghdad', 'روان', 'الشمري', 'parent123', 0, TIMESTAMP '2025-01-10 09:00:00', TIMESTAMP '2025-09-01 08:30:00', 'F', 'Iraqi', DATE '1977-05-20', 'Muslim', 100000000141, 4);
INSERT INTO USERS (USER_ID, FIRST_NAME, LAST_NAME, EMAIL, ADDRESS, FIRST_NAME_IN_ARABIC, LAST_NAME_IN_ARABIC, PASSWORD, ISDELETED, CREATED_AT, LAST_LOGIN, GENDER, NATIONALITY, BIRTH_DATE, RELIGION, NATIONAL_NUMBER, ROLE_ID) VALUES (142, 'Abdullah', 'Al-Muhammadi', 'parent.abdullah.al-muhammadi8@parent.school.edu', 'District 3, Baghdad', 'عبدالله', 'المحمداوي', 'parent123', 0, TIMESTAMP '2025-01-10 09:00:00', TIMESTAMP '2025-09-01 08:30:00', 'M', 'Iraqi', DATE '1978-05-20', 'Muslim', 100000000142, 4);
INSERT INTO USERS (USER_ID, FIRST_NAME, LAST_NAME, EMAIL, ADDRESS, FIRST_NAME_IN_ARABIC, LAST_NAME_IN_ARABIC, PASSWORD, ISDELETED, CREATED_AT, LAST_LOGIN, GENDER, NATIONALITY, BIRTH_DATE, RELIGION, NATIONAL_NUMBER, ROLE_ID) VALUES (143, 'Yousra', 'Al-Saadi', 'parent.yousra.al-saadi9@parent.school.edu', 'District 4, Baghdad', 'يسرى', 'السعدي', 'parent123', 0, TIMESTAMP '2025-01-10 09:00:00', TIMESTAMP '2025-09-01 08:30:00', 'F', 'Iraqi', DATE '1979-05-20', 'Muslim', 100000000143, 4);
INSERT INTO USERS (USER_ID, FIRST_NAME, LAST_NAME, EMAIL, ADDRESS, FIRST_NAME_IN_ARABIC, LAST_NAME_IN_ARABIC, PASSWORD, ISDELETED, CREATED_AT, LAST_LOGIN, GENDER, NATIONALITY, BIRTH_DATE, RELIGION, NATIONAL_NUMBER, ROLE_ID) VALUES (144, 'Zaid', 'Al-Ubaidi', 'parent.zaid.al-ubaidi10@parent.school.edu', 'District 5, Baghdad', 'زيد', 'العبيدي', 'parent123', 0, TIMESTAMP '2025-01-10 09:00:00', TIMESTAMP '2025-09-01 08:30:00', 'M', 'Iraqi', DATE '1980-05-20', 'Muslim', 100000000144, 4);
INSERT INTO USERS (USER_ID, FIRST_NAME, LAST_NAME, EMAIL, ADDRESS, FIRST_NAME_IN_ARABIC, LAST_NAME_IN_ARABIC, PASSWORD, ISDELETED, CREATED_AT, LAST_LOGIN, GENDER, NATIONALITY, BIRTH_DATE, RELIGION, NATIONAL_NUMBER, ROLE_ID) VALUES (145, 'Mona', 'Al-Musawi', 'parent.mona.al-musawi11@parent.school.edu', 'District 1, Baghdad', 'منى', 'الموسوي', 'parent123', 0, TIMESTAMP '2025-01-10 09:00:00', TIMESTAMP '2025-09-01 08:30:00', 'F', 'Iraqi', DATE '1981-05-20', 'Muslim', 100000000145, 4);
INSERT INTO USERS (USER_ID, FIRST_NAME, LAST_NAME, EMAIL, ADDRESS, FIRST_NAME_IN_ARABIC, LAST_NAME_IN_ARABIC, PASSWORD, ISDELETED, CREATED_AT, LAST_LOGIN, GENDER, NATIONALITY, BIRTH_DATE, RELIGION, NATIONAL_NUMBER, ROLE_ID) VALUES (146, 'Saif', 'Al-Iraqi', 'parent.saif.al-iraqi12@parent.school.edu', 'District 2, Baghdad', 'سيف', 'العراقي', 'parent123', 0, TIMESTAMP '2025-01-10 09:00:00', TIMESTAMP '2025-09-01 08:30:00', 'M', 'Iraqi', DATE '1982-05-20', 'Muslim', 100000000146, 4);
INSERT INTO USERS (USER_ID, FIRST_NAME, LAST_NAME, EMAIL, ADDRESS, FIRST_NAME_IN_ARABIC, LAST_NAME_IN_ARABIC, PASSWORD, ISDELETED, CREATED_AT, LAST_LOGIN, GENDER, NATIONALITY, BIRTH_DATE, RELIGION, NATIONAL_NUMBER, ROLE_ID) VALUES (147, 'Layla', 'Al-Jubouri', 'parent.layla.al-jubouri13@parent.school.edu', 'District 3, Baghdad', 'ليلى', 'الجبوري', 'parent123', 0, TIMESTAMP '2025-01-10 09:00:00', TIMESTAMP '2025-09-01 08:30:00', 'F', 'Iraqi', DATE '1983-05-20', 'Muslim', 100000000147, 4);
INSERT INTO USERS (USER_ID, FIRST_NAME, LAST_NAME, EMAIL, ADDRESS, FIRST_NAME_IN_ARABIC, LAST_NAME_IN_ARABIC, PASSWORD, ISDELETED, CREATED_AT, LAST_LOGIN, GENDER, NATIONALITY, BIRTH_DATE, RELIGION, NATIONAL_NUMBER, ROLE_ID) VALUES (148, 'Fahd', 'Al-Khalidi', 'parent.fahd.al-khalidi14@parent.school.edu', 'District 4, Baghdad', 'فهد', 'الخالدي', 'parent123', 0, TIMESTAMP '2025-01-10 09:00:00', TIMESTAMP '2025-09-01 08:30:00', 'M', 'Iraqi', DATE '1984-05-20', 'Muslim', 100000000148, 4);
INSERT INTO USERS (USER_ID, FIRST_NAME, LAST_NAME, EMAIL, ADDRESS, FIRST_NAME_IN_ARABIC, LAST_NAME_IN_ARABIC, PASSWORD, ISDELETED, CREATED_AT, LAST_LOGIN, GENDER, NATIONALITY, BIRTH_DATE, RELIGION, NATIONAL_NUMBER, ROLE_ID) VALUES (149, 'Fatima', 'Al-Tamimi', 'parent.fatima.al-tamimi15@parent.school.edu', 'District 5, Baghdad', 'فاطمة', 'التميمي', 'parent123', 0, TIMESTAMP '2025-01-10 09:00:00', TIMESTAMP '2025-09-01 08:30:00', 'F', 'Iraqi', DATE '1970-05-20', 'Muslim', 100000000149, 4);
INSERT INTO USERS (USER_ID, FIRST_NAME, LAST_NAME, EMAIL, ADDRESS, FIRST_NAME_IN_ARABIC, LAST_NAME_IN_ARABIC, PASSWORD, ISDELETED, CREATED_AT, LAST_LOGIN, GENDER, NATIONALITY, BIRTH_DATE, RELIGION, NATIONAL_NUMBER, ROLE_ID) VALUES (150, 'Mohamed', 'Al-Saadi', 'parent.mohamed.al-saadi16@parent.school.edu', 'District 1, Baghdad', 'محمد', 'الساعدي', 'parent123', 0, TIMESTAMP '2025-01-10 09:00:00', TIMESTAMP '2025-09-01 08:30:00', 'M', 'Iraqi', DATE '1971-05-20', 'Muslim', 100000000150, 4);
INSERT INTO USERS (USER_ID, FIRST_NAME, LAST_NAME, EMAIL, ADDRESS, FIRST_NAME_IN_ARABIC, LAST_NAME_IN_ARABIC, PASSWORD, ISDELETED, CREATED_AT, LAST_LOGIN, GENDER, NATIONALITY, BIRTH_DATE, RELIGION, NATIONAL_NUMBER, ROLE_ID) VALUES (151, 'Sarah', 'Al-Husseini', 'parent.sarah.al-husseini17@parent.school.edu', 'District 2, Baghdad', 'سارة', 'الحسيني', 'parent123', 0, TIMESTAMP '2025-01-10 09:00:00', TIMESTAMP '2025-09-01 08:30:00', 'F', 'Iraqi', DATE '1972-05-20', 'Muslim', 100000000151, 4);
INSERT INTO USERS (USER_ID, FIRST_NAME, LAST_NAME, EMAIL, ADDRESS, FIRST_NAME_IN_ARABIC, LAST_NAME_IN_ARABIC, PASSWORD, ISDELETED, CREATED_AT, LAST_LOGIN, GENDER, NATIONALITY, BIRTH_DATE, RELIGION, NATIONAL_NUMBER, ROLE_ID) VALUES (152, 'Hassan', 'Al-Dulaimi', 'parent.hassan.al-dulaimi18@parent.school.edu', 'District 3, Baghdad', 'حسن', 'الدليمي', 'parent123', 0, TIMESTAMP '2025-01-10 09:00:00', TIMESTAMP '2025-09-01 08:30:00', 'M', 'Iraqi', DATE '1973-05-20', 'Muslim', 100000000152, 4);
INSERT INTO USERS (USER_ID, FIRST_NAME, LAST_NAME, EMAIL, ADDRESS, FIRST_NAME_IN_ARABIC, LAST_NAME_IN_ARABIC, PASSWORD, ISDELETED, CREATED_AT, LAST_LOGIN, GENDER, NATIONALITY, BIRTH_DATE, RELIGION, NATIONAL_NUMBER, ROLE_ID) VALUES (153, 'Nour', 'Al-Shammari', 'parent.nour.al-shammari19@parent.school.edu', 'District 4, Baghdad', 'نور', 'الشمري', 'parent123', 0, TIMESTAMP '2025-01-10 09:00:00', TIMESTAMP '2025-09-01 08:30:00', 'F', 'Iraqi', DATE '1974-05-20', 'Muslim', 100000000153, 4);
INSERT INTO USERS (USER_ID, FIRST_NAME, LAST_NAME, EMAIL, ADDRESS, FIRST_NAME_IN_ARABIC, LAST_NAME_IN_ARABIC, PASSWORD, ISDELETED, CREATED_AT, LAST_LOGIN, GENDER, NATIONALITY, BIRTH_DATE, RELIGION, NATIONAL_NUMBER, ROLE_ID) VALUES (154, 'Omar', 'Al-Muhammadi', 'parent.omar.al-muhammadi20@parent.school.edu', 'District 5, Baghdad', 'عمر', 'المحمداوي', 'parent123', 0, TIMESTAMP '2025-01-10 09:00:00', TIMESTAMP '2025-09-01 08:30:00', 'M', 'Iraqi', DATE '1975-05-20', 'Muslim', 100000000154, 4);
INSERT INTO USERS (USER_ID, FIRST_NAME, LAST_NAME, EMAIL, ADDRESS, FIRST_NAME_IN_ARABIC, LAST_NAME_IN_ARABIC, PASSWORD, ISDELETED, CREATED_AT, LAST_LOGIN, GENDER, NATIONALITY, BIRTH_DATE, RELIGION, NATIONAL_NUMBER, ROLE_ID) VALUES (155, 'Aya', 'Al-Saadi', 'parent.aya.al-saadi21@parent.school.edu', 'District 1, Baghdad', 'آية', 'السعدي', 'parent123', 0, TIMESTAMP '2025-01-10 09:00:00', TIMESTAMP '2025-09-01 08:30:00', 'F', 'Iraqi', DATE '1976-05-20', 'Muslim', 100000000155, 4);
INSERT INTO USERS (USER_ID, FIRST_NAME, LAST_NAME, EMAIL, ADDRESS, FIRST_NAME_IN_ARABIC, LAST_NAME_IN_ARABIC, PASSWORD, ISDELETED, CREATED_AT, LAST_LOGIN, GENDER, NATIONALITY, BIRTH_DATE, RELIGION, NATIONAL_NUMBER, ROLE_ID) VALUES (156, 'Mustafa', 'Al-Ubaidi', 'parent.mustafa.al-ubaidi22@parent.school.edu', 'District 2, Baghdad', 'مصطفى', 'العبيدي', 'parent123', 0, TIMESTAMP '2025-01-10 09:00:00', TIMESTAMP '2025-09-01 08:30:00', 'M', 'Iraqi', DATE '1977-05-20', 'Muslim', 100000000156, 4);
INSERT INTO USERS (USER_ID, FIRST_NAME, LAST_NAME, EMAIL, ADDRESS, FIRST_NAME_IN_ARABIC, LAST_NAME_IN_ARABIC, PASSWORD, ISDELETED, CREATED_AT, LAST_LOGIN, GENDER, NATIONALITY, BIRTH_DATE, RELIGION, NATIONAL_NUMBER, ROLE_ID) VALUES (157, 'Heba', 'Al-Musawi', 'parent.heba.al-musawi23@parent.school.edu', 'District 3, Baghdad', 'هبة', 'الموسوي', 'parent123', 0, TIMESTAMP '2025-01-10 09:00:00', TIMESTAMP '2025-09-01 08:30:00', 'F', 'Iraqi', DATE '1978-05-20', 'Muslim', 100000000157, 4);
INSERT INTO USERS (USER_ID, FIRST_NAME, LAST_NAME, EMAIL, ADDRESS, FIRST_NAME_IN_ARABIC, LAST_NAME_IN_ARABIC, PASSWORD, ISDELETED, CREATED_AT, LAST_LOGIN, GENDER, NATIONALITY, BIRTH_DATE, RELIGION, NATIONAL_NUMBER, ROLE_ID) VALUES (158, 'Khaled', 'Al-Iraqi', 'parent.khaled.al-iraqi24@parent.school.edu', 'District 4, Baghdad', 'خالد', 'العراقي', 'parent123', 0, TIMESTAMP '2025-01-10 09:00:00', TIMESTAMP '2025-09-01 08:30:00', 'M', 'Iraqi', DATE '1979-05-20', 'Muslim', 100000000158, 4);
INSERT INTO USERS (USER_ID, FIRST_NAME, LAST_NAME, EMAIL, ADDRESS, FIRST_NAME_IN_ARABIC, LAST_NAME_IN_ARABIC, PASSWORD, ISDELETED, CREATED_AT, LAST_LOGIN, GENDER, NATIONALITY, BIRTH_DATE, RELIGION, NATIONAL_NUMBER, ROLE_ID) VALUES (159, 'Shahd', 'Al-Jubouri', 'parent.shahd.al-jubouri25@parent.school.edu', 'District 5, Baghdad', 'شهد', 'الجبوري', 'parent123', 0, TIMESTAMP '2025-01-10 09:00:00', TIMESTAMP '2025-09-01 08:30:00', 'F', 'Iraqi', DATE '1980-05-20', 'Muslim', 100000000159, 4);
INSERT INTO USERS (USER_ID, FIRST_NAME, LAST_NAME, EMAIL, ADDRESS, FIRST_NAME_IN_ARABIC, LAST_NAME_IN_ARABIC, PASSWORD, ISDELETED, CREATED_AT, LAST_LOGIN, GENDER, NATIONALITY, BIRTH_DATE, RELIGION, NATIONAL_NUMBER, ROLE_ID) VALUES (160, 'Amir', 'Al-Khalidi', 'parent.amir.al-khalidi26@parent.school.edu', 'District 1, Baghdad', 'أمير', 'الخالدي', 'parent123', 0, TIMESTAMP '2025-01-10 09:00:00', TIMESTAMP '2025-09-01 08:30:00', 'M', 'Iraqi', DATE '1981-05-20', 'Muslim', 100000000160, 4);
INSERT INTO USERS (USER_ID, FIRST_NAME, LAST_NAME, EMAIL, ADDRESS, FIRST_NAME_IN_ARABIC, LAST_NAME_IN_ARABIC, PASSWORD, ISDELETED, CREATED_AT, LAST_LOGIN, GENDER, NATIONALITY, BIRTH_DATE, RELIGION, NATIONAL_NUMBER, ROLE_ID) VALUES (161, 'Dina', 'Al-Tamimi', 'parent.dina.al-tamimi27@parent.school.edu', 'District 2, Baghdad', 'دينا', 'التميمي', 'parent123', 0, TIMESTAMP '2025-01-10 09:00:00', TIMESTAMP '2025-09-01 08:30:00', 'F', 'Iraqi', DATE '1982-05-20', 'Muslim', 100000000161, 4);
INSERT INTO USERS (USER_ID, FIRST_NAME, LAST_NAME, EMAIL, ADDRESS, FIRST_NAME_IN_ARABIC, LAST_NAME_IN_ARABIC, PASSWORD, ISDELETED, CREATED_AT, LAST_LOGIN, GENDER, NATIONALITY, BIRTH_DATE, RELIGION, NATIONAL_NUMBER, ROLE_ID) VALUES (162, 'Jaafar', 'Al-Saadi', 'parent.jaafar.al-saadi28@parent.school.edu', 'District 3, Baghdad', 'جعفر', 'الساعدي', 'parent123', 0, TIMESTAMP '2025-01-10 09:00:00', TIMESTAMP '2025-09-01 08:30:00', 'M', 'Iraqi', DATE '1983-05-20', 'Muslim', 100000000162, 4);
INSERT INTO USERS (USER_ID, FIRST_NAME, LAST_NAME, EMAIL, ADDRESS, FIRST_NAME_IN_ARABIC, LAST_NAME_IN_ARABIC, PASSWORD, ISDELETED, CREATED_AT, LAST_LOGIN, GENDER, NATIONALITY, BIRTH_DATE, RELIGION, NATIONAL_NUMBER, ROLE_ID) VALUES (163, 'Rita', 'Al-Husseini', 'parent.rita.al-husseini29@parent.school.edu', 'District 4, Baghdad', 'ريتا', 'الحسيني', 'parent123', 0, TIMESTAMP '2025-01-10 09:00:00', TIMESTAMP '2025-09-01 08:30:00', 'F', 'Iraqi', DATE '1984-05-20', 'Muslim', 100000000163, 4);
INSERT INTO USERS (USER_ID, FIRST_NAME, LAST_NAME, EMAIL, ADDRESS, FIRST_NAME_IN_ARABIC, LAST_NAME_IN_ARABIC, PASSWORD, ISDELETED, CREATED_AT, LAST_LOGIN, GENDER, NATIONALITY, BIRTH_DATE, RELIGION, NATIONAL_NUMBER, ROLE_ID) VALUES (164, 'Ahmed', 'Al-Dulaimi', 'parent.ahmed.al-dulaimi30@parent.school.edu', 'District 5, Baghdad', 'أحمد', 'الدليمي', 'parent123', 0, TIMESTAMP '2025-01-10 09:00:00', TIMESTAMP '2025-09-01 08:30:00', 'M', 'Iraqi', DATE '1970-05-20', 'Muslim', 100000000164, 4);
INSERT INTO USERS (USER_ID, FIRST_NAME, LAST_NAME, EMAIL, ADDRESS, FIRST_NAME_IN_ARABIC, LAST_NAME_IN_ARABIC, PASSWORD, ISDELETED, CREATED_AT, LAST_LOGIN, GENDER, NATIONALITY, BIRTH_DATE, RELIGION, NATIONAL_NUMBER, ROLE_ID) VALUES (165, 'Zainab', 'Al-Shammari', 'parent.zainab.al-shammari31@parent.school.edu', 'District 1, Baghdad', 'زينب', 'الشمري', 'parent123', 0, TIMESTAMP '2025-01-10 09:00:00', TIMESTAMP '2025-09-01 08:30:00', 'F', 'Iraqi', DATE '1971-05-20', 'Muslim', 100000000165, 4);
INSERT INTO USERS (USER_ID, FIRST_NAME, LAST_NAME, EMAIL, ADDRESS, FIRST_NAME_IN_ARABIC, LAST_NAME_IN_ARABIC, PASSWORD, ISDELETED, CREATED_AT, LAST_LOGIN, GENDER, NATIONALITY, BIRTH_DATE, RELIGION, NATIONAL_NUMBER, ROLE_ID) VALUES (166, 'Ali', 'Al-Muhammadi', 'parent.ali.al-muhammadi32@parent.school.edu', 'District 2, Baghdad', 'علي', 'المحمداوي', 'parent123', 0, TIMESTAMP '2025-01-10 09:00:00', TIMESTAMP '2025-09-01 08:30:00', 'M', 'Iraqi', DATE '1972-05-20', 'Muslim', 100000000166, 4);
INSERT INTO USERS (USER_ID, FIRST_NAME, LAST_NAME, EMAIL, ADDRESS, FIRST_NAME_IN_ARABIC, LAST_NAME_IN_ARABIC, PASSWORD, ISDELETED, CREATED_AT, LAST_LOGIN, GENDER, NATIONALITY, BIRTH_DATE, RELIGION, NATIONAL_NUMBER, ROLE_ID) VALUES (167, 'Maryam', 'Al-Saadi', 'parent.maryam.al-saadi33@parent.school.edu', 'District 3, Baghdad', 'مريم', 'السعدي', 'parent123', 0, TIMESTAMP '2025-01-10 09:00:00', TIMESTAMP '2025-09-01 08:30:00', 'F', 'Iraqi', DATE '1973-05-20', 'Muslim', 100000000167, 4);
INSERT INTO USERS (USER_ID, FIRST_NAME, LAST_NAME, EMAIL, ADDRESS, FIRST_NAME_IN_ARABIC, LAST_NAME_IN_ARABIC, PASSWORD, ISDELETED, CREATED_AT, LAST_LOGIN, GENDER, NATIONALITY, BIRTH_DATE, RELIGION, NATIONAL_NUMBER, ROLE_ID) VALUES (168, 'Hussein', 'Al-Ubaidi', 'parent.hussein.al-ubaidi34@parent.school.edu', 'District 4, Baghdad', 'حسين', 'العبيدي', 'parent123', 0, TIMESTAMP '2025-01-10 09:00:00', TIMESTAMP '2025-09-01 08:30:00', 'M', 'Iraqi', DATE '1974-05-20', 'Muslim', 100000000168, 4);
INSERT INTO USERS (USER_ID, FIRST_NAME, LAST_NAME, EMAIL, ADDRESS, FIRST_NAME_IN_ARABIC, LAST_NAME_IN_ARABIC, PASSWORD, ISDELETED, CREATED_AT, LAST_LOGIN, GENDER, NATIONALITY, BIRTH_DATE, RELIGION, NATIONAL_NUMBER, ROLE_ID) VALUES (169, 'Zahra', 'Al-Musawi', 'parent.zahra.al-musawi35@parent.school.edu', 'District 5, Baghdad', 'زهراء', 'الموسوي', 'parent123', 0, TIMESTAMP '2025-01-10 09:00:00', TIMESTAMP '2025-09-01 08:30:00', 'F', 'Iraqi', DATE '1975-05-20', 'Muslim', 100000000169, 4);
INSERT INTO USERS (USER_ID, FIRST_NAME, LAST_NAME, EMAIL, ADDRESS, FIRST_NAME_IN_ARABIC, LAST_NAME_IN_ARABIC, PASSWORD, ISDELETED, CREATED_AT, LAST_LOGIN, GENDER, NATIONALITY, BIRTH_DATE, RELIGION, NATIONAL_NUMBER, ROLE_ID) VALUES (170, 'Youssef', 'Al-Iraqi', 'parent.youssef.al-iraqi36@parent.school.edu', 'District 1, Baghdad', 'يوسف', 'العراقي', 'parent123', 0, TIMESTAMP '2025-01-10 09:00:00', TIMESTAMP '2025-09-01 08:30:00', 'M', 'Iraqi', DATE '1976-05-20', 'Muslim', 100000000170, 4);
INSERT INTO USERS (USER_ID, FIRST_NAME, LAST_NAME, EMAIL, ADDRESS, FIRST_NAME_IN_ARABIC, LAST_NAME_IN_ARABIC, PASSWORD, ISDELETED, CREATED_AT, LAST_LOGIN, GENDER, NATIONALITY, BIRTH_DATE, RELIGION, NATIONAL_NUMBER, ROLE_ID) VALUES (171, 'Rawan', 'Al-Jubouri', 'parent.rawan.al-jubouri37@parent.school.edu', 'District 2, Baghdad', 'روان', 'الجبوري', 'parent123', 0, TIMESTAMP '2025-01-10 09:00:00', TIMESTAMP '2025-09-01 08:30:00', 'F', 'Iraqi', DATE '1977-05-20', 'Muslim', 100000000171, 4);
INSERT INTO USERS (USER_ID, FIRST_NAME, LAST_NAME, EMAIL, ADDRESS, FIRST_NAME_IN_ARABIC, LAST_NAME_IN_ARABIC, PASSWORD, ISDELETED, CREATED_AT, LAST_LOGIN, GENDER, NATIONALITY, BIRTH_DATE, RELIGION, NATIONAL_NUMBER, ROLE_ID) VALUES (172, 'Abdullah', 'Al-Khalidi', 'parent.abdullah.al-khalidi38@parent.school.edu', 'District 3, Baghdad', 'عبدالله', 'الخالدي', 'parent123', 0, TIMESTAMP '2025-01-10 09:00:00', TIMESTAMP '2025-09-01 08:30:00', 'M', 'Iraqi', DATE '1978-05-20', 'Muslim', 100000000172, 4);
INSERT INTO USERS (USER_ID, FIRST_NAME, LAST_NAME, EMAIL, ADDRESS, FIRST_NAME_IN_ARABIC, LAST_NAME_IN_ARABIC, PASSWORD, ISDELETED, CREATED_AT, LAST_LOGIN, GENDER, NATIONALITY, BIRTH_DATE, RELIGION, NATIONAL_NUMBER, ROLE_ID) VALUES (173, 'Yousra', 'Al-Tamimi', 'parent.yousra.al-tamimi39@parent.school.edu', 'District 4, Baghdad', 'يسرى', 'التميمي', 'parent123', 0, TIMESTAMP '2025-01-10 09:00:00', TIMESTAMP '2025-09-01 08:30:00', 'F', 'Iraqi', DATE '1979-05-20', 'Muslim', 100000000173, 4);
INSERT INTO USERS (USER_ID, FIRST_NAME, LAST_NAME, EMAIL, ADDRESS, FIRST_NAME_IN_ARABIC, LAST_NAME_IN_ARABIC, PASSWORD, ISDELETED, CREATED_AT, LAST_LOGIN, GENDER, NATIONALITY, BIRTH_DATE, RELIGION, NATIONAL_NUMBER, ROLE_ID) VALUES (174, 'Zaid', 'Al-Saadi', 'parent.zaid.al-saadi40@parent.school.edu', 'District 5, Baghdad', 'زيد', 'الساعدي', 'parent123', 0, TIMESTAMP '2025-01-10 09:00:00', TIMESTAMP '2025-09-01 08:30:00', 'M', 'Iraqi', DATE '1980-05-20', 'Muslim', 100000000174, 4);
INSERT INTO USERS (USER_ID, FIRST_NAME, LAST_NAME, EMAIL, ADDRESS, FIRST_NAME_IN_ARABIC, LAST_NAME_IN_ARABIC, PASSWORD, ISDELETED, CREATED_AT, LAST_LOGIN, GENDER, NATIONALITY, BIRTH_DATE, RELIGION, NATIONAL_NUMBER, ROLE_ID) VALUES (175, 'Mona', 'Al-Husseini', 'parent.mona.al-husseini41@parent.school.edu', 'District 1, Baghdad', 'منى', 'الحسيني', 'parent123', 0, TIMESTAMP '2025-01-10 09:00:00', TIMESTAMP '2025-09-01 08:30:00', 'F', 'Iraqi', DATE '1981-05-20', 'Muslim', 100000000175, 4);
INSERT INTO USERS (USER_ID, FIRST_NAME, LAST_NAME, EMAIL, ADDRESS, FIRST_NAME_IN_ARABIC, LAST_NAME_IN_ARABIC, PASSWORD, ISDELETED, CREATED_AT, LAST_LOGIN, GENDER, NATIONALITY, BIRTH_DATE, RELIGION, NATIONAL_NUMBER, ROLE_ID) VALUES (176, 'Saif', 'Al-Dulaimi', 'parent.saif.al-dulaimi42@parent.school.edu', 'District 2, Baghdad', 'سيف', 'الدليمي', 'parent123', 0, TIMESTAMP '2025-01-10 09:00:00', TIMESTAMP '2025-09-01 08:30:00', 'M', 'Iraqi', DATE '1982-05-20', 'Muslim', 100000000176, 4);
INSERT INTO USERS (USER_ID, FIRST_NAME, LAST_NAME, EMAIL, ADDRESS, FIRST_NAME_IN_ARABIC, LAST_NAME_IN_ARABIC, PASSWORD, ISDELETED, CREATED_AT, LAST_LOGIN, GENDER, NATIONALITY, BIRTH_DATE, RELIGION, NATIONAL_NUMBER, ROLE_ID) VALUES (177, 'Layla', 'Al-Shammari', 'parent.layla.al-shammari43@parent.school.edu', 'District 3, Baghdad', 'ليلى', 'الشمري', 'parent123', 0, TIMESTAMP '2025-01-10 09:00:00', TIMESTAMP '2025-09-01 08:30:00', 'F', 'Iraqi', DATE '1983-05-20', 'Muslim', 100000000177, 4);
INSERT INTO USERS (USER_ID, FIRST_NAME, LAST_NAME, EMAIL, ADDRESS, FIRST_NAME_IN_ARABIC, LAST_NAME_IN_ARABIC, PASSWORD, ISDELETED, CREATED_AT, LAST_LOGIN, GENDER, NATIONALITY, BIRTH_DATE, RELIGION, NATIONAL_NUMBER, ROLE_ID) VALUES (178, 'Fahd', 'Al-Muhammadi', 'parent.fahd.al-muhammadi44@parent.school.edu', 'District 4, Baghdad', 'فهد', 'المحمداوي', 'parent123', 0, TIMESTAMP '2025-01-10 09:00:00', TIMESTAMP '2025-09-01 08:30:00', 'M', 'Iraqi', DATE '1984-05-20', 'Muslim', 100000000178, 4);
INSERT INTO USERS (USER_ID, FIRST_NAME, LAST_NAME, EMAIL, ADDRESS, FIRST_NAME_IN_ARABIC, LAST_NAME_IN_ARABIC, PASSWORD, ISDELETED, CREATED_AT, LAST_LOGIN, GENDER, NATIONALITY, BIRTH_DATE, RELIGION, NATIONAL_NUMBER, ROLE_ID) VALUES (179, 'Fatima', 'Al-Saadi', 'parent.fatima.al-saadi45@parent.school.edu', 'District 5, Baghdad', 'فاطمة', 'السعدي', 'parent123', 0, TIMESTAMP '2025-01-10 09:00:00', TIMESTAMP '2025-09-01 08:30:00', 'F', 'Iraqi', DATE '1970-05-20', 'Muslim', 100000000179, 4);
INSERT INTO USERS (USER_ID, FIRST_NAME, LAST_NAME, EMAIL, ADDRESS, FIRST_NAME_IN_ARABIC, LAST_NAME_IN_ARABIC, PASSWORD, ISDELETED, CREATED_AT, LAST_LOGIN, GENDER, NATIONALITY, BIRTH_DATE, RELIGION, NATIONAL_NUMBER, ROLE_ID) VALUES (180, 'Mohamed', 'Al-Ubaidi', 'parent.mohamed.al-ubaidi46@parent.school.edu', 'District 1, Baghdad', 'محمد', 'العبيدي', 'parent123', 0, TIMESTAMP '2025-01-10 09:00:00', TIMESTAMP '2025-09-01 08:30:00', 'M', 'Iraqi', DATE '1971-05-20', 'Muslim', 100000000180, 4);
INSERT INTO USERS (USER_ID, FIRST_NAME, LAST_NAME, EMAIL, ADDRESS, FIRST_NAME_IN_ARABIC, LAST_NAME_IN_ARABIC, PASSWORD, ISDELETED, CREATED_AT, LAST_LOGIN, GENDER, NATIONALITY, BIRTH_DATE, RELIGION, NATIONAL_NUMBER, ROLE_ID) VALUES (181, 'Sarah', 'Al-Musawi', 'parent.sarah.al-musawi47@parent.school.edu', 'District 2, Baghdad', 'سارة', 'الموسوي', 'parent123', 0, TIMESTAMP '2025-01-10 09:00:00', TIMESTAMP '2025-09-01 08:30:00', 'F', 'Iraqi', DATE '1972-05-20', 'Muslim', 100000000181, 4);
INSERT INTO USERS (USER_ID, FIRST_NAME, LAST_NAME, EMAIL, ADDRESS, FIRST_NAME_IN_ARABIC, LAST_NAME_IN_ARABIC, PASSWORD, ISDELETED, CREATED_AT, LAST_LOGIN, GENDER, NATIONALITY, BIRTH_DATE, RELIGION, NATIONAL_NUMBER, ROLE_ID) VALUES (182, 'Hassan', 'Al-Iraqi', 'parent.hassan.al-iraqi48@parent.school.edu', 'District 3, Baghdad', 'حسن', 'العراقي', 'parent123', 0, TIMESTAMP '2025-01-10 09:00:00', TIMESTAMP '2025-09-01 08:30:00', 'M', 'Iraqi', DATE '1973-05-20', 'Muslim', 100000000182, 4);
INSERT INTO USERS (USER_ID, FIRST_NAME, LAST_NAME, EMAIL, ADDRESS, FIRST_NAME_IN_ARABIC, LAST_NAME_IN_ARABIC, PASSWORD, ISDELETED, CREATED_AT, LAST_LOGIN, GENDER, NATIONALITY, BIRTH_DATE, RELIGION, NATIONAL_NUMBER, ROLE_ID) VALUES (183, 'Nour', 'Al-Jubouri', 'parent.nour.al-jubouri49@parent.school.edu', 'District 4, Baghdad', 'نور', 'الجبوري', 'parent123', 0, TIMESTAMP '2025-01-10 09:00:00', TIMESTAMP '2025-09-01 08:30:00', 'F', 'Iraqi', DATE '1974-05-20', 'Muslim', 100000000183, 4);
INSERT INTO USERS (USER_ID, FIRST_NAME, LAST_NAME, EMAIL, ADDRESS, FIRST_NAME_IN_ARABIC, LAST_NAME_IN_ARABIC, PASSWORD, ISDELETED, CREATED_AT, LAST_LOGIN, GENDER, NATIONALITY, BIRTH_DATE, RELIGION, NATIONAL_NUMBER, ROLE_ID) VALUES (184, 'Omar', 'Al-Khalidi', 'parent.omar.al-khalidi50@parent.school.edu', 'District 5, Baghdad', 'عمر', 'الخالدي', 'parent123', 0, TIMESTAMP '2025-01-10 09:00:00', TIMESTAMP '2025-09-01 08:30:00', 'M', 'Iraqi', DATE '1975-05-20', 'Muslim', 100000000184, 4);
INSERT INTO USERS (USER_ID, FIRST_NAME, LAST_NAME, EMAIL, ADDRESS, FIRST_NAME_IN_ARABIC, LAST_NAME_IN_ARABIC, PASSWORD, ISDELETED, CREATED_AT, LAST_LOGIN, GENDER, NATIONALITY, BIRTH_DATE, RELIGION, NATIONAL_NUMBER, ROLE_ID) VALUES (185, 'Aya', 'Al-Tamimi', 'parent.aya.al-tamimi51@parent.school.edu', 'District 1, Baghdad', 'آية', 'التميمي', 'parent123', 0, TIMESTAMP '2025-01-10 09:00:00', TIMESTAMP '2025-09-01 08:30:00', 'F', 'Iraqi', DATE '1976-05-20', 'Muslim', 100000000185, 4);
INSERT INTO USERS (USER_ID, FIRST_NAME, LAST_NAME, EMAIL, ADDRESS, FIRST_NAME_IN_ARABIC, LAST_NAME_IN_ARABIC, PASSWORD, ISDELETED, CREATED_AT, LAST_LOGIN, GENDER, NATIONALITY, BIRTH_DATE, RELIGION, NATIONAL_NUMBER, ROLE_ID) VALUES (186, 'Mustafa', 'Al-Saadi', 'parent.mustafa.al-saadi52@parent.school.edu', 'District 2, Baghdad', 'مصطفى', 'الساعدي', 'parent123', 0, TIMESTAMP '2025-01-10 09:00:00', TIMESTAMP '2025-09-01 08:30:00', 'M', 'Iraqi', DATE '1977-05-20', 'Muslim', 100000000186, 4);
INSERT INTO USERS (USER_ID, FIRST_NAME, LAST_NAME, EMAIL, ADDRESS, FIRST_NAME_IN_ARABIC, LAST_NAME_IN_ARABIC, PASSWORD, ISDELETED, CREATED_AT, LAST_LOGIN, GENDER, NATIONALITY, BIRTH_DATE, RELIGION, NATIONAL_NUMBER, ROLE_ID) VALUES (187, 'Heba', 'Al-Husseini', 'parent.heba.al-husseini53@parent.school.edu', 'District 3, Baghdad', 'هبة', 'الحسيني', 'parent123', 0, TIMESTAMP '2025-01-10 09:00:00', TIMESTAMP '2025-09-01 08:30:00', 'F', 'Iraqi', DATE '1978-05-20', 'Muslim', 100000000187, 4);
INSERT INTO USERS (USER_ID, FIRST_NAME, LAST_NAME, EMAIL, ADDRESS, FIRST_NAME_IN_ARABIC, LAST_NAME_IN_ARABIC, PASSWORD, ISDELETED, CREATED_AT, LAST_LOGIN, GENDER, NATIONALITY, BIRTH_DATE, RELIGION, NATIONAL_NUMBER, ROLE_ID) VALUES (188, 'Khaled', 'Al-Dulaimi', 'parent.khaled.al-dulaimi54@parent.school.edu', 'District 4, Baghdad', 'خالد', 'الدليمي', 'parent123', 0, TIMESTAMP '2025-01-10 09:00:00', TIMESTAMP '2025-09-01 08:30:00', 'M', 'Iraqi', DATE '1979-05-20', 'Muslim', 100000000188, 4);
INSERT INTO USERS (USER_ID, FIRST_NAME, LAST_NAME, EMAIL, ADDRESS, FIRST_NAME_IN_ARABIC, LAST_NAME_IN_ARABIC, PASSWORD, ISDELETED, CREATED_AT, LAST_LOGIN, GENDER, NATIONALITY, BIRTH_DATE, RELIGION, NATIONAL_NUMBER, ROLE_ID) VALUES (189, 'Shahd', 'Al-Shammari', 'parent.shahd.al-shammari55@parent.school.edu', 'District 5, Baghdad', 'شهد', 'الشمري', 'parent123', 0, TIMESTAMP '2025-01-10 09:00:00', TIMESTAMP '2025-09-01 08:30:00', 'F', 'Iraqi', DATE '1980-05-20', 'Muslim', 100000000189, 4);
INSERT INTO USERS (USER_ID, FIRST_NAME, LAST_NAME, EMAIL, ADDRESS, FIRST_NAME_IN_ARABIC, LAST_NAME_IN_ARABIC, PASSWORD, ISDELETED, CREATED_AT, LAST_LOGIN, GENDER, NATIONALITY, BIRTH_DATE, RELIGION, NATIONAL_NUMBER, ROLE_ID) VALUES (190, 'Amir', 'Al-Muhammadi', 'parent.amir.al-muhammadi56@parent.school.edu', 'District 1, Baghdad', 'أمير', 'المحمداوي', 'parent123', 0, TIMESTAMP '2025-01-10 09:00:00', TIMESTAMP '2025-09-01 08:30:00', 'M', 'Iraqi', DATE '1981-05-20', 'Muslim', 100000000190, 4);
INSERT INTO USERS (USER_ID, FIRST_NAME, LAST_NAME, EMAIL, ADDRESS, FIRST_NAME_IN_ARABIC, LAST_NAME_IN_ARABIC, PASSWORD, ISDELETED, CREATED_AT, LAST_LOGIN, GENDER, NATIONALITY, BIRTH_DATE, RELIGION, NATIONAL_NUMBER, ROLE_ID) VALUES (191, 'Dina', 'Al-Saadi', 'parent.dina.al-saadi57@parent.school.edu', 'District 2, Baghdad', 'دينا', 'السعدي', 'parent123', 0, TIMESTAMP '2025-01-10 09:00:00', TIMESTAMP '2025-09-01 08:30:00', 'F', 'Iraqi', DATE '1982-05-20', 'Muslim', 100000000191, 4);
INSERT INTO USERS (USER_ID, FIRST_NAME, LAST_NAME, EMAIL, ADDRESS, FIRST_NAME_IN_ARABIC, LAST_NAME_IN_ARABIC, PASSWORD, ISDELETED, CREATED_AT, LAST_LOGIN, GENDER, NATIONALITY, BIRTH_DATE, RELIGION, NATIONAL_NUMBER, ROLE_ID) VALUES (192, 'Jaafar', 'Al-Ubaidi', 'parent.jaafar.al-ubaidi58@parent.school.edu', 'District 3, Baghdad', 'جعفر', 'العبيدي', 'parent123', 0, TIMESTAMP '2025-01-10 09:00:00', TIMESTAMP '2025-09-01 08:30:00', 'M', 'Iraqi', DATE '1983-05-20', 'Muslim', 100000000192, 4);
INSERT INTO USERS (USER_ID, FIRST_NAME, LAST_NAME, EMAIL, ADDRESS, FIRST_NAME_IN_ARABIC, LAST_NAME_IN_ARABIC, PASSWORD, ISDELETED, CREATED_AT, LAST_LOGIN, GENDER, NATIONALITY, BIRTH_DATE, RELIGION, NATIONAL_NUMBER, ROLE_ID) VALUES (193, 'Rita', 'Al-Musawi', 'parent.rita.al-musawi59@parent.school.edu', 'District 4, Baghdad', 'ريتا', 'الموسوي', 'parent123', 0, TIMESTAMP '2025-01-10 09:00:00', TIMESTAMP '2025-09-01 08:30:00', 'F', 'Iraqi', DATE '1984-05-20', 'Muslim', 100000000193, 4);

-- 3. Insert User Phone Numbers
INSERT INTO USER_PHONE_NUMBERS (USER_ID, PHONE_NUMBER) VALUES (1, 7700000168);
INSERT INTO USER_PHONE_NUMBERS (USER_ID, PHONE_NUMBER) VALUES (2, 7700000291);
INSERT INTO USER_PHONE_NUMBERS (USER_ID, PHONE_NUMBER) VALUES (3, 7700000414);
INSERT INTO USER_PHONE_NUMBERS (USER_ID, PHONE_NUMBER) VALUES (4, 7700000537);
INSERT INTO USER_PHONE_NUMBERS (USER_ID, PHONE_NUMBER) VALUES (5, 7700000660);
INSERT INTO USER_PHONE_NUMBERS (USER_ID, PHONE_NUMBER) VALUES (5, 7800001672);
INSERT INTO USER_PHONE_NUMBERS (USER_ID, PHONE_NUMBER) VALUES (6, 7700000783);
INSERT INTO USER_PHONE_NUMBERS (USER_ID, PHONE_NUMBER) VALUES (7, 7700000906);
INSERT INTO USER_PHONE_NUMBERS (USER_ID, PHONE_NUMBER) VALUES (8, 7700001029);
INSERT INTO USER_PHONE_NUMBERS (USER_ID, PHONE_NUMBER) VALUES (9, 7700001152);
INSERT INTO USER_PHONE_NUMBERS (USER_ID, PHONE_NUMBER) VALUES (10, 7700001275);
INSERT INTO USER_PHONE_NUMBERS (USER_ID, PHONE_NUMBER) VALUES (10, 7800003277);
INSERT INTO USER_PHONE_NUMBERS (USER_ID, PHONE_NUMBER) VALUES (11, 7700001398);
INSERT INTO USER_PHONE_NUMBERS (USER_ID, PHONE_NUMBER) VALUES (12, 7700001521);
INSERT INTO USER_PHONE_NUMBERS (USER_ID, PHONE_NUMBER) VALUES (13, 7700001644);
INSERT INTO USER_PHONE_NUMBERS (USER_ID, PHONE_NUMBER) VALUES (14, 7700001767);
INSERT INTO USER_PHONE_NUMBERS (USER_ID, PHONE_NUMBER) VALUES (15, 7700001890);
INSERT INTO USER_PHONE_NUMBERS (USER_ID, PHONE_NUMBER) VALUES (15, 7800004882);
INSERT INTO USER_PHONE_NUMBERS (USER_ID, PHONE_NUMBER) VALUES (16, 7700002013);
INSERT INTO USER_PHONE_NUMBERS (USER_ID, PHONE_NUMBER) VALUES (17, 7700002136);
INSERT INTO USER_PHONE_NUMBERS (USER_ID, PHONE_NUMBER) VALUES (18, 7700002259);
INSERT INTO USER_PHONE_NUMBERS (USER_ID, PHONE_NUMBER) VALUES (19, 7700002382);
INSERT INTO USER_PHONE_NUMBERS (USER_ID, PHONE_NUMBER) VALUES (20, 7700002505);
INSERT INTO USER_PHONE_NUMBERS (USER_ID, PHONE_NUMBER) VALUES (20, 7800006487);
INSERT INTO USER_PHONE_NUMBERS (USER_ID, PHONE_NUMBER) VALUES (21, 7700002628);
INSERT INTO USER_PHONE_NUMBERS (USER_ID, PHONE_NUMBER) VALUES (22, 7700002751);
INSERT INTO USER_PHONE_NUMBERS (USER_ID, PHONE_NUMBER) VALUES (23, 7700002874);
INSERT INTO USER_PHONE_NUMBERS (USER_ID, PHONE_NUMBER) VALUES (24, 7700002997);
INSERT INTO USER_PHONE_NUMBERS (USER_ID, PHONE_NUMBER) VALUES (25, 7700003120);
INSERT INTO USER_PHONE_NUMBERS (USER_ID, PHONE_NUMBER) VALUES (25, 7800008092);
INSERT INTO USER_PHONE_NUMBERS (USER_ID, PHONE_NUMBER) VALUES (26, 7700003243);
INSERT INTO USER_PHONE_NUMBERS (USER_ID, PHONE_NUMBER) VALUES (27, 7700003366);
INSERT INTO USER_PHONE_NUMBERS (USER_ID, PHONE_NUMBER) VALUES (28, 7700003489);
INSERT INTO USER_PHONE_NUMBERS (USER_ID, PHONE_NUMBER) VALUES (29, 7700003612);
INSERT INTO USER_PHONE_NUMBERS (USER_ID, PHONE_NUMBER) VALUES (30, 7700003735);
INSERT INTO USER_PHONE_NUMBERS (USER_ID, PHONE_NUMBER) VALUES (30, 7800009697);
INSERT INTO USER_PHONE_NUMBERS (USER_ID, PHONE_NUMBER) VALUES (31, 7700003858);
INSERT INTO USER_PHONE_NUMBERS (USER_ID, PHONE_NUMBER) VALUES (32, 7700003981);
INSERT INTO USER_PHONE_NUMBERS (USER_ID, PHONE_NUMBER) VALUES (33, 7700004104);
INSERT INTO USER_PHONE_NUMBERS (USER_ID, PHONE_NUMBER) VALUES (34, 7700004227);
INSERT INTO USER_PHONE_NUMBERS (USER_ID, PHONE_NUMBER) VALUES (35, 7700004350);
INSERT INTO USER_PHONE_NUMBERS (USER_ID, PHONE_NUMBER) VALUES (35, 7800011302);
INSERT INTO USER_PHONE_NUMBERS (USER_ID, PHONE_NUMBER) VALUES (36, 7700004473);
INSERT INTO USER_PHONE_NUMBERS (USER_ID, PHONE_NUMBER) VALUES (37, 7700004596);
INSERT INTO USER_PHONE_NUMBERS (USER_ID, PHONE_NUMBER) VALUES (38, 7700004719);
INSERT INTO USER_PHONE_NUMBERS (USER_ID, PHONE_NUMBER) VALUES (39, 7700004842);
INSERT INTO USER_PHONE_NUMBERS (USER_ID, PHONE_NUMBER) VALUES (40, 7700004965);
INSERT INTO USER_PHONE_NUMBERS (USER_ID, PHONE_NUMBER) VALUES (40, 7800012907);
INSERT INTO USER_PHONE_NUMBERS (USER_ID, PHONE_NUMBER) VALUES (41, 7700005088);
INSERT INTO USER_PHONE_NUMBERS (USER_ID, PHONE_NUMBER) VALUES (42, 7700005211);
INSERT INTO USER_PHONE_NUMBERS (USER_ID, PHONE_NUMBER) VALUES (43, 7700005334);
INSERT INTO USER_PHONE_NUMBERS (USER_ID, PHONE_NUMBER) VALUES (44, 7700005457);
INSERT INTO USER_PHONE_NUMBERS (USER_ID, PHONE_NUMBER) VALUES (45, 7700005580);
INSERT INTO USER_PHONE_NUMBERS (USER_ID, PHONE_NUMBER) VALUES (45, 7800014512);
INSERT INTO USER_PHONE_NUMBERS (USER_ID, PHONE_NUMBER) VALUES (46, 7700005703);
INSERT INTO USER_PHONE_NUMBERS (USER_ID, PHONE_NUMBER) VALUES (47, 7700005826);
INSERT INTO USER_PHONE_NUMBERS (USER_ID, PHONE_NUMBER) VALUES (48, 7700005949);
INSERT INTO USER_PHONE_NUMBERS (USER_ID, PHONE_NUMBER) VALUES (49, 7700006072);
INSERT INTO USER_PHONE_NUMBERS (USER_ID, PHONE_NUMBER) VALUES (50, 7700006195);
INSERT INTO USER_PHONE_NUMBERS (USER_ID, PHONE_NUMBER) VALUES (50, 7800016117);
INSERT INTO USER_PHONE_NUMBERS (USER_ID, PHONE_NUMBER) VALUES (51, 7700006318);
INSERT INTO USER_PHONE_NUMBERS (USER_ID, PHONE_NUMBER) VALUES (52, 7700006441);
INSERT INTO USER_PHONE_NUMBERS (USER_ID, PHONE_NUMBER) VALUES (53, 7700006564);
INSERT INTO USER_PHONE_NUMBERS (USER_ID, PHONE_NUMBER) VALUES (54, 7700006687);
INSERT INTO USER_PHONE_NUMBERS (USER_ID, PHONE_NUMBER) VALUES (55, 7700006810);
INSERT INTO USER_PHONE_NUMBERS (USER_ID, PHONE_NUMBER) VALUES (55, 7800017722);
INSERT INTO USER_PHONE_NUMBERS (USER_ID, PHONE_NUMBER) VALUES (56, 7700006933);
INSERT INTO USER_PHONE_NUMBERS (USER_ID, PHONE_NUMBER) VALUES (57, 7700007056);
INSERT INTO USER_PHONE_NUMBERS (USER_ID, PHONE_NUMBER) VALUES (58, 7700007179);
INSERT INTO USER_PHONE_NUMBERS (USER_ID, PHONE_NUMBER) VALUES (59, 7700007302);
INSERT INTO USER_PHONE_NUMBERS (USER_ID, PHONE_NUMBER) VALUES (60, 7700007425);
INSERT INTO USER_PHONE_NUMBERS (USER_ID, PHONE_NUMBER) VALUES (60, 7800019327);
INSERT INTO USER_PHONE_NUMBERS (USER_ID, PHONE_NUMBER) VALUES (61, 7700007548);
INSERT INTO USER_PHONE_NUMBERS (USER_ID, PHONE_NUMBER) VALUES (62, 7700007671);
INSERT INTO USER_PHONE_NUMBERS (USER_ID, PHONE_NUMBER) VALUES (63, 7700007794);
INSERT INTO USER_PHONE_NUMBERS (USER_ID, PHONE_NUMBER) VALUES (64, 7700007917);
INSERT INTO USER_PHONE_NUMBERS (USER_ID, PHONE_NUMBER) VALUES (65, 7700008040);
INSERT INTO USER_PHONE_NUMBERS (USER_ID, PHONE_NUMBER) VALUES (65, 7800020932);
INSERT INTO USER_PHONE_NUMBERS (USER_ID, PHONE_NUMBER) VALUES (66, 7700008163);
INSERT INTO USER_PHONE_NUMBERS (USER_ID, PHONE_NUMBER) VALUES (67, 7700008286);
INSERT INTO USER_PHONE_NUMBERS (USER_ID, PHONE_NUMBER) VALUES (68, 7700008409);
INSERT INTO USER_PHONE_NUMBERS (USER_ID, PHONE_NUMBER) VALUES (69, 7700008532);
INSERT INTO USER_PHONE_NUMBERS (USER_ID, PHONE_NUMBER) VALUES (70, 7700008655);
INSERT INTO USER_PHONE_NUMBERS (USER_ID, PHONE_NUMBER) VALUES (70, 7800022537);
INSERT INTO USER_PHONE_NUMBERS (USER_ID, PHONE_NUMBER) VALUES (71, 7700008778);
INSERT INTO USER_PHONE_NUMBERS (USER_ID, PHONE_NUMBER) VALUES (72, 7700008901);
INSERT INTO USER_PHONE_NUMBERS (USER_ID, PHONE_NUMBER) VALUES (73, 7700009024);
INSERT INTO USER_PHONE_NUMBERS (USER_ID, PHONE_NUMBER) VALUES (74, 7700009147);
INSERT INTO USER_PHONE_NUMBERS (USER_ID, PHONE_NUMBER) VALUES (75, 7700009270);
INSERT INTO USER_PHONE_NUMBERS (USER_ID, PHONE_NUMBER) VALUES (75, 7800024142);
INSERT INTO USER_PHONE_NUMBERS (USER_ID, PHONE_NUMBER) VALUES (76, 7700009393);
INSERT INTO USER_PHONE_NUMBERS (USER_ID, PHONE_NUMBER) VALUES (77, 7700009516);
INSERT INTO USER_PHONE_NUMBERS (USER_ID, PHONE_NUMBER) VALUES (78, 7700009639);
INSERT INTO USER_PHONE_NUMBERS (USER_ID, PHONE_NUMBER) VALUES (79, 7700009762);
INSERT INTO USER_PHONE_NUMBERS (USER_ID, PHONE_NUMBER) VALUES (80, 7700009885);
INSERT INTO USER_PHONE_NUMBERS (USER_ID, PHONE_NUMBER) VALUES (80, 7800025747);
INSERT INTO USER_PHONE_NUMBERS (USER_ID, PHONE_NUMBER) VALUES (81, 7700010008);
INSERT INTO USER_PHONE_NUMBERS (USER_ID, PHONE_NUMBER) VALUES (82, 7700010131);
INSERT INTO USER_PHONE_NUMBERS (USER_ID, PHONE_NUMBER) VALUES (83, 7700010254);
INSERT INTO USER_PHONE_NUMBERS (USER_ID, PHONE_NUMBER) VALUES (84, 7700010377);
INSERT INTO USER_PHONE_NUMBERS (USER_ID, PHONE_NUMBER) VALUES (85, 7700010500);
INSERT INTO USER_PHONE_NUMBERS (USER_ID, PHONE_NUMBER) VALUES (85, 7800027352);
INSERT INTO USER_PHONE_NUMBERS (USER_ID, PHONE_NUMBER) VALUES (86, 7700010623);
INSERT INTO USER_PHONE_NUMBERS (USER_ID, PHONE_NUMBER) VALUES (87, 7700010746);
INSERT INTO USER_PHONE_NUMBERS (USER_ID, PHONE_NUMBER) VALUES (88, 7700010869);
INSERT INTO USER_PHONE_NUMBERS (USER_ID, PHONE_NUMBER) VALUES (89, 7700010992);
INSERT INTO USER_PHONE_NUMBERS (USER_ID, PHONE_NUMBER) VALUES (90, 7700011115);
INSERT INTO USER_PHONE_NUMBERS (USER_ID, PHONE_NUMBER) VALUES (90, 7800028957);
INSERT INTO USER_PHONE_NUMBERS (USER_ID, PHONE_NUMBER) VALUES (91, 7700011238);
INSERT INTO USER_PHONE_NUMBERS (USER_ID, PHONE_NUMBER) VALUES (92, 7700011361);
INSERT INTO USER_PHONE_NUMBERS (USER_ID, PHONE_NUMBER) VALUES (93, 7700011484);
INSERT INTO USER_PHONE_NUMBERS (USER_ID, PHONE_NUMBER) VALUES (94, 7700011607);
INSERT INTO USER_PHONE_NUMBERS (USER_ID, PHONE_NUMBER) VALUES (95, 7700011730);
INSERT INTO USER_PHONE_NUMBERS (USER_ID, PHONE_NUMBER) VALUES (95, 7800030562);
INSERT INTO USER_PHONE_NUMBERS (USER_ID, PHONE_NUMBER) VALUES (96, 7700011853);
INSERT INTO USER_PHONE_NUMBERS (USER_ID, PHONE_NUMBER) VALUES (97, 7700011976);
INSERT INTO USER_PHONE_NUMBERS (USER_ID, PHONE_NUMBER) VALUES (98, 7700012099);
INSERT INTO USER_PHONE_NUMBERS (USER_ID, PHONE_NUMBER) VALUES (99, 7700012222);
INSERT INTO USER_PHONE_NUMBERS (USER_ID, PHONE_NUMBER) VALUES (100, 7700012345);
INSERT INTO USER_PHONE_NUMBERS (USER_ID, PHONE_NUMBER) VALUES (100, 7800032167);
INSERT INTO USER_PHONE_NUMBERS (USER_ID, PHONE_NUMBER) VALUES (101, 7700012468);
INSERT INTO USER_PHONE_NUMBERS (USER_ID, PHONE_NUMBER) VALUES (102, 7700012591);
INSERT INTO USER_PHONE_NUMBERS (USER_ID, PHONE_NUMBER) VALUES (103, 7700012714);
INSERT INTO USER_PHONE_NUMBERS (USER_ID, PHONE_NUMBER) VALUES (104, 7700012837);
INSERT INTO USER_PHONE_NUMBERS (USER_ID, PHONE_NUMBER) VALUES (105, 7700012960);
INSERT INTO USER_PHONE_NUMBERS (USER_ID, PHONE_NUMBER) VALUES (105, 7800033772);
INSERT INTO USER_PHONE_NUMBERS (USER_ID, PHONE_NUMBER) VALUES (106, 7700013083);
INSERT INTO USER_PHONE_NUMBERS (USER_ID, PHONE_NUMBER) VALUES (107, 7700013206);
INSERT INTO USER_PHONE_NUMBERS (USER_ID, PHONE_NUMBER) VALUES (108, 7700013329);
INSERT INTO USER_PHONE_NUMBERS (USER_ID, PHONE_NUMBER) VALUES (109, 7700013452);
INSERT INTO USER_PHONE_NUMBERS (USER_ID, PHONE_NUMBER) VALUES (110, 7700013575);
INSERT INTO USER_PHONE_NUMBERS (USER_ID, PHONE_NUMBER) VALUES (110, 7800035377);
INSERT INTO USER_PHONE_NUMBERS (USER_ID, PHONE_NUMBER) VALUES (111, 7700013698);
INSERT INTO USER_PHONE_NUMBERS (USER_ID, PHONE_NUMBER) VALUES (112, 7700013821);
INSERT INTO USER_PHONE_NUMBERS (USER_ID, PHONE_NUMBER) VALUES (113, 7700013944);
INSERT INTO USER_PHONE_NUMBERS (USER_ID, PHONE_NUMBER) VALUES (114, 7700014067);
INSERT INTO USER_PHONE_NUMBERS (USER_ID, PHONE_NUMBER) VALUES (115, 7700014190);
INSERT INTO USER_PHONE_NUMBERS (USER_ID, PHONE_NUMBER) VALUES (115, 7800036982);
INSERT INTO USER_PHONE_NUMBERS (USER_ID, PHONE_NUMBER) VALUES (116, 7700014313);
INSERT INTO USER_PHONE_NUMBERS (USER_ID, PHONE_NUMBER) VALUES (117, 7700014436);
INSERT INTO USER_PHONE_NUMBERS (USER_ID, PHONE_NUMBER) VALUES (118, 7700014559);
INSERT INTO USER_PHONE_NUMBERS (USER_ID, PHONE_NUMBER) VALUES (119, 7700014682);
INSERT INTO USER_PHONE_NUMBERS (USER_ID, PHONE_NUMBER) VALUES (120, 7700014805);
INSERT INTO USER_PHONE_NUMBERS (USER_ID, PHONE_NUMBER) VALUES (120, 7800038587);
INSERT INTO USER_PHONE_NUMBERS (USER_ID, PHONE_NUMBER) VALUES (121, 7700014928);
INSERT INTO USER_PHONE_NUMBERS (USER_ID, PHONE_NUMBER) VALUES (122, 7700015051);
INSERT INTO USER_PHONE_NUMBERS (USER_ID, PHONE_NUMBER) VALUES (123, 7700015174);
INSERT INTO USER_PHONE_NUMBERS (USER_ID, PHONE_NUMBER) VALUES (124, 7700015297);
INSERT INTO USER_PHONE_NUMBERS (USER_ID, PHONE_NUMBER) VALUES (125, 7700015420);
INSERT INTO USER_PHONE_NUMBERS (USER_ID, PHONE_NUMBER) VALUES (125, 7800040192);
INSERT INTO USER_PHONE_NUMBERS (USER_ID, PHONE_NUMBER) VALUES (126, 7700015543);
INSERT INTO USER_PHONE_NUMBERS (USER_ID, PHONE_NUMBER) VALUES (127, 7700015666);
INSERT INTO USER_PHONE_NUMBERS (USER_ID, PHONE_NUMBER) VALUES (128, 7700015789);
INSERT INTO USER_PHONE_NUMBERS (USER_ID, PHONE_NUMBER) VALUES (129, 7700015912);
INSERT INTO USER_PHONE_NUMBERS (USER_ID, PHONE_NUMBER) VALUES (130, 7700016035);
INSERT INTO USER_PHONE_NUMBERS (USER_ID, PHONE_NUMBER) VALUES (130, 7800041797);
INSERT INTO USER_PHONE_NUMBERS (USER_ID, PHONE_NUMBER) VALUES (131, 7700016158);
INSERT INTO USER_PHONE_NUMBERS (USER_ID, PHONE_NUMBER) VALUES (132, 7700016281);
INSERT INTO USER_PHONE_NUMBERS (USER_ID, PHONE_NUMBER) VALUES (133, 7700016404);
INSERT INTO USER_PHONE_NUMBERS (USER_ID, PHONE_NUMBER) VALUES (134, 7700016527);
INSERT INTO USER_PHONE_NUMBERS (USER_ID, PHONE_NUMBER) VALUES (135, 7700016650);
INSERT INTO USER_PHONE_NUMBERS (USER_ID, PHONE_NUMBER) VALUES (135, 7800043402);
INSERT INTO USER_PHONE_NUMBERS (USER_ID, PHONE_NUMBER) VALUES (136, 7700016773);
INSERT INTO USER_PHONE_NUMBERS (USER_ID, PHONE_NUMBER) VALUES (137, 7700016896);
INSERT INTO USER_PHONE_NUMBERS (USER_ID, PHONE_NUMBER) VALUES (138, 7700017019);
INSERT INTO USER_PHONE_NUMBERS (USER_ID, PHONE_NUMBER) VALUES (139, 7700017142);
INSERT INTO USER_PHONE_NUMBERS (USER_ID, PHONE_NUMBER) VALUES (140, 7700017265);
INSERT INTO USER_PHONE_NUMBERS (USER_ID, PHONE_NUMBER) VALUES (140, 7800045007);
INSERT INTO USER_PHONE_NUMBERS (USER_ID, PHONE_NUMBER) VALUES (141, 7700017388);
INSERT INTO USER_PHONE_NUMBERS (USER_ID, PHONE_NUMBER) VALUES (142, 7700017511);
INSERT INTO USER_PHONE_NUMBERS (USER_ID, PHONE_NUMBER) VALUES (143, 7700017634);
INSERT INTO USER_PHONE_NUMBERS (USER_ID, PHONE_NUMBER) VALUES (144, 7700017757);
INSERT INTO USER_PHONE_NUMBERS (USER_ID, PHONE_NUMBER) VALUES (145, 7700017880);
INSERT INTO USER_PHONE_NUMBERS (USER_ID, PHONE_NUMBER) VALUES (145, 7800046612);
INSERT INTO USER_PHONE_NUMBERS (USER_ID, PHONE_NUMBER) VALUES (146, 7700018003);
INSERT INTO USER_PHONE_NUMBERS (USER_ID, PHONE_NUMBER) VALUES (147, 7700018126);
INSERT INTO USER_PHONE_NUMBERS (USER_ID, PHONE_NUMBER) VALUES (148, 7700018249);
INSERT INTO USER_PHONE_NUMBERS (USER_ID, PHONE_NUMBER) VALUES (149, 7700018372);
INSERT INTO USER_PHONE_NUMBERS (USER_ID, PHONE_NUMBER) VALUES (150, 7700018495);
INSERT INTO USER_PHONE_NUMBERS (USER_ID, PHONE_NUMBER) VALUES (150, 7800048217);
INSERT INTO USER_PHONE_NUMBERS (USER_ID, PHONE_NUMBER) VALUES (151, 7700018618);
INSERT INTO USER_PHONE_NUMBERS (USER_ID, PHONE_NUMBER) VALUES (152, 7700018741);
INSERT INTO USER_PHONE_NUMBERS (USER_ID, PHONE_NUMBER) VALUES (153, 7700018864);
INSERT INTO USER_PHONE_NUMBERS (USER_ID, PHONE_NUMBER) VALUES (154, 7700018987);
INSERT INTO USER_PHONE_NUMBERS (USER_ID, PHONE_NUMBER) VALUES (155, 7700019110);
INSERT INTO USER_PHONE_NUMBERS (USER_ID, PHONE_NUMBER) VALUES (155, 7800049822);
INSERT INTO USER_PHONE_NUMBERS (USER_ID, PHONE_NUMBER) VALUES (156, 7700019233);
INSERT INTO USER_PHONE_NUMBERS (USER_ID, PHONE_NUMBER) VALUES (157, 7700019356);
INSERT INTO USER_PHONE_NUMBERS (USER_ID, PHONE_NUMBER) VALUES (158, 7700019479);
INSERT INTO USER_PHONE_NUMBERS (USER_ID, PHONE_NUMBER) VALUES (159, 7700019602);
INSERT INTO USER_PHONE_NUMBERS (USER_ID, PHONE_NUMBER) VALUES (160, 7700019725);
INSERT INTO USER_PHONE_NUMBERS (USER_ID, PHONE_NUMBER) VALUES (160, 7800051427);
INSERT INTO USER_PHONE_NUMBERS (USER_ID, PHONE_NUMBER) VALUES (161, 7700019848);
INSERT INTO USER_PHONE_NUMBERS (USER_ID, PHONE_NUMBER) VALUES (162, 7700019971);
INSERT INTO USER_PHONE_NUMBERS (USER_ID, PHONE_NUMBER) VALUES (163, 7700020094);
INSERT INTO USER_PHONE_NUMBERS (USER_ID, PHONE_NUMBER) VALUES (164, 7700020217);
INSERT INTO USER_PHONE_NUMBERS (USER_ID, PHONE_NUMBER) VALUES (165, 7700020340);
INSERT INTO USER_PHONE_NUMBERS (USER_ID, PHONE_NUMBER) VALUES (165, 7800053032);
INSERT INTO USER_PHONE_NUMBERS (USER_ID, PHONE_NUMBER) VALUES (166, 7700020463);
INSERT INTO USER_PHONE_NUMBERS (USER_ID, PHONE_NUMBER) VALUES (167, 7700020586);
INSERT INTO USER_PHONE_NUMBERS (USER_ID, PHONE_NUMBER) VALUES (168, 7700020709);
INSERT INTO USER_PHONE_NUMBERS (USER_ID, PHONE_NUMBER) VALUES (169, 7700020832);
INSERT INTO USER_PHONE_NUMBERS (USER_ID, PHONE_NUMBER) VALUES (170, 7700020955);
INSERT INTO USER_PHONE_NUMBERS (USER_ID, PHONE_NUMBER) VALUES (170, 7800054637);
INSERT INTO USER_PHONE_NUMBERS (USER_ID, PHONE_NUMBER) VALUES (171, 7700021078);
INSERT INTO USER_PHONE_NUMBERS (USER_ID, PHONE_NUMBER) VALUES (172, 7700021201);
INSERT INTO USER_PHONE_NUMBERS (USER_ID, PHONE_NUMBER) VALUES (173, 7700021324);
INSERT INTO USER_PHONE_NUMBERS (USER_ID, PHONE_NUMBER) VALUES (174, 7700021447);
INSERT INTO USER_PHONE_NUMBERS (USER_ID, PHONE_NUMBER) VALUES (175, 7700021570);
INSERT INTO USER_PHONE_NUMBERS (USER_ID, PHONE_NUMBER) VALUES (175, 7800056242);
INSERT INTO USER_PHONE_NUMBERS (USER_ID, PHONE_NUMBER) VALUES (176, 7700021693);
INSERT INTO USER_PHONE_NUMBERS (USER_ID, PHONE_NUMBER) VALUES (177, 7700021816);
INSERT INTO USER_PHONE_NUMBERS (USER_ID, PHONE_NUMBER) VALUES (178, 7700021939);
INSERT INTO USER_PHONE_NUMBERS (USER_ID, PHONE_NUMBER) VALUES (179, 7700022062);
INSERT INTO USER_PHONE_NUMBERS (USER_ID, PHONE_NUMBER) VALUES (180, 7700022185);
INSERT INTO USER_PHONE_NUMBERS (USER_ID, PHONE_NUMBER) VALUES (180, 7800057847);
INSERT INTO USER_PHONE_NUMBERS (USER_ID, PHONE_NUMBER) VALUES (181, 7700022308);
INSERT INTO USER_PHONE_NUMBERS (USER_ID, PHONE_NUMBER) VALUES (182, 7700022431);
INSERT INTO USER_PHONE_NUMBERS (USER_ID, PHONE_NUMBER) VALUES (183, 7700022554);
INSERT INTO USER_PHONE_NUMBERS (USER_ID, PHONE_NUMBER) VALUES (184, 7700022677);
INSERT INTO USER_PHONE_NUMBERS (USER_ID, PHONE_NUMBER) VALUES (185, 7700022800);
INSERT INTO USER_PHONE_NUMBERS (USER_ID, PHONE_NUMBER) VALUES (185, 7800059452);
INSERT INTO USER_PHONE_NUMBERS (USER_ID, PHONE_NUMBER) VALUES (186, 7700022923);
INSERT INTO USER_PHONE_NUMBERS (USER_ID, PHONE_NUMBER) VALUES (187, 7700023046);
INSERT INTO USER_PHONE_NUMBERS (USER_ID, PHONE_NUMBER) VALUES (188, 7700023169);
INSERT INTO USER_PHONE_NUMBERS (USER_ID, PHONE_NUMBER) VALUES (189, 7700023292);
INSERT INTO USER_PHONE_NUMBERS (USER_ID, PHONE_NUMBER) VALUES (190, 7700023415);
INSERT INTO USER_PHONE_NUMBERS (USER_ID, PHONE_NUMBER) VALUES (190, 7800061057);
INSERT INTO USER_PHONE_NUMBERS (USER_ID, PHONE_NUMBER) VALUES (191, 7700023538);
INSERT INTO USER_PHONE_NUMBERS (USER_ID, PHONE_NUMBER) VALUES (192, 7700023661);
INSERT INTO USER_PHONE_NUMBERS (USER_ID, PHONE_NUMBER) VALUES (193, 7700023784);

-- 4. Insert Terms
INSERT INTO TERM (TERM_ID, TERM, NAME, YEAR) VALUES (1, 1, 'First Term', 2025);
INSERT INTO TERM (TERM_ID, TERM, NAME, YEAR) VALUES (2, 2, 'Second Term', 2025);

-- 5. Insert Grades
INSERT INTO GRADE (GRADE_ID, NAME, YEAR) VALUES (1, 'Grade 10', 2025);
INSERT INTO GRADE (GRADE_ID, NAME, YEAR) VALUES (2, 'Grade 11', 2025);
INSERT INTO GRADE (GRADE_ID, NAME, YEAR) VALUES (3, 'Grade 12', 2025);

-- 6. Insert Grades Per Term
INSERT INTO GRADES_PER_TERM (GRADE_ID, TERM_ID) VALUES (1, 1);
INSERT INTO GRADES_PER_TERM (GRADE_ID, TERM_ID) VALUES (1, 2);
INSERT INTO GRADES_PER_TERM (GRADE_ID, TERM_ID) VALUES (2, 1);
INSERT INTO GRADES_PER_TERM (GRADE_ID, TERM_ID) VALUES (2, 2);
INSERT INTO GRADES_PER_TERM (GRADE_ID, TERM_ID) VALUES (3, 1);
INSERT INTO GRADES_PER_TERM (GRADE_ID, TERM_ID) VALUES (3, 2);

-- 7. Insert Classes
INSERT INTO CLASS (CLASS_ID, GRADE_ID, NAME, CAPACITY) VALUES (1, 1, '10-A', 30);
INSERT INTO CLASS (CLASS_ID, GRADE_ID, NAME, CAPACITY) VALUES (2, 1, '10-B', 30);
INSERT INTO CLASS (CLASS_ID, GRADE_ID, NAME, CAPACITY) VALUES (3, 1, '10-C', 30);
INSERT INTO CLASS (CLASS_ID, GRADE_ID, NAME, CAPACITY) VALUES (4, 1, '10-D', 30);
INSERT INTO CLASS (CLASS_ID, GRADE_ID, NAME, CAPACITY) VALUES (5, 2, '11-A', 30);
INSERT INTO CLASS (CLASS_ID, GRADE_ID, NAME, CAPACITY) VALUES (6, 2, '11-B', 30);
INSERT INTO CLASS (CLASS_ID, GRADE_ID, NAME, CAPACITY) VALUES (7, 2, '11-C', 30);
INSERT INTO CLASS (CLASS_ID, GRADE_ID, NAME, CAPACITY) VALUES (8, 2, '11-D', 30);
INSERT INTO CLASS (CLASS_ID, GRADE_ID, NAME, CAPACITY) VALUES (9, 3, '12-A', 30);
INSERT INTO CLASS (CLASS_ID, GRADE_ID, NAME, CAPACITY) VALUES (10, 3, '12-B', 30);
INSERT INTO CLASS (CLASS_ID, GRADE_ID, NAME, CAPACITY) VALUES (11, 3, '12-C', 30);
INSERT INTO CLASS (CLASS_ID, GRADE_ID, NAME, CAPACITY) VALUES (12, 3, '12-D', 30);

-- 8. Insert Teachers
INSERT INTO TEACHER (TEACHER_ID, USER_ID, EDUCATION, EMPLOYMENT_HISTORY, NUMBER_OF_YEARS_OF_EXPERIENCE) VALUES (1, 4, 'Master of Science', 'School A (2 years), School B (7 years)', 9);
INSERT INTO TEACHER (TEACHER_ID, USER_ID, EDUCATION, EMPLOYMENT_HISTORY, NUMBER_OF_YEARS_OF_EXPERIENCE) VALUES (2, 5, 'Bachelor of Education', 'School A (2 years), School B (8 years)', 10);
INSERT INTO TEACHER (TEACHER_ID, USER_ID, EDUCATION, EMPLOYMENT_HISTORY, NUMBER_OF_YEARS_OF_EXPERIENCE) VALUES (3, 6, 'Ph.D. in Education', 'School A (2 years), School B (9 years)', 11);
INSERT INTO TEACHER (TEACHER_ID, USER_ID, EDUCATION, EMPLOYMENT_HISTORY, NUMBER_OF_YEARS_OF_EXPERIENCE) VALUES (4, 7, 'Bachelor of Education', 'School A (2 years), School B (10 years)', 12);
INSERT INTO TEACHER (TEACHER_ID, USER_ID, EDUCATION, EMPLOYMENT_HISTORY, NUMBER_OF_YEARS_OF_EXPERIENCE) VALUES (5, 8, 'Master of Science', 'School A (2 years), School B (11 years)', 13);
INSERT INTO TEACHER (TEACHER_ID, USER_ID, EDUCATION, EMPLOYMENT_HISTORY, NUMBER_OF_YEARS_OF_EXPERIENCE) VALUES (6, 9, 'Ph.D. in Education', 'School A (2 years), School B (12 years)', 14);
INSERT INTO TEACHER (TEACHER_ID, USER_ID, EDUCATION, EMPLOYMENT_HISTORY, NUMBER_OF_YEARS_OF_EXPERIENCE) VALUES (7, 10, 'Master of Science', 'School A (2 years), School B (13 years)', 15);
INSERT INTO TEACHER (TEACHER_ID, USER_ID, EDUCATION, EMPLOYMENT_HISTORY, NUMBER_OF_YEARS_OF_EXPERIENCE) VALUES (8, 11, 'Bachelor of Education', 'School A (2 years), School B (14 years)', 16);
INSERT INTO TEACHER (TEACHER_ID, USER_ID, EDUCATION, EMPLOYMENT_HISTORY, NUMBER_OF_YEARS_OF_EXPERIENCE) VALUES (9, 12, 'Ph.D. in Education', 'School A (2 years), School B (15 years)', 17);
INSERT INTO TEACHER (TEACHER_ID, USER_ID, EDUCATION, EMPLOYMENT_HISTORY, NUMBER_OF_YEARS_OF_EXPERIENCE) VALUES (10, 13, 'Bachelor of Education', 'School A (2 years), School B (16 years)', 18);

-- 9. Insert Students
INSERT INTO STUDENT (STUDENT_ID, USER_ID, GOVERNORATE, ACADEMIC_SCORE_IN_MIDDLE_SCHOOL, PLACE_OF_BIRTH, class_id) VALUES (1, 14, 'Erbil', 89, 'Erbil', 1);
INSERT INTO STUDENT (STUDENT_ID, USER_ID, GOVERNORATE, ACADEMIC_SCORE_IN_MIDDLE_SCHOOL, PLACE_OF_BIRTH, class_id) VALUES (2, 15, 'Anbar', 90, 'Anbar', 2);
INSERT INTO STUDENT (STUDENT_ID, USER_ID, GOVERNORATE, ACADEMIC_SCORE_IN_MIDDLE_SCHOOL, PLACE_OF_BIRTH, class_id) VALUES (3, 16, 'Nineveh', 91, 'Nineveh', 3);
INSERT INTO STUDENT (STUDENT_ID, USER_ID, GOVERNORATE, ACADEMIC_SCORE_IN_MIDDLE_SCHOOL, PLACE_OF_BIRTH, class_id) VALUES (4, 17, 'Baghdad', 92, 'Baghdad', 4);
INSERT INTO STUDENT (STUDENT_ID, USER_ID, GOVERNORATE, ACADEMIC_SCORE_IN_MIDDLE_SCHOOL, PLACE_OF_BIRTH, class_id) VALUES (5, 18, 'Anbar', 93, 'Anbar', 5);
INSERT INTO STUDENT (STUDENT_ID, USER_ID, GOVERNORATE, ACADEMIC_SCORE_IN_MIDDLE_SCHOOL, PLACE_OF_BIRTH, class_id) VALUES (6, 19, 'Baghdad', 94, 'Baghdad', 6);
INSERT INTO STUDENT (STUDENT_ID, USER_ID, GOVERNORATE, ACADEMIC_SCORE_IN_MIDDLE_SCHOOL, PLACE_OF_BIRTH, class_id) VALUES (7, 20, 'Baghdad', 95, 'Baghdad', 7);
INSERT INTO STUDENT (STUDENT_ID, USER_ID, GOVERNORATE, ACADEMIC_SCORE_IN_MIDDLE_SCHOOL, PLACE_OF_BIRTH, class_id) VALUES (8, 21, 'Karbala', 96, 'Karbala', 8);
INSERT INTO STUDENT (STUDENT_ID, USER_ID, GOVERNORATE, ACADEMIC_SCORE_IN_MIDDLE_SCHOOL, PLACE_OF_BIRTH, class_id) VALUES (9, 22, 'Sulaymaniyah', 97, 'Sulaymaniyah', 9);
INSERT INTO STUDENT (STUDENT_ID, USER_ID, GOVERNORATE, ACADEMIC_SCORE_IN_MIDDLE_SCHOOL, PLACE_OF_BIRTH, class_id) VALUES (10, 23, 'Anbar', 98, 'Anbar', 10);
INSERT INTO STUDENT (STUDENT_ID, USER_ID, GOVERNORATE, ACADEMIC_SCORE_IN_MIDDLE_SCHOOL, PLACE_OF_BIRTH, class_id) VALUES (11, 24, 'Nineveh', 99, 'Nineveh', 11);
INSERT INTO STUDENT (STUDENT_ID, USER_ID, GOVERNORATE, ACADEMIC_SCORE_IN_MIDDLE_SCHOOL, PLACE_OF_BIRTH, class_id) VALUES (12, 25, 'Kirkuk', 75, 'Kirkuk', 12);
INSERT INTO STUDENT (STUDENT_ID, USER_ID, GOVERNORATE, ACADEMIC_SCORE_IN_MIDDLE_SCHOOL, PLACE_OF_BIRTH, class_id) VALUES (13, 26, 'Kirkuk', 76, 'Kirkuk', 1);
INSERT INTO STUDENT (STUDENT_ID, USER_ID, GOVERNORATE, ACADEMIC_SCORE_IN_MIDDLE_SCHOOL, PLACE_OF_BIRTH, class_id) VALUES (14, 27, 'Nineveh', 77, 'Nineveh', 2);
INSERT INTO STUDENT (STUDENT_ID, USER_ID, GOVERNORATE, ACADEMIC_SCORE_IN_MIDDLE_SCHOOL, PLACE_OF_BIRTH, class_id) VALUES (15, 28, 'Karbala', 78, 'Karbala', 3);
INSERT INTO STUDENT (STUDENT_ID, USER_ID, GOVERNORATE, ACADEMIC_SCORE_IN_MIDDLE_SCHOOL, PLACE_OF_BIRTH, class_id) VALUES (16, 29, 'Karbala', 79, 'Karbala', 4);
INSERT INTO STUDENT (STUDENT_ID, USER_ID, GOVERNORATE, ACADEMIC_SCORE_IN_MIDDLE_SCHOOL, PLACE_OF_BIRTH, class_id) VALUES (17, 30, 'Kirkuk', 80, 'Kirkuk', 5);
INSERT INTO STUDENT (STUDENT_ID, USER_ID, GOVERNORATE, ACADEMIC_SCORE_IN_MIDDLE_SCHOOL, PLACE_OF_BIRTH, class_id) VALUES (18, 31, 'Baghdad', 81, 'Baghdad', 6);
INSERT INTO STUDENT (STUDENT_ID, USER_ID, GOVERNORATE, ACADEMIC_SCORE_IN_MIDDLE_SCHOOL, PLACE_OF_BIRTH, class_id) VALUES (19, 32, 'Karbala', 82, 'Karbala', 7);
INSERT INTO STUDENT (STUDENT_ID, USER_ID, GOVERNORATE, ACADEMIC_SCORE_IN_MIDDLE_SCHOOL, PLACE_OF_BIRTH, class_id) VALUES (20, 33, 'Babil', 83, 'Babil', 8);
INSERT INTO STUDENT (STUDENT_ID, USER_ID, GOVERNORATE, ACADEMIC_SCORE_IN_MIDDLE_SCHOOL, PLACE_OF_BIRTH, class_id) VALUES (21, 34, 'Basra', 84, 'Basra', 9);
INSERT INTO STUDENT (STUDENT_ID, USER_ID, GOVERNORATE, ACADEMIC_SCORE_IN_MIDDLE_SCHOOL, PLACE_OF_BIRTH, class_id) VALUES (22, 35, 'Sulaymaniyah', 85, 'Sulaymaniyah', 10);
INSERT INTO STUDENT (STUDENT_ID, USER_ID, GOVERNORATE, ACADEMIC_SCORE_IN_MIDDLE_SCHOOL, PLACE_OF_BIRTH, class_id) VALUES (23, 36, 'Babil', 86, 'Babil', 11);
INSERT INTO STUDENT (STUDENT_ID, USER_ID, GOVERNORATE, ACADEMIC_SCORE_IN_MIDDLE_SCHOOL, PLACE_OF_BIRTH, class_id) VALUES (24, 37, 'Anbar', 87, 'Anbar', 12);
INSERT INTO STUDENT (STUDENT_ID, USER_ID, GOVERNORATE, ACADEMIC_SCORE_IN_MIDDLE_SCHOOL, PLACE_OF_BIRTH, class_id) VALUES (25, 38, 'Kirkuk', 88, 'Kirkuk', 1);
INSERT INTO STUDENT (STUDENT_ID, USER_ID, GOVERNORATE, ACADEMIC_SCORE_IN_MIDDLE_SCHOOL, PLACE_OF_BIRTH, class_id) VALUES (26, 39, 'Nineveh', 89, 'Nineveh', 2);
INSERT INTO STUDENT (STUDENT_ID, USER_ID, GOVERNORATE, ACADEMIC_SCORE_IN_MIDDLE_SCHOOL, PLACE_OF_BIRTH, class_id) VALUES (27, 40, 'Babil', 90, 'Babil', 3);
INSERT INTO STUDENT (STUDENT_ID, USER_ID, GOVERNORATE, ACADEMIC_SCORE_IN_MIDDLE_SCHOOL, PLACE_OF_BIRTH, class_id) VALUES (28, 41, 'Babil', 91, 'Babil', 4);
INSERT INTO STUDENT (STUDENT_ID, USER_ID, GOVERNORATE, ACADEMIC_SCORE_IN_MIDDLE_SCHOOL, PLACE_OF_BIRTH, class_id) VALUES (29, 42, 'Baghdad', 92, 'Baghdad', 5);
INSERT INTO STUDENT (STUDENT_ID, USER_ID, GOVERNORATE, ACADEMIC_SCORE_IN_MIDDLE_SCHOOL, PLACE_OF_BIRTH, class_id) VALUES (30, 43, 'Babil', 93, 'Babil', 6);
INSERT INTO STUDENT (STUDENT_ID, USER_ID, GOVERNORATE, ACADEMIC_SCORE_IN_MIDDLE_SCHOOL, PLACE_OF_BIRTH, class_id) VALUES (31, 44, 'Karbala', 94, 'Karbala', 7);
INSERT INTO STUDENT (STUDENT_ID, USER_ID, GOVERNORATE, ACADEMIC_SCORE_IN_MIDDLE_SCHOOL, PLACE_OF_BIRTH, class_id) VALUES (32, 45, 'Kirkuk', 95, 'Kirkuk', 8);
INSERT INTO STUDENT (STUDENT_ID, USER_ID, GOVERNORATE, ACADEMIC_SCORE_IN_MIDDLE_SCHOOL, PLACE_OF_BIRTH, class_id) VALUES (33, 46, 'Basra', 96, 'Basra', 9);
INSERT INTO STUDENT (STUDENT_ID, USER_ID, GOVERNORATE, ACADEMIC_SCORE_IN_MIDDLE_SCHOOL, PLACE_OF_BIRTH, class_id) VALUES (34, 47, 'Nineveh', 97, 'Nineveh', 10);
INSERT INTO STUDENT (STUDENT_ID, USER_ID, GOVERNORATE, ACADEMIC_SCORE_IN_MIDDLE_SCHOOL, PLACE_OF_BIRTH, class_id) VALUES (35, 48, 'Nineveh', 98, 'Nineveh', 11);
INSERT INTO STUDENT (STUDENT_ID, USER_ID, GOVERNORATE, ACADEMIC_SCORE_IN_MIDDLE_SCHOOL, PLACE_OF_BIRTH, class_id) VALUES (36, 49, 'Anbar', 99, 'Anbar', 12);
INSERT INTO STUDENT (STUDENT_ID, USER_ID, GOVERNORATE, ACADEMIC_SCORE_IN_MIDDLE_SCHOOL, PLACE_OF_BIRTH, class_id) VALUES (37, 50, 'Basra', 75, 'Basra', 1);
INSERT INTO STUDENT (STUDENT_ID, USER_ID, GOVERNORATE, ACADEMIC_SCORE_IN_MIDDLE_SCHOOL, PLACE_OF_BIRTH, class_id) VALUES (38, 51, 'Sulaymaniyah', 76, 'Sulaymaniyah', 2);
INSERT INTO STUDENT (STUDENT_ID, USER_ID, GOVERNORATE, ACADEMIC_SCORE_IN_MIDDLE_SCHOOL, PLACE_OF_BIRTH, class_id) VALUES (39, 52, 'Anbar', 77, 'Anbar', 3);
INSERT INTO STUDENT (STUDENT_ID, USER_ID, GOVERNORATE, ACADEMIC_SCORE_IN_MIDDLE_SCHOOL, PLACE_OF_BIRTH, class_id) VALUES (40, 53, 'Kirkuk', 78, 'Kirkuk', 4);
INSERT INTO STUDENT (STUDENT_ID, USER_ID, GOVERNORATE, ACADEMIC_SCORE_IN_MIDDLE_SCHOOL, PLACE_OF_BIRTH, class_id) VALUES (41, 54, 'Babil', 79, 'Babil', 5);
INSERT INTO STUDENT (STUDENT_ID, USER_ID, GOVERNORATE, ACADEMIC_SCORE_IN_MIDDLE_SCHOOL, PLACE_OF_BIRTH, class_id) VALUES (42, 55, 'Baghdad', 80, 'Baghdad', 6);
INSERT INTO STUDENT (STUDENT_ID, USER_ID, GOVERNORATE, ACADEMIC_SCORE_IN_MIDDLE_SCHOOL, PLACE_OF_BIRTH, class_id) VALUES (43, 56, 'Baghdad', 81, 'Baghdad', 7);
INSERT INTO STUDENT (STUDENT_ID, USER_ID, GOVERNORATE, ACADEMIC_SCORE_IN_MIDDLE_SCHOOL, PLACE_OF_BIRTH, class_id) VALUES (44, 57, 'Babil', 82, 'Babil', 8);
INSERT INTO STUDENT (STUDENT_ID, USER_ID, GOVERNORATE, ACADEMIC_SCORE_IN_MIDDLE_SCHOOL, PLACE_OF_BIRTH, class_id) VALUES (45, 58, 'Nineveh', 83, 'Nineveh', 9);
INSERT INTO STUDENT (STUDENT_ID, USER_ID, GOVERNORATE, ACADEMIC_SCORE_IN_MIDDLE_SCHOOL, PLACE_OF_BIRTH, class_id) VALUES (46, 59, 'Baghdad', 84, 'Baghdad', 10);
INSERT INTO STUDENT (STUDENT_ID, USER_ID, GOVERNORATE, ACADEMIC_SCORE_IN_MIDDLE_SCHOOL, PLACE_OF_BIRTH, class_id) VALUES (47, 60, 'Erbil', 85, 'Erbil', 11);
INSERT INTO STUDENT (STUDENT_ID, USER_ID, GOVERNORATE, ACADEMIC_SCORE_IN_MIDDLE_SCHOOL, PLACE_OF_BIRTH, class_id) VALUES (48, 61, 'Babil', 86, 'Babil', 12);
INSERT INTO STUDENT (STUDENT_ID, USER_ID, GOVERNORATE, ACADEMIC_SCORE_IN_MIDDLE_SCHOOL, PLACE_OF_BIRTH, class_id) VALUES (49, 62, 'Babil', 87, 'Babil', 1);
INSERT INTO STUDENT (STUDENT_ID, USER_ID, GOVERNORATE, ACADEMIC_SCORE_IN_MIDDLE_SCHOOL, PLACE_OF_BIRTH, class_id) VALUES (50, 63, 'Baghdad', 88, 'Baghdad', 2);
INSERT INTO STUDENT (STUDENT_ID, USER_ID, GOVERNORATE, ACADEMIC_SCORE_IN_MIDDLE_SCHOOL, PLACE_OF_BIRTH, class_id) VALUES (51, 64, 'Sulaymaniyah', 89, 'Sulaymaniyah', 3);
INSERT INTO STUDENT (STUDENT_ID, USER_ID, GOVERNORATE, ACADEMIC_SCORE_IN_MIDDLE_SCHOOL, PLACE_OF_BIRTH, class_id) VALUES (52, 65, 'Baghdad', 90, 'Baghdad', 4);
INSERT INTO STUDENT (STUDENT_ID, USER_ID, GOVERNORATE, ACADEMIC_SCORE_IN_MIDDLE_SCHOOL, PLACE_OF_BIRTH, class_id) VALUES (53, 66, 'Najaf', 91, 'Najaf', 5);
INSERT INTO STUDENT (STUDENT_ID, USER_ID, GOVERNORATE, ACADEMIC_SCORE_IN_MIDDLE_SCHOOL, PLACE_OF_BIRTH, class_id) VALUES (54, 67, 'Sulaymaniyah', 92, 'Sulaymaniyah', 6);
INSERT INTO STUDENT (STUDENT_ID, USER_ID, GOVERNORATE, ACADEMIC_SCORE_IN_MIDDLE_SCHOOL, PLACE_OF_BIRTH, class_id) VALUES (55, 68, 'Karbala', 93, 'Karbala', 7);
INSERT INTO STUDENT (STUDENT_ID, USER_ID, GOVERNORATE, ACADEMIC_SCORE_IN_MIDDLE_SCHOOL, PLACE_OF_BIRTH, class_id) VALUES (56, 69, 'Erbil', 94, 'Erbil', 8);
INSERT INTO STUDENT (STUDENT_ID, USER_ID, GOVERNORATE, ACADEMIC_SCORE_IN_MIDDLE_SCHOOL, PLACE_OF_BIRTH, class_id) VALUES (57, 70, 'Nineveh', 95, 'Nineveh', 9);
INSERT INTO STUDENT (STUDENT_ID, USER_ID, GOVERNORATE, ACADEMIC_SCORE_IN_MIDDLE_SCHOOL, PLACE_OF_BIRTH, class_id) VALUES (58, 71, 'Nineveh', 96, 'Nineveh', 10);
INSERT INTO STUDENT (STUDENT_ID, USER_ID, GOVERNORATE, ACADEMIC_SCORE_IN_MIDDLE_SCHOOL, PLACE_OF_BIRTH, class_id) VALUES (59, 72, 'Najaf', 97, 'Najaf', 11);
INSERT INTO STUDENT (STUDENT_ID, USER_ID, GOVERNORATE, ACADEMIC_SCORE_IN_MIDDLE_SCHOOL, PLACE_OF_BIRTH, class_id) VALUES (60, 73, 'Erbil', 98, 'Erbil', 12);
INSERT INTO STUDENT (STUDENT_ID, USER_ID, GOVERNORATE, ACADEMIC_SCORE_IN_MIDDLE_SCHOOL, PLACE_OF_BIRTH, class_id) VALUES (61, 74, 'Babil', 99, 'Babil', 1);
INSERT INTO STUDENT (STUDENT_ID, USER_ID, GOVERNORATE, ACADEMIC_SCORE_IN_MIDDLE_SCHOOL, PLACE_OF_BIRTH, class_id) VALUES (62, 75, 'Basra', 75, 'Basra', 2);
INSERT INTO STUDENT (STUDENT_ID, USER_ID, GOVERNORATE, ACADEMIC_SCORE_IN_MIDDLE_SCHOOL, PLACE_OF_BIRTH, class_id) VALUES (63, 76, 'Najaf', 76, 'Najaf', 3);
INSERT INTO STUDENT (STUDENT_ID, USER_ID, GOVERNORATE, ACADEMIC_SCORE_IN_MIDDLE_SCHOOL, PLACE_OF_BIRTH, class_id) VALUES (64, 77, 'Karbala', 77, 'Karbala', 4);
INSERT INTO STUDENT (STUDENT_ID, USER_ID, GOVERNORATE, ACADEMIC_SCORE_IN_MIDDLE_SCHOOL, PLACE_OF_BIRTH, class_id) VALUES (65, 78, 'Najaf', 78, 'Najaf', 5);
INSERT INTO STUDENT (STUDENT_ID, USER_ID, GOVERNORATE, ACADEMIC_SCORE_IN_MIDDLE_SCHOOL, PLACE_OF_BIRTH, class_id) VALUES (66, 79, 'Najaf', 79, 'Najaf', 6);
INSERT INTO STUDENT (STUDENT_ID, USER_ID, GOVERNORATE, ACADEMIC_SCORE_IN_MIDDLE_SCHOOL, PLACE_OF_BIRTH, class_id) VALUES (67, 80, 'Nineveh', 80, 'Nineveh', 7);
INSERT INTO STUDENT (STUDENT_ID, USER_ID, GOVERNORATE, ACADEMIC_SCORE_IN_MIDDLE_SCHOOL, PLACE_OF_BIRTH, class_id) VALUES (68, 81, 'Baghdad', 81, 'Baghdad', 8);
INSERT INTO STUDENT (STUDENT_ID, USER_ID, GOVERNORATE, ACADEMIC_SCORE_IN_MIDDLE_SCHOOL, PLACE_OF_BIRTH, class_id) VALUES (69, 82, 'Basra', 82, 'Basra', 9);
INSERT INTO STUDENT (STUDENT_ID, USER_ID, GOVERNORATE, ACADEMIC_SCORE_IN_MIDDLE_SCHOOL, PLACE_OF_BIRTH, class_id) VALUES (70, 83, 'Basra', 83, 'Basra', 10);
INSERT INTO STUDENT (STUDENT_ID, USER_ID, GOVERNORATE, ACADEMIC_SCORE_IN_MIDDLE_SCHOOL, PLACE_OF_BIRTH, class_id) VALUES (71, 84, 'Karbala', 84, 'Karbala', 11);
INSERT INTO STUDENT (STUDENT_ID, USER_ID, GOVERNORATE, ACADEMIC_SCORE_IN_MIDDLE_SCHOOL, PLACE_OF_BIRTH, class_id) VALUES (72, 85, 'Najaf', 85, 'Najaf', 12);
INSERT INTO STUDENT (STUDENT_ID, USER_ID, GOVERNORATE, ACADEMIC_SCORE_IN_MIDDLE_SCHOOL, PLACE_OF_BIRTH, class_id) VALUES (73, 86, 'Baghdad', 86, 'Baghdad', 1);
INSERT INTO STUDENT (STUDENT_ID, USER_ID, GOVERNORATE, ACADEMIC_SCORE_IN_MIDDLE_SCHOOL, PLACE_OF_BIRTH, class_id) VALUES (74, 87, 'Basra', 87, 'Basra', 2);
INSERT INTO STUDENT (STUDENT_ID, USER_ID, GOVERNORATE, ACADEMIC_SCORE_IN_MIDDLE_SCHOOL, PLACE_OF_BIRTH, class_id) VALUES (75, 88, 'Kirkuk', 88, 'Kirkuk', 3);
INSERT INTO STUDENT (STUDENT_ID, USER_ID, GOVERNORATE, ACADEMIC_SCORE_IN_MIDDLE_SCHOOL, PLACE_OF_BIRTH, class_id) VALUES (76, 89, 'Erbil', 89, 'Erbil', 4);
INSERT INTO STUDENT (STUDENT_ID, USER_ID, GOVERNORATE, ACADEMIC_SCORE_IN_MIDDLE_SCHOOL, PLACE_OF_BIRTH, class_id) VALUES (77, 90, 'Baghdad', 90, 'Baghdad', 5);
INSERT INTO STUDENT (STUDENT_ID, USER_ID, GOVERNORATE, ACADEMIC_SCORE_IN_MIDDLE_SCHOOL, PLACE_OF_BIRTH, class_id) VALUES (78, 91, 'Karbala', 91, 'Karbala', 6);
INSERT INTO STUDENT (STUDENT_ID, USER_ID, GOVERNORATE, ACADEMIC_SCORE_IN_MIDDLE_SCHOOL, PLACE_OF_BIRTH, class_id) VALUES (79, 92, 'Sulaymaniyah', 92, 'Sulaymaniyah', 7);
INSERT INTO STUDENT (STUDENT_ID, USER_ID, GOVERNORATE, ACADEMIC_SCORE_IN_MIDDLE_SCHOOL, PLACE_OF_BIRTH, class_id) VALUES (80, 93, 'Kirkuk', 93, 'Kirkuk', 8);
INSERT INTO STUDENT (STUDENT_ID, USER_ID, GOVERNORATE, ACADEMIC_SCORE_IN_MIDDLE_SCHOOL, PLACE_OF_BIRTH, class_id) VALUES (81, 94, 'Nineveh', 94, 'Nineveh', 9);
INSERT INTO STUDENT (STUDENT_ID, USER_ID, GOVERNORATE, ACADEMIC_SCORE_IN_MIDDLE_SCHOOL, PLACE_OF_BIRTH, class_id) VALUES (82, 95, 'Babil', 95, 'Babil', 10);
INSERT INTO STUDENT (STUDENT_ID, USER_ID, GOVERNORATE, ACADEMIC_SCORE_IN_MIDDLE_SCHOOL, PLACE_OF_BIRTH, class_id) VALUES (83, 96, 'Baghdad', 96, 'Baghdad', 11);
INSERT INTO STUDENT (STUDENT_ID, USER_ID, GOVERNORATE, ACADEMIC_SCORE_IN_MIDDLE_SCHOOL, PLACE_OF_BIRTH, class_id) VALUES (84, 97, 'Babil', 97, 'Babil', 12);
INSERT INTO STUDENT (STUDENT_ID, USER_ID, GOVERNORATE, ACADEMIC_SCORE_IN_MIDDLE_SCHOOL, PLACE_OF_BIRTH, class_id) VALUES (85, 98, 'Basra', 98, 'Basra', 1);
INSERT INTO STUDENT (STUDENT_ID, USER_ID, GOVERNORATE, ACADEMIC_SCORE_IN_MIDDLE_SCHOOL, PLACE_OF_BIRTH, class_id) VALUES (86, 99, 'Karbala', 99, 'Karbala', 2);
INSERT INTO STUDENT (STUDENT_ID, USER_ID, GOVERNORATE, ACADEMIC_SCORE_IN_MIDDLE_SCHOOL, PLACE_OF_BIRTH, class_id) VALUES (87, 100, 'Najaf', 75, 'Najaf', 3);
INSERT INTO STUDENT (STUDENT_ID, USER_ID, GOVERNORATE, ACADEMIC_SCORE_IN_MIDDLE_SCHOOL, PLACE_OF_BIRTH, class_id) VALUES (88, 101, 'Kirkuk', 76, 'Kirkuk', 4);
INSERT INTO STUDENT (STUDENT_ID, USER_ID, GOVERNORATE, ACADEMIC_SCORE_IN_MIDDLE_SCHOOL, PLACE_OF_BIRTH, class_id) VALUES (89, 102, 'Najaf', 77, 'Najaf', 5);
INSERT INTO STUDENT (STUDENT_ID, USER_ID, GOVERNORATE, ACADEMIC_SCORE_IN_MIDDLE_SCHOOL, PLACE_OF_BIRTH, class_id) VALUES (90, 103, 'Nineveh', 78, 'Nineveh', 6);
INSERT INTO STUDENT (STUDENT_ID, USER_ID, GOVERNORATE, ACADEMIC_SCORE_IN_MIDDLE_SCHOOL, PLACE_OF_BIRTH, class_id) VALUES (91, 104, 'Kirkuk', 79, 'Kirkuk', 7);
INSERT INTO STUDENT (STUDENT_ID, USER_ID, GOVERNORATE, ACADEMIC_SCORE_IN_MIDDLE_SCHOOL, PLACE_OF_BIRTH, class_id) VALUES (92, 105, 'Basra', 80, 'Basra', 8);
INSERT INTO STUDENT (STUDENT_ID, USER_ID, GOVERNORATE, ACADEMIC_SCORE_IN_MIDDLE_SCHOOL, PLACE_OF_BIRTH, class_id) VALUES (93, 106, 'Anbar', 81, 'Anbar', 9);
INSERT INTO STUDENT (STUDENT_ID, USER_ID, GOVERNORATE, ACADEMIC_SCORE_IN_MIDDLE_SCHOOL, PLACE_OF_BIRTH, class_id) VALUES (94, 107, 'Babil', 82, 'Babil', 10);
INSERT INTO STUDENT (STUDENT_ID, USER_ID, GOVERNORATE, ACADEMIC_SCORE_IN_MIDDLE_SCHOOL, PLACE_OF_BIRTH, class_id) VALUES (95, 108, 'Najaf', 83, 'Najaf', 11);
INSERT INTO STUDENT (STUDENT_ID, USER_ID, GOVERNORATE, ACADEMIC_SCORE_IN_MIDDLE_SCHOOL, PLACE_OF_BIRTH, class_id) VALUES (96, 109, 'Najaf', 84, 'Najaf', 12);
INSERT INTO STUDENT (STUDENT_ID, USER_ID, GOVERNORATE, ACADEMIC_SCORE_IN_MIDDLE_SCHOOL, PLACE_OF_BIRTH, class_id) VALUES (97, 110, 'Karbala', 85, 'Karbala', 1);
INSERT INTO STUDENT (STUDENT_ID, USER_ID, GOVERNORATE, ACADEMIC_SCORE_IN_MIDDLE_SCHOOL, PLACE_OF_BIRTH, class_id) VALUES (98, 111, 'Erbil', 86, 'Erbil', 2);
INSERT INTO STUDENT (STUDENT_ID, USER_ID, GOVERNORATE, ACADEMIC_SCORE_IN_MIDDLE_SCHOOL, PLACE_OF_BIRTH, class_id) VALUES (99, 112, 'Anbar', 87, 'Anbar', 3);
INSERT INTO STUDENT (STUDENT_ID, USER_ID, GOVERNORATE, ACADEMIC_SCORE_IN_MIDDLE_SCHOOL, PLACE_OF_BIRTH, class_id) VALUES (100, 113, 'Kirkuk', 88, 'Kirkuk', 4);
INSERT INTO STUDENT (STUDENT_ID, USER_ID, GOVERNORATE, ACADEMIC_SCORE_IN_MIDDLE_SCHOOL, PLACE_OF_BIRTH, class_id) VALUES (101, 114, 'Erbil', 89, 'Erbil', 5);
INSERT INTO STUDENT (STUDENT_ID, USER_ID, GOVERNORATE, ACADEMIC_SCORE_IN_MIDDLE_SCHOOL, PLACE_OF_BIRTH, class_id) VALUES (102, 115, 'Karbala', 90, 'Karbala', 6);
INSERT INTO STUDENT (STUDENT_ID, USER_ID, GOVERNORATE, ACADEMIC_SCORE_IN_MIDDLE_SCHOOL, PLACE_OF_BIRTH, class_id) VALUES (103, 116, 'Nineveh', 91, 'Nineveh', 7);
INSERT INTO STUDENT (STUDENT_ID, USER_ID, GOVERNORATE, ACADEMIC_SCORE_IN_MIDDLE_SCHOOL, PLACE_OF_BIRTH, class_id) VALUES (104, 117, 'Sulaymaniyah', 92, 'Sulaymaniyah', 8);
INSERT INTO STUDENT (STUDENT_ID, USER_ID, GOVERNORATE, ACADEMIC_SCORE_IN_MIDDLE_SCHOOL, PLACE_OF_BIRTH, class_id) VALUES (105, 118, 'Kirkuk', 93, 'Kirkuk', 9);
INSERT INTO STUDENT (STUDENT_ID, USER_ID, GOVERNORATE, ACADEMIC_SCORE_IN_MIDDLE_SCHOOL, PLACE_OF_BIRTH, class_id) VALUES (106, 119, 'Karbala', 94, 'Karbala', 10);
INSERT INTO STUDENT (STUDENT_ID, USER_ID, GOVERNORATE, ACADEMIC_SCORE_IN_MIDDLE_SCHOOL, PLACE_OF_BIRTH, class_id) VALUES (107, 120, 'Najaf', 95, 'Najaf', 11);
INSERT INTO STUDENT (STUDENT_ID, USER_ID, GOVERNORATE, ACADEMIC_SCORE_IN_MIDDLE_SCHOOL, PLACE_OF_BIRTH, class_id) VALUES (108, 121, 'Anbar', 96, 'Anbar', 12);
INSERT INTO STUDENT (STUDENT_ID, USER_ID, GOVERNORATE, ACADEMIC_SCORE_IN_MIDDLE_SCHOOL, PLACE_OF_BIRTH, class_id) VALUES (109, 122, 'Erbil', 97, 'Erbil', 1);
INSERT INTO STUDENT (STUDENT_ID, USER_ID, GOVERNORATE, ACADEMIC_SCORE_IN_MIDDLE_SCHOOL, PLACE_OF_BIRTH, class_id) VALUES (110, 123, 'Babil', 98, 'Babil', 2);
INSERT INTO STUDENT (STUDENT_ID, USER_ID, GOVERNORATE, ACADEMIC_SCORE_IN_MIDDLE_SCHOOL, PLACE_OF_BIRTH, class_id) VALUES (111, 124, 'Nineveh', 99, 'Nineveh', 3);
INSERT INTO STUDENT (STUDENT_ID, USER_ID, GOVERNORATE, ACADEMIC_SCORE_IN_MIDDLE_SCHOOL, PLACE_OF_BIRTH, class_id) VALUES (112, 125, 'Karbala', 75, 'Karbala', 4);
INSERT INTO STUDENT (STUDENT_ID, USER_ID, GOVERNORATE, ACADEMIC_SCORE_IN_MIDDLE_SCHOOL, PLACE_OF_BIRTH, class_id) VALUES (113, 126, 'Najaf', 76, 'Najaf', 5);
INSERT INTO STUDENT (STUDENT_ID, USER_ID, GOVERNORATE, ACADEMIC_SCORE_IN_MIDDLE_SCHOOL, PLACE_OF_BIRTH, class_id) VALUES (114, 127, 'Najaf', 77, 'Najaf', 6);
INSERT INTO STUDENT (STUDENT_ID, USER_ID, GOVERNORATE, ACADEMIC_SCORE_IN_MIDDLE_SCHOOL, PLACE_OF_BIRTH, class_id) VALUES (115, 128, 'Anbar', 78, 'Anbar', 7);
INSERT INTO STUDENT (STUDENT_ID, USER_ID, GOVERNORATE, ACADEMIC_SCORE_IN_MIDDLE_SCHOOL, PLACE_OF_BIRTH, class_id) VALUES (116, 129, 'Najaf', 79, 'Najaf', 8);
INSERT INTO STUDENT (STUDENT_ID, USER_ID, GOVERNORATE, ACADEMIC_SCORE_IN_MIDDLE_SCHOOL, PLACE_OF_BIRTH, class_id) VALUES (117, 130, 'Nineveh', 80, 'Nineveh', 9);
INSERT INTO STUDENT (STUDENT_ID, USER_ID, GOVERNORATE, ACADEMIC_SCORE_IN_MIDDLE_SCHOOL, PLACE_OF_BIRTH, class_id) VALUES (118, 131, 'Karbala', 81, 'Karbala', 10);
INSERT INTO STUDENT (STUDENT_ID, USER_ID, GOVERNORATE, ACADEMIC_SCORE_IN_MIDDLE_SCHOOL, PLACE_OF_BIRTH, class_id) VALUES (119, 132, 'Basra', 82, 'Basra', 11);
INSERT INTO STUDENT (STUDENT_ID, USER_ID, GOVERNORATE, ACADEMIC_SCORE_IN_MIDDLE_SCHOOL, PLACE_OF_BIRTH, class_id) VALUES (120, 133, 'Anbar', 83, 'Anbar', 12);

-- 10. Insert Parents
INSERT INTO PARENT (PARENT_ID, USER_ID, JOB_NAME) VALUES (1, 134, 'Nurse');
INSERT INTO PARENT (PARENT_ID, USER_ID, JOB_NAME) VALUES (2, 135, 'Accountant');
INSERT INTO PARENT (PARENT_ID, USER_ID, JOB_NAME) VALUES (3, 136, 'Lawyer');
INSERT INTO PARENT (PARENT_ID, USER_ID, JOB_NAME) VALUES (4, 137, 'Civil Servant');
INSERT INTO PARENT (PARENT_ID, USER_ID, JOB_NAME) VALUES (5, 138, 'Businessman');
INSERT INTO PARENT (PARENT_ID, USER_ID, JOB_NAME) VALUES (6, 139, 'Doctor');
INSERT INTO PARENT (PARENT_ID, USER_ID, JOB_NAME) VALUES (7, 140, 'Doctor');
INSERT INTO PARENT (PARENT_ID, USER_ID, JOB_NAME) VALUES (8, 141, 'Teacher');
INSERT INTO PARENT (PARENT_ID, USER_ID, JOB_NAME) VALUES (9, 142, 'Teacher');
INSERT INTO PARENT (PARENT_ID, USER_ID, JOB_NAME) VALUES (10, 143, 'Engineer');
INSERT INTO PARENT (PARENT_ID, USER_ID, JOB_NAME) VALUES (11, 144, 'Civil Servant');
INSERT INTO PARENT (PARENT_ID, USER_ID, JOB_NAME) VALUES (12, 145, 'Doctor');
INSERT INTO PARENT (PARENT_ID, USER_ID, JOB_NAME) VALUES (13, 146, 'Teacher');
INSERT INTO PARENT (PARENT_ID, USER_ID, JOB_NAME) VALUES (14, 147, 'Engineer');
INSERT INTO PARENT (PARENT_ID, USER_ID, JOB_NAME) VALUES (15, 148, 'Teacher');
INSERT INTO PARENT (PARENT_ID, USER_ID, JOB_NAME) VALUES (16, 149, 'Teacher');
INSERT INTO PARENT (PARENT_ID, USER_ID, JOB_NAME) VALUES (17, 150, 'Civil Servant');
INSERT INTO PARENT (PARENT_ID, USER_ID, JOB_NAME) VALUES (18, 151, 'Lawyer');
INSERT INTO PARENT (PARENT_ID, USER_ID, JOB_NAME) VALUES (19, 152, 'Teacher');
INSERT INTO PARENT (PARENT_ID, USER_ID, JOB_NAME) VALUES (20, 153, 'Civil Servant');
INSERT INTO PARENT (PARENT_ID, USER_ID, JOB_NAME) VALUES (21, 154, 'Lawyer');
INSERT INTO PARENT (PARENT_ID, USER_ID, JOB_NAME) VALUES (22, 155, 'Businessman');
INSERT INTO PARENT (PARENT_ID, USER_ID, JOB_NAME) VALUES (23, 156, 'Civil Servant');
INSERT INTO PARENT (PARENT_ID, USER_ID, JOB_NAME) VALUES (24, 157, 'Accountant');
INSERT INTO PARENT (PARENT_ID, USER_ID, JOB_NAME) VALUES (25, 158, 'Lawyer');
INSERT INTO PARENT (PARENT_ID, USER_ID, JOB_NAME) VALUES (26, 159, 'Doctor');
INSERT INTO PARENT (PARENT_ID, USER_ID, JOB_NAME) VALUES (27, 160, 'Accountant');
INSERT INTO PARENT (PARENT_ID, USER_ID, JOB_NAME) VALUES (28, 161, 'Civil Servant');
INSERT INTO PARENT (PARENT_ID, USER_ID, JOB_NAME) VALUES (29, 162, 'Accountant');
INSERT INTO PARENT (PARENT_ID, USER_ID, JOB_NAME) VALUES (30, 163, 'Teacher');
INSERT INTO PARENT (PARENT_ID, USER_ID, JOB_NAME) VALUES (31, 164, 'Accountant');
INSERT INTO PARENT (PARENT_ID, USER_ID, JOB_NAME) VALUES (32, 165, 'Civil Servant');
INSERT INTO PARENT (PARENT_ID, USER_ID, JOB_NAME) VALUES (33, 166, 'Engineer');
INSERT INTO PARENT (PARENT_ID, USER_ID, JOB_NAME) VALUES (34, 167, 'Civil Servant');
INSERT INTO PARENT (PARENT_ID, USER_ID, JOB_NAME) VALUES (35, 168, 'Nurse');
INSERT INTO PARENT (PARENT_ID, USER_ID, JOB_NAME) VALUES (36, 169, 'Engineer');
INSERT INTO PARENT (PARENT_ID, USER_ID, JOB_NAME) VALUES (37, 170, 'Lawyer');
INSERT INTO PARENT (PARENT_ID, USER_ID, JOB_NAME) VALUES (38, 171, 'Businessman');
INSERT INTO PARENT (PARENT_ID, USER_ID, JOB_NAME) VALUES (39, 172, 'Engineer');
INSERT INTO PARENT (PARENT_ID, USER_ID, JOB_NAME) VALUES (40, 173, 'Doctor');
INSERT INTO PARENT (PARENT_ID, USER_ID, JOB_NAME) VALUES (41, 174, 'Nurse');
INSERT INTO PARENT (PARENT_ID, USER_ID, JOB_NAME) VALUES (42, 175, 'Nurse');
INSERT INTO PARENT (PARENT_ID, USER_ID, JOB_NAME) VALUES (43, 176, 'Nurse');
INSERT INTO PARENT (PARENT_ID, USER_ID, JOB_NAME) VALUES (44, 177, 'Civil Servant');
INSERT INTO PARENT (PARENT_ID, USER_ID, JOB_NAME) VALUES (45, 178, 'Nurse');
INSERT INTO PARENT (PARENT_ID, USER_ID, JOB_NAME) VALUES (46, 179, 'Doctor');
INSERT INTO PARENT (PARENT_ID, USER_ID, JOB_NAME) VALUES (47, 180, 'Doctor');
INSERT INTO PARENT (PARENT_ID, USER_ID, JOB_NAME) VALUES (48, 181, 'Doctor');
INSERT INTO PARENT (PARENT_ID, USER_ID, JOB_NAME) VALUES (49, 182, 'Accountant');
INSERT INTO PARENT (PARENT_ID, USER_ID, JOB_NAME) VALUES (50, 183, 'Engineer');
INSERT INTO PARENT (PARENT_ID, USER_ID, JOB_NAME) VALUES (51, 184, 'Teacher');
INSERT INTO PARENT (PARENT_ID, USER_ID, JOB_NAME) VALUES (52, 185, 'Accountant');
INSERT INTO PARENT (PARENT_ID, USER_ID, JOB_NAME) VALUES (53, 186, 'Teacher');
INSERT INTO PARENT (PARENT_ID, USER_ID, JOB_NAME) VALUES (54, 187, 'Civil Servant');
INSERT INTO PARENT (PARENT_ID, USER_ID, JOB_NAME) VALUES (55, 188, 'Civil Servant');
INSERT INTO PARENT (PARENT_ID, USER_ID, JOB_NAME) VALUES (56, 189, 'Teacher');
INSERT INTO PARENT (PARENT_ID, USER_ID, JOB_NAME) VALUES (57, 190, 'Accountant');
INSERT INTO PARENT (PARENT_ID, USER_ID, JOB_NAME) VALUES (58, 191, 'Doctor');
INSERT INTO PARENT (PARENT_ID, USER_ID, JOB_NAME) VALUES (59, 192, 'Lawyer');
INSERT INTO PARENT (PARENT_ID, USER_ID, JOB_NAME) VALUES (60, 193, 'Teacher');

-- 11. Insert Courses
INSERT INTO COURSE (COURSE_ID, TEACHER_ID, GRADE_ID, TERM_ID, COURSE_TYPE, COURSE_NAME, DESCRIPTION, STUDY_PLAN, Materials) VALUES (1, 1, 1, 1, 'Core', 'Mathematics - Grade 10 (Term 1)', 'Basic course description for Mathematics - Grade 10 (Term 1)', 'Week 1-15 detailed study plan', 'https://materials.school.edu/1');
INSERT INTO COURSE (COURSE_ID, TEACHER_ID, GRADE_ID, TERM_ID, COURSE_TYPE, COURSE_NAME, DESCRIPTION, STUDY_PLAN, Materials) VALUES (2, 2, 1, 1, 'Core', 'Physics - Grade 10 (Term 1)', 'Basic course description for Physics - Grade 10 (Term 1)', 'Week 1-15 detailed study plan', 'https://materials.school.edu/2');
INSERT INTO COURSE (COURSE_ID, TEACHER_ID, GRADE_ID, TERM_ID, COURSE_TYPE, COURSE_NAME, DESCRIPTION, STUDY_PLAN, Materials) VALUES (3, 3, 1, 1, 'Core', 'Arabic Language - Grade 10 (Term 1)', 'Basic course description for Arabic Language - Grade 10 (Term 1)', 'Week 1-15 detailed study plan', 'https://materials.school.edu/3');
INSERT INTO COURSE (COURSE_ID, TEACHER_ID, GRADE_ID, TERM_ID, COURSE_TYPE, COURSE_NAME, DESCRIPTION, STUDY_PLAN, Materials) VALUES (4, 4, 1, 1, 'Core', 'English Language - Grade 10 (Term 1)', 'Basic course description for English Language - Grade 10 (Term 1)', 'Week 1-15 detailed study plan', 'https://materials.school.edu/4');
INSERT INTO COURSE (COURSE_ID, TEACHER_ID, GRADE_ID, TERM_ID, COURSE_TYPE, COURSE_NAME, DESCRIPTION, STUDY_PLAN, Materials) VALUES (5, 1, 1, 2, 'Core', 'Chemistry - Grade 10 (Term 2)', 'Basic course description for Chemistry - Grade 10 (Term 2)', 'Week 1-15 detailed study plan', 'https://materials.school.edu/5');
INSERT INTO COURSE (COURSE_ID, TEACHER_ID, GRADE_ID, TERM_ID, COURSE_TYPE, COURSE_NAME, DESCRIPTION, STUDY_PLAN, Materials) VALUES (6, 3, 1, 2, 'Core', 'Biology - Grade 10 (Term 2)', 'Basic course description for Biology - Grade 10 (Term 2)', 'Week 1-15 detailed study plan', 'https://materials.school.edu/6');
INSERT INTO COURSE (COURSE_ID, TEACHER_ID, GRADE_ID, TERM_ID, COURSE_TYPE, COURSE_NAME, DESCRIPTION, STUDY_PLAN, Materials) VALUES (7, 5, 1, 2, 'Elective', 'History - Grade 10 (Term 2)', 'Basic course description for History - Grade 10 (Term 2)', 'Week 1-15 detailed study plan', 'https://materials.school.edu/7');
INSERT INTO COURSE (COURSE_ID, TEACHER_ID, GRADE_ID, TERM_ID, COURSE_TYPE, COURSE_NAME, DESCRIPTION, STUDY_PLAN, Materials) VALUES (8, 7, 1, 2, 'Elective', 'Computer Science - Grade 10 (Term 2)', 'Basic course description for Computer Science - Grade 10 (Term 2)', 'Week 1-15 detailed study plan', 'https://materials.school.edu/8');
INSERT INTO COURSE (COURSE_ID, TEACHER_ID, GRADE_ID, TERM_ID, COURSE_TYPE, COURSE_NAME, DESCRIPTION, STUDY_PLAN, Materials) VALUES (9, 1, 2, 1, 'Core', 'Mathematics - Grade 11 (Term 1)', 'Basic course description for Mathematics - Grade 11 (Term 1)', 'Week 1-15 detailed study plan', 'https://materials.school.edu/9');
INSERT INTO COURSE (COURSE_ID, TEACHER_ID, GRADE_ID, TERM_ID, COURSE_TYPE, COURSE_NAME, DESCRIPTION, STUDY_PLAN, Materials) VALUES (10, 3, 2, 1, 'Core', 'Physics - Grade 11 (Term 1)', 'Basic course description for Physics - Grade 11 (Term 1)', 'Week 1-15 detailed study plan', 'https://materials.school.edu/10');
INSERT INTO COURSE (COURSE_ID, TEACHER_ID, GRADE_ID, TERM_ID, COURSE_TYPE, COURSE_NAME, DESCRIPTION, STUDY_PLAN, Materials) VALUES (11, 5, 2, 1, 'Core', 'Arabic Language - Grade 11 (Term 1)', 'Basic course description for Arabic Language - Grade 11 (Term 1)', 'Week 1-15 detailed study plan', 'https://materials.school.edu/11');
INSERT INTO COURSE (COURSE_ID, TEACHER_ID, GRADE_ID, TERM_ID, COURSE_TYPE, COURSE_NAME, DESCRIPTION, STUDY_PLAN, Materials) VALUES (12, 7, 2, 1, 'Core', 'English Language - Grade 11 (Term 1)', 'Basic course description for English Language - Grade 11 (Term 1)', 'Week 1-15 detailed study plan', 'https://materials.school.edu/12');
INSERT INTO COURSE (COURSE_ID, TEACHER_ID, GRADE_ID, TERM_ID, COURSE_TYPE, COURSE_NAME, DESCRIPTION, STUDY_PLAN, Materials) VALUES (13, 1, 2, 2, 'Core', 'Chemistry - Grade 11 (Term 2)', 'Basic course description for Chemistry - Grade 11 (Term 2)', 'Week 1-15 detailed study plan', 'https://materials.school.edu/13');
INSERT INTO COURSE (COURSE_ID, TEACHER_ID, GRADE_ID, TERM_ID, COURSE_TYPE, COURSE_NAME, DESCRIPTION, STUDY_PLAN, Materials) VALUES (14, 5, 2, 2, 'Core', 'Biology - Grade 11 (Term 2)', 'Basic course description for Biology - Grade 11 (Term 2)', 'Week 1-15 detailed study plan', 'https://materials.school.edu/14');
INSERT INTO COURSE (COURSE_ID, TEACHER_ID, GRADE_ID, TERM_ID, COURSE_TYPE, COURSE_NAME, DESCRIPTION, STUDY_PLAN, Materials) VALUES (15, 9, 2, 2, 'Elective', 'History - Grade 11 (Term 2)', 'Basic course description for History - Grade 11 (Term 2)', 'Week 1-15 detailed study plan', 'https://materials.school.edu/15');
INSERT INTO COURSE (COURSE_ID, TEACHER_ID, GRADE_ID, TERM_ID, COURSE_TYPE, COURSE_NAME, DESCRIPTION, STUDY_PLAN, Materials) VALUES (16, 3, 2, 2, 'Elective', 'Computer Science - Grade 11 (Term 2)', 'Basic course description for Computer Science - Grade 11 (Term 2)', 'Week 1-15 detailed study plan', 'https://materials.school.edu/16');
INSERT INTO COURSE (COURSE_ID, TEACHER_ID, GRADE_ID, TERM_ID, COURSE_TYPE, COURSE_NAME, DESCRIPTION, STUDY_PLAN, Materials) VALUES (17, 1, 3, 1, 'Core', 'Mathematics - Grade 12 (Term 1)', 'Basic course description for Mathematics - Grade 12 (Term 1)', 'Week 1-15 detailed study plan', 'https://materials.school.edu/17');
INSERT INTO COURSE (COURSE_ID, TEACHER_ID, GRADE_ID, TERM_ID, COURSE_TYPE, COURSE_NAME, DESCRIPTION, STUDY_PLAN, Materials) VALUES (18, 4, 3, 1, 'Core', 'Physics - Grade 12 (Term 1)', 'Basic course description for Physics - Grade 12 (Term 1)', 'Week 1-15 detailed study plan', 'https://materials.school.edu/18');
INSERT INTO COURSE (COURSE_ID, TEACHER_ID, GRADE_ID, TERM_ID, COURSE_TYPE, COURSE_NAME, DESCRIPTION, STUDY_PLAN, Materials) VALUES (19, 7, 3, 1, 'Core', 'Arabic Language - Grade 12 (Term 1)', 'Basic course description for Arabic Language - Grade 12 (Term 1)', 'Week 1-15 detailed study plan', 'https://materials.school.edu/19');
INSERT INTO COURSE (COURSE_ID, TEACHER_ID, GRADE_ID, TERM_ID, COURSE_TYPE, COURSE_NAME, DESCRIPTION, STUDY_PLAN, Materials) VALUES (20, 10, 3, 1, 'Core', 'English Language - Grade 12 (Term 1)', 'Basic course description for English Language - Grade 12 (Term 1)', 'Week 1-15 detailed study plan', 'https://materials.school.edu/20');
INSERT INTO COURSE (COURSE_ID, TEACHER_ID, GRADE_ID, TERM_ID, COURSE_TYPE, COURSE_NAME, DESCRIPTION, STUDY_PLAN, Materials) VALUES (21, 1, 3, 2, 'Core', 'Chemistry - Grade 12 (Term 2)', 'Basic course description for Chemistry - Grade 12 (Term 2)', 'Week 1-15 detailed study plan', 'https://materials.school.edu/21');
INSERT INTO COURSE (COURSE_ID, TEACHER_ID, GRADE_ID, TERM_ID, COURSE_TYPE, COURSE_NAME, DESCRIPTION, STUDY_PLAN, Materials) VALUES (22, 7, 3, 2, 'Core', 'Biology - Grade 12 (Term 2)', 'Basic course description for Biology - Grade 12 (Term 2)', 'Week 1-15 detailed study plan', 'https://materials.school.edu/22');
INSERT INTO COURSE (COURSE_ID, TEACHER_ID, GRADE_ID, TERM_ID, COURSE_TYPE, COURSE_NAME, DESCRIPTION, STUDY_PLAN, Materials) VALUES (23, 3, 3, 2, 'Elective', 'History - Grade 12 (Term 2)', 'Basic course description for History - Grade 12 (Term 2)', 'Week 1-15 detailed study plan', 'https://materials.school.edu/23');
INSERT INTO COURSE (COURSE_ID, TEACHER_ID, GRADE_ID, TERM_ID, COURSE_TYPE, COURSE_NAME, DESCRIPTION, STUDY_PLAN, Materials) VALUES (24, 9, 3, 2, 'Elective', 'Computer Science - Grade 12 (Term 2)', 'Basic course description for Computer Science - Grade 12 (Term 2)', 'Week 1-15 detailed study plan', 'https://materials.school.edu/24');

-- 12. Insert Sessions
INSERT INTO SESSIONS (SESSION_ID, CLASS_ID, COURSE_ID, DAY_OF_WEEK, START_AT, END_AT, UPDATED_AT) VALUES (1, 1, 1, 1, TO_DATE('08:30:00', 'HH24:MI:SS'), TO_DATE('09:30:00', 'HH24:MI:SS'), DATE '2025-09-01');
INSERT INTO SESSIONS (SESSION_ID, CLASS_ID, COURSE_ID, DAY_OF_WEEK, START_AT, END_AT, UPDATED_AT) VALUES (2, 1, 2, 2, TO_DATE('09:45:00', 'HH24:MI:SS'), TO_DATE('10:45:00', 'HH24:MI:SS'), DATE '2025-09-01');
INSERT INTO SESSIONS (SESSION_ID, CLASS_ID, COURSE_ID, DAY_OF_WEEK, START_AT, END_AT, UPDATED_AT) VALUES (3, 1, 3, 3, TO_DATE('11:00:00', 'HH24:MI:SS'), TO_DATE('12:00:00', 'HH24:MI:SS'), DATE '2025-09-01');
INSERT INTO SESSIONS (SESSION_ID, CLASS_ID, COURSE_ID, DAY_OF_WEEK, START_AT, END_AT, UPDATED_AT) VALUES (4, 1, 4, 4, TO_DATE('12:15:00', 'HH24:MI:SS'), TO_DATE('13:15:00', 'HH24:MI:SS'), DATE '2025-09-01');
INSERT INTO SESSIONS (SESSION_ID, CLASS_ID, COURSE_ID, DAY_OF_WEEK, START_AT, END_AT, UPDATED_AT) VALUES (5, 1, 5, 5, TO_DATE('13:30:00', 'HH24:MI:SS'), TO_DATE('14:30:00', 'HH24:MI:SS'), DATE '2025-09-01');
INSERT INTO SESSIONS (SESSION_ID, CLASS_ID, COURSE_ID, DAY_OF_WEEK, START_AT, END_AT, UPDATED_AT) VALUES (6, 2, 1, 1, TO_DATE('08:30:00', 'HH24:MI:SS'), TO_DATE('09:30:00', 'HH24:MI:SS'), DATE '2025-09-01');
INSERT INTO SESSIONS (SESSION_ID, CLASS_ID, COURSE_ID, DAY_OF_WEEK, START_AT, END_AT, UPDATED_AT) VALUES (7, 2, 2, 2, TO_DATE('09:45:00', 'HH24:MI:SS'), TO_DATE('10:45:00', 'HH24:MI:SS'), DATE '2025-09-01');
INSERT INTO SESSIONS (SESSION_ID, CLASS_ID, COURSE_ID, DAY_OF_WEEK, START_AT, END_AT, UPDATED_AT) VALUES (8, 2, 3, 3, TO_DATE('11:00:00', 'HH24:MI:SS'), TO_DATE('12:00:00', 'HH24:MI:SS'), DATE '2025-09-01');
INSERT INTO SESSIONS (SESSION_ID, CLASS_ID, COURSE_ID, DAY_OF_WEEK, START_AT, END_AT, UPDATED_AT) VALUES (9, 2, 4, 4, TO_DATE('12:15:00', 'HH24:MI:SS'), TO_DATE('13:15:00', 'HH24:MI:SS'), DATE '2025-09-01');
INSERT INTO SESSIONS (SESSION_ID, CLASS_ID, COURSE_ID, DAY_OF_WEEK, START_AT, END_AT, UPDATED_AT) VALUES (10, 2, 5, 5, TO_DATE('13:30:00', 'HH24:MI:SS'), TO_DATE('14:30:00', 'HH24:MI:SS'), DATE '2025-09-01');
INSERT INTO SESSIONS (SESSION_ID, CLASS_ID, COURSE_ID, DAY_OF_WEEK, START_AT, END_AT, UPDATED_AT) VALUES (11, 3, 1, 1, TO_DATE('08:30:00', 'HH24:MI:SS'), TO_DATE('09:30:00', 'HH24:MI:SS'), DATE '2025-09-01');
INSERT INTO SESSIONS (SESSION_ID, CLASS_ID, COURSE_ID, DAY_OF_WEEK, START_AT, END_AT, UPDATED_AT) VALUES (12, 3, 2, 2, TO_DATE('09:45:00', 'HH24:MI:SS'), TO_DATE('10:45:00', 'HH24:MI:SS'), DATE '2025-09-01');
INSERT INTO SESSIONS (SESSION_ID, CLASS_ID, COURSE_ID, DAY_OF_WEEK, START_AT, END_AT, UPDATED_AT) VALUES (13, 3, 3, 3, TO_DATE('11:00:00', 'HH24:MI:SS'), TO_DATE('12:00:00', 'HH24:MI:SS'), DATE '2025-09-01');
INSERT INTO SESSIONS (SESSION_ID, CLASS_ID, COURSE_ID, DAY_OF_WEEK, START_AT, END_AT, UPDATED_AT) VALUES (14, 3, 4, 4, TO_DATE('12:15:00', 'HH24:MI:SS'), TO_DATE('13:15:00', 'HH24:MI:SS'), DATE '2025-09-01');
INSERT INTO SESSIONS (SESSION_ID, CLASS_ID, COURSE_ID, DAY_OF_WEEK, START_AT, END_AT, UPDATED_AT) VALUES (15, 3, 5, 5, TO_DATE('13:30:00', 'HH24:MI:SS'), TO_DATE('14:30:00', 'HH24:MI:SS'), DATE '2025-09-01');
INSERT INTO SESSIONS (SESSION_ID, CLASS_ID, COURSE_ID, DAY_OF_WEEK, START_AT, END_AT, UPDATED_AT) VALUES (16, 4, 1, 1, TO_DATE('08:30:00', 'HH24:MI:SS'), TO_DATE('09:30:00', 'HH24:MI:SS'), DATE '2025-09-01');
INSERT INTO SESSIONS (SESSION_ID, CLASS_ID, COURSE_ID, DAY_OF_WEEK, START_AT, END_AT, UPDATED_AT) VALUES (17, 4, 2, 2, TO_DATE('09:45:00', 'HH24:MI:SS'), TO_DATE('10:45:00', 'HH24:MI:SS'), DATE '2025-09-01');
INSERT INTO SESSIONS (SESSION_ID, CLASS_ID, COURSE_ID, DAY_OF_WEEK, START_AT, END_AT, UPDATED_AT) VALUES (18, 4, 3, 3, TO_DATE('11:00:00', 'HH24:MI:SS'), TO_DATE('12:00:00', 'HH24:MI:SS'), DATE '2025-09-01');
INSERT INTO SESSIONS (SESSION_ID, CLASS_ID, COURSE_ID, DAY_OF_WEEK, START_AT, END_AT, UPDATED_AT) VALUES (19, 4, 4, 4, TO_DATE('12:15:00', 'HH24:MI:SS'), TO_DATE('13:15:00', 'HH24:MI:SS'), DATE '2025-09-01');
INSERT INTO SESSIONS (SESSION_ID, CLASS_ID, COURSE_ID, DAY_OF_WEEK, START_AT, END_AT, UPDATED_AT) VALUES (20, 4, 5, 5, TO_DATE('13:30:00', 'HH24:MI:SS'), TO_DATE('14:30:00', 'HH24:MI:SS'), DATE '2025-09-01');
INSERT INTO SESSIONS (SESSION_ID, CLASS_ID, COURSE_ID, DAY_OF_WEEK, START_AT, END_AT, UPDATED_AT) VALUES (21, 5, 9, 1, TO_DATE('08:30:00', 'HH24:MI:SS'), TO_DATE('09:30:00', 'HH24:MI:SS'), DATE '2025-09-01');
INSERT INTO SESSIONS (SESSION_ID, CLASS_ID, COURSE_ID, DAY_OF_WEEK, START_AT, END_AT, UPDATED_AT) VALUES (22, 5, 10, 2, TO_DATE('09:45:00', 'HH24:MI:SS'), TO_DATE('10:45:00', 'HH24:MI:SS'), DATE '2025-09-01');
INSERT INTO SESSIONS (SESSION_ID, CLASS_ID, COURSE_ID, DAY_OF_WEEK, START_AT, END_AT, UPDATED_AT) VALUES (23, 5, 11, 3, TO_DATE('11:00:00', 'HH24:MI:SS'), TO_DATE('12:00:00', 'HH24:MI:SS'), DATE '2025-09-01');
INSERT INTO SESSIONS (SESSION_ID, CLASS_ID, COURSE_ID, DAY_OF_WEEK, START_AT, END_AT, UPDATED_AT) VALUES (24, 5, 12, 4, TO_DATE('12:15:00', 'HH24:MI:SS'), TO_DATE('13:15:00', 'HH24:MI:SS'), DATE '2025-09-01');
INSERT INTO SESSIONS (SESSION_ID, CLASS_ID, COURSE_ID, DAY_OF_WEEK, START_AT, END_AT, UPDATED_AT) VALUES (25, 5, 13, 5, TO_DATE('13:30:00', 'HH24:MI:SS'), TO_DATE('14:30:00', 'HH24:MI:SS'), DATE '2025-09-01');
INSERT INTO SESSIONS (SESSION_ID, CLASS_ID, COURSE_ID, DAY_OF_WEEK, START_AT, END_AT, UPDATED_AT) VALUES (26, 6, 9, 1, TO_DATE('08:30:00', 'HH24:MI:SS'), TO_DATE('09:30:00', 'HH24:MI:SS'), DATE '2025-09-01');
INSERT INTO SESSIONS (SESSION_ID, CLASS_ID, COURSE_ID, DAY_OF_WEEK, START_AT, END_AT, UPDATED_AT) VALUES (27, 6, 10, 2, TO_DATE('09:45:00', 'HH24:MI:SS'), TO_DATE('10:45:00', 'HH24:MI:SS'), DATE '2025-09-01');
INSERT INTO SESSIONS (SESSION_ID, CLASS_ID, COURSE_ID, DAY_OF_WEEK, START_AT, END_AT, UPDATED_AT) VALUES (28, 6, 11, 3, TO_DATE('11:00:00', 'HH24:MI:SS'), TO_DATE('12:00:00', 'HH24:MI:SS'), DATE '2025-09-01');
INSERT INTO SESSIONS (SESSION_ID, CLASS_ID, COURSE_ID, DAY_OF_WEEK, START_AT, END_AT, UPDATED_AT) VALUES (29, 6, 12, 4, TO_DATE('12:15:00', 'HH24:MI:SS'), TO_DATE('13:15:00', 'HH24:MI:SS'), DATE '2025-09-01');
INSERT INTO SESSIONS (SESSION_ID, CLASS_ID, COURSE_ID, DAY_OF_WEEK, START_AT, END_AT, UPDATED_AT) VALUES (30, 6, 13, 5, TO_DATE('13:30:00', 'HH24:MI:SS'), TO_DATE('14:30:00', 'HH24:MI:SS'), DATE '2025-09-01');
INSERT INTO SESSIONS (SESSION_ID, CLASS_ID, COURSE_ID, DAY_OF_WEEK, START_AT, END_AT, UPDATED_AT) VALUES (31, 7, 9, 1, TO_DATE('08:30:00', 'HH24:MI:SS'), TO_DATE('09:30:00', 'HH24:MI:SS'), DATE '2025-09-01');
INSERT INTO SESSIONS (SESSION_ID, CLASS_ID, COURSE_ID, DAY_OF_WEEK, START_AT, END_AT, UPDATED_AT) VALUES (32, 7, 10, 2, TO_DATE('09:45:00', 'HH24:MI:SS'), TO_DATE('10:45:00', 'HH24:MI:SS'), DATE '2025-09-01');
INSERT INTO SESSIONS (SESSION_ID, CLASS_ID, COURSE_ID, DAY_OF_WEEK, START_AT, END_AT, UPDATED_AT) VALUES (33, 7, 11, 3, TO_DATE('11:00:00', 'HH24:MI:SS'), TO_DATE('12:00:00', 'HH24:MI:SS'), DATE '2025-09-01');
INSERT INTO SESSIONS (SESSION_ID, CLASS_ID, COURSE_ID, DAY_OF_WEEK, START_AT, END_AT, UPDATED_AT) VALUES (34, 7, 12, 4, TO_DATE('12:15:00', 'HH24:MI:SS'), TO_DATE('13:15:00', 'HH24:MI:SS'), DATE '2025-09-01');
INSERT INTO SESSIONS (SESSION_ID, CLASS_ID, COURSE_ID, DAY_OF_WEEK, START_AT, END_AT, UPDATED_AT) VALUES (35, 7, 13, 5, TO_DATE('13:30:00', 'HH24:MI:SS'), TO_DATE('14:30:00', 'HH24:MI:SS'), DATE '2025-09-01');
INSERT INTO SESSIONS (SESSION_ID, CLASS_ID, COURSE_ID, DAY_OF_WEEK, START_AT, END_AT, UPDATED_AT) VALUES (36, 8, 9, 1, TO_DATE('08:30:00', 'HH24:MI:SS'), TO_DATE('09:30:00', 'HH24:MI:SS'), DATE '2025-09-01');
INSERT INTO SESSIONS (SESSION_ID, CLASS_ID, COURSE_ID, DAY_OF_WEEK, START_AT, END_AT, UPDATED_AT) VALUES (37, 8, 10, 2, TO_DATE('09:45:00', 'HH24:MI:SS'), TO_DATE('10:45:00', 'HH24:MI:SS'), DATE '2025-09-01');
INSERT INTO SESSIONS (SESSION_ID, CLASS_ID, COURSE_ID, DAY_OF_WEEK, START_AT, END_AT, UPDATED_AT) VALUES (38, 8, 11, 3, TO_DATE('11:00:00', 'HH24:MI:SS'), TO_DATE('12:00:00', 'HH24:MI:SS'), DATE '2025-09-01');
INSERT INTO SESSIONS (SESSION_ID, CLASS_ID, COURSE_ID, DAY_OF_WEEK, START_AT, END_AT, UPDATED_AT) VALUES (39, 8, 12, 4, TO_DATE('12:15:00', 'HH24:MI:SS'), TO_DATE('13:15:00', 'HH24:MI:SS'), DATE '2025-09-01');
INSERT INTO SESSIONS (SESSION_ID, CLASS_ID, COURSE_ID, DAY_OF_WEEK, START_AT, END_AT, UPDATED_AT) VALUES (40, 8, 13, 5, TO_DATE('13:30:00', 'HH24:MI:SS'), TO_DATE('14:30:00', 'HH24:MI:SS'), DATE '2025-09-01');
INSERT INTO SESSIONS (SESSION_ID, CLASS_ID, COURSE_ID, DAY_OF_WEEK, START_AT, END_AT, UPDATED_AT) VALUES (41, 9, 17, 1, TO_DATE('08:30:00', 'HH24:MI:SS'), TO_DATE('09:30:00', 'HH24:MI:SS'), DATE '2025-09-01');
INSERT INTO SESSIONS (SESSION_ID, CLASS_ID, COURSE_ID, DAY_OF_WEEK, START_AT, END_AT, UPDATED_AT) VALUES (42, 9, 18, 2, TO_DATE('09:45:00', 'HH24:MI:SS'), TO_DATE('10:45:00', 'HH24:MI:SS'), DATE '2025-09-01');
INSERT INTO SESSIONS (SESSION_ID, CLASS_ID, COURSE_ID, DAY_OF_WEEK, START_AT, END_AT, UPDATED_AT) VALUES (43, 9, 19, 3, TO_DATE('11:00:00', 'HH24:MI:SS'), TO_DATE('12:00:00', 'HH24:MI:SS'), DATE '2025-09-01');
INSERT INTO SESSIONS (SESSION_ID, CLASS_ID, COURSE_ID, DAY_OF_WEEK, START_AT, END_AT, UPDATED_AT) VALUES (44, 9, 20, 4, TO_DATE('12:15:00', 'HH24:MI:SS'), TO_DATE('13:15:00', 'HH24:MI:SS'), DATE '2025-09-01');
INSERT INTO SESSIONS (SESSION_ID, CLASS_ID, COURSE_ID, DAY_OF_WEEK, START_AT, END_AT, UPDATED_AT) VALUES (45, 9, 21, 5, TO_DATE('13:30:00', 'HH24:MI:SS'), TO_DATE('14:30:00', 'HH24:MI:SS'), DATE '2025-09-01');
INSERT INTO SESSIONS (SESSION_ID, CLASS_ID, COURSE_ID, DAY_OF_WEEK, START_AT, END_AT, UPDATED_AT) VALUES (46, 10, 17, 1, TO_DATE('08:30:00', 'HH24:MI:SS'), TO_DATE('09:30:00', 'HH24:MI:SS'), DATE '2025-09-01');
INSERT INTO SESSIONS (SESSION_ID, CLASS_ID, COURSE_ID, DAY_OF_WEEK, START_AT, END_AT, UPDATED_AT) VALUES (47, 10, 18, 2, TO_DATE('09:45:00', 'HH24:MI:SS'), TO_DATE('10:45:00', 'HH24:MI:SS'), DATE '2025-09-01');
INSERT INTO SESSIONS (SESSION_ID, CLASS_ID, COURSE_ID, DAY_OF_WEEK, START_AT, END_AT, UPDATED_AT) VALUES (48, 10, 19, 3, TO_DATE('11:00:00', 'HH24:MI:SS'), TO_DATE('12:00:00', 'HH24:MI:SS'), DATE '2025-09-01');
INSERT INTO SESSIONS (SESSION_ID, CLASS_ID, COURSE_ID, DAY_OF_WEEK, START_AT, END_AT, UPDATED_AT) VALUES (49, 10, 20, 4, TO_DATE('12:15:00', 'HH24:MI:SS'), TO_DATE('13:15:00', 'HH24:MI:SS'), DATE '2025-09-01');
INSERT INTO SESSIONS (SESSION_ID, CLASS_ID, COURSE_ID, DAY_OF_WEEK, START_AT, END_AT, UPDATED_AT) VALUES (50, 10, 21, 5, TO_DATE('13:30:00', 'HH24:MI:SS'), TO_DATE('14:30:00', 'HH24:MI:SS'), DATE '2025-09-01');
INSERT INTO SESSIONS (SESSION_ID, CLASS_ID, COURSE_ID, DAY_OF_WEEK, START_AT, END_AT, UPDATED_AT) VALUES (51, 11, 17, 1, TO_DATE('08:30:00', 'HH24:MI:SS'), TO_DATE('09:30:00', 'HH24:MI:SS'), DATE '2025-09-01');
INSERT INTO SESSIONS (SESSION_ID, CLASS_ID, COURSE_ID, DAY_OF_WEEK, START_AT, END_AT, UPDATED_AT) VALUES (52, 11, 18, 2, TO_DATE('09:45:00', 'HH24:MI:SS'), TO_DATE('10:45:00', 'HH24:MI:SS'), DATE '2025-09-01');
INSERT INTO SESSIONS (SESSION_ID, CLASS_ID, COURSE_ID, DAY_OF_WEEK, START_AT, END_AT, UPDATED_AT) VALUES (53, 11, 19, 3, TO_DATE('11:00:00', 'HH24:MI:SS'), TO_DATE('12:00:00', 'HH24:MI:SS'), DATE '2025-09-01');
INSERT INTO SESSIONS (SESSION_ID, CLASS_ID, COURSE_ID, DAY_OF_WEEK, START_AT, END_AT, UPDATED_AT) VALUES (54, 11, 20, 4, TO_DATE('12:15:00', 'HH24:MI:SS'), TO_DATE('13:15:00', 'HH24:MI:SS'), DATE '2025-09-01');
INSERT INTO SESSIONS (SESSION_ID, CLASS_ID, COURSE_ID, DAY_OF_WEEK, START_AT, END_AT, UPDATED_AT) VALUES (55, 11, 21, 5, TO_DATE('13:30:00', 'HH24:MI:SS'), TO_DATE('14:30:00', 'HH24:MI:SS'), DATE '2025-09-01');
INSERT INTO SESSIONS (SESSION_ID, CLASS_ID, COURSE_ID, DAY_OF_WEEK, START_AT, END_AT, UPDATED_AT) VALUES (56, 12, 17, 1, TO_DATE('08:30:00', 'HH24:MI:SS'), TO_DATE('09:30:00', 'HH24:MI:SS'), DATE '2025-09-01');
INSERT INTO SESSIONS (SESSION_ID, CLASS_ID, COURSE_ID, DAY_OF_WEEK, START_AT, END_AT, UPDATED_AT) VALUES (57, 12, 18, 2, TO_DATE('09:45:00', 'HH24:MI:SS'), TO_DATE('10:45:00', 'HH24:MI:SS'), DATE '2025-09-01');
INSERT INTO SESSIONS (SESSION_ID, CLASS_ID, COURSE_ID, DAY_OF_WEEK, START_AT, END_AT, UPDATED_AT) VALUES (58, 12, 19, 3, TO_DATE('11:00:00', 'HH24:MI:SS'), TO_DATE('12:00:00', 'HH24:MI:SS'), DATE '2025-09-01');
INSERT INTO SESSIONS (SESSION_ID, CLASS_ID, COURSE_ID, DAY_OF_WEEK, START_AT, END_AT, UPDATED_AT) VALUES (59, 12, 20, 4, TO_DATE('12:15:00', 'HH24:MI:SS'), TO_DATE('13:15:00', 'HH24:MI:SS'), DATE '2025-09-01');
INSERT INTO SESSIONS (SESSION_ID, CLASS_ID, COURSE_ID, DAY_OF_WEEK, START_AT, END_AT, UPDATED_AT) VALUES (60, 12, 21, 5, TO_DATE('13:30:00', 'HH24:MI:SS'), TO_DATE('14:30:00', 'HH24:MI:SS'), DATE '2025-09-01');

-- 13. Insert Attendance
INSERT INTO ATTENDANCE (ATTENDANCE_ID, STUDENT_ID, SESSION_ID, STATUS, DATE_TIME) VALUES (1, 1, 1, 'P', TO_DATE(TO_CHAR(TRUNC(SYSDATE, 'IW') + 0, 'YYYY-MM-DD') || ' 08:45:00', 'YYYY-MM-DD HH24:MI:SS'));
INSERT INTO ATTENDANCE (ATTENDANCE_ID, STUDENT_ID, SESSION_ID, STATUS, DATE_TIME) VALUES (2, 1, 2, 'P', TO_DATE(TO_CHAR(TRUNC(SYSDATE, 'IW') + 1, 'YYYY-MM-DD') || ' 10:00:00', 'YYYY-MM-DD HH24:MI:SS'));
INSERT INTO ATTENDANCE (ATTENDANCE_ID, STUDENT_ID, SESSION_ID, STATUS, DATE_TIME) VALUES (3, 1, 3, 'P', TO_DATE(TO_CHAR(TRUNC(SYSDATE, 'IW') + 2, 'YYYY-MM-DD') || ' 11:15:00', 'YYYY-MM-DD HH24:MI:SS'));
INSERT INTO ATTENDANCE (ATTENDANCE_ID, STUDENT_ID, SESSION_ID, STATUS, DATE_TIME) VALUES (4, 1, 4, 'P', TO_DATE(TO_CHAR(TRUNC(SYSDATE, 'IW') + 3, 'YYYY-MM-DD') || ' 12:30:00', 'YYYY-MM-DD HH24:MI:SS'));
INSERT INTO ATTENDANCE (ATTENDANCE_ID, STUDENT_ID, SESSION_ID, STATUS, DATE_TIME) VALUES (5, 1, 5, 'P', TO_DATE(TO_CHAR(TRUNC(SYSDATE, 'IW') + 4, 'YYYY-MM-DD') || ' 14:00:00', 'YYYY-MM-DD HH24:MI:SS'));
INSERT INTO ATTENDANCE (ATTENDANCE_ID, STUDENT_ID, SESSION_ID, STATUS, DATE_TIME) VALUES (6, 2, 6, 'P', TO_DATE(TO_CHAR(TRUNC(SYSDATE, 'IW') + 0, 'YYYY-MM-DD') || ' 08:45:00', 'YYYY-MM-DD HH24:MI:SS'));
INSERT INTO ATTENDANCE (ATTENDANCE_ID, STUDENT_ID, SESSION_ID, STATUS, DATE_TIME) VALUES (7, 2, 7, 'P', TO_DATE(TO_CHAR(TRUNC(SYSDATE, 'IW') + 1, 'YYYY-MM-DD') || ' 10:00:00', 'YYYY-MM-DD HH24:MI:SS'));
INSERT INTO ATTENDANCE (ATTENDANCE_ID, STUDENT_ID, SESSION_ID, STATUS, DATE_TIME) VALUES (8, 2, 8, 'A', TO_DATE(TO_CHAR(TRUNC(SYSDATE, 'IW') + 2, 'YYYY-MM-DD') || ' 11:15:00', 'YYYY-MM-DD HH24:MI:SS'));
INSERT INTO ATTENDANCE (ATTENDANCE_ID, STUDENT_ID, SESSION_ID, STATUS, DATE_TIME) VALUES (9, 2, 9, 'P', TO_DATE(TO_CHAR(TRUNC(SYSDATE, 'IW') + 3, 'YYYY-MM-DD') || ' 12:30:00', 'YYYY-MM-DD HH24:MI:SS'));
INSERT INTO ATTENDANCE (ATTENDANCE_ID, STUDENT_ID, SESSION_ID, STATUS, DATE_TIME) VALUES (10, 2, 10, 'P', TO_DATE(TO_CHAR(TRUNC(SYSDATE, 'IW') + 4, 'YYYY-MM-DD') || ' 14:00:00', 'YYYY-MM-DD HH24:MI:SS'));
INSERT INTO ATTENDANCE (ATTENDANCE_ID, STUDENT_ID, SESSION_ID, STATUS, DATE_TIME) VALUES (11, 3, 11, 'P', TO_DATE(TO_CHAR(TRUNC(SYSDATE, 'IW') + 0, 'YYYY-MM-DD') || ' 08:45:00', 'YYYY-MM-DD HH24:MI:SS'));
INSERT INTO ATTENDANCE (ATTENDANCE_ID, STUDENT_ID, SESSION_ID, STATUS, DATE_TIME) VALUES (12, 3, 12, 'P', TO_DATE(TO_CHAR(TRUNC(SYSDATE, 'IW') + 1, 'YYYY-MM-DD') || ' 10:00:00', 'YYYY-MM-DD HH24:MI:SS'));
INSERT INTO ATTENDANCE (ATTENDANCE_ID, STUDENT_ID, SESSION_ID, STATUS, DATE_TIME) VALUES (13, 3, 13, 'P', TO_DATE(TO_CHAR(TRUNC(SYSDATE, 'IW') + 2, 'YYYY-MM-DD') || ' 11:15:00', 'YYYY-MM-DD HH24:MI:SS'));
INSERT INTO ATTENDANCE (ATTENDANCE_ID, STUDENT_ID, SESSION_ID, STATUS, DATE_TIME) VALUES (14, 3, 14, 'P', TO_DATE(TO_CHAR(TRUNC(SYSDATE, 'IW') + 3, 'YYYY-MM-DD') || ' 12:30:00', 'YYYY-MM-DD HH24:MI:SS'));
INSERT INTO ATTENDANCE (ATTENDANCE_ID, STUDENT_ID, SESSION_ID, STATUS, DATE_TIME) VALUES (15, 3, 15, 'P', TO_DATE(TO_CHAR(TRUNC(SYSDATE, 'IW') + 4, 'YYYY-MM-DD') || ' 14:00:00', 'YYYY-MM-DD HH24:MI:SS'));
INSERT INTO ATTENDANCE (ATTENDANCE_ID, STUDENT_ID, SESSION_ID, STATUS, DATE_TIME) VALUES (16, 4, 16, 'P', TO_DATE(TO_CHAR(TRUNC(SYSDATE, 'IW') + 0, 'YYYY-MM-DD') || ' 08:45:00', 'YYYY-MM-DD HH24:MI:SS'));
INSERT INTO ATTENDANCE (ATTENDANCE_ID, STUDENT_ID, SESSION_ID, STATUS, DATE_TIME) VALUES (17, 4, 17, 'A', TO_DATE(TO_CHAR(TRUNC(SYSDATE, 'IW') + 1, 'YYYY-MM-DD') || ' 10:00:00', 'YYYY-MM-DD HH24:MI:SS'));
INSERT INTO ATTENDANCE (ATTENDANCE_ID, STUDENT_ID, SESSION_ID, STATUS, DATE_TIME) VALUES (18, 4, 18, 'P', TO_DATE(TO_CHAR(TRUNC(SYSDATE, 'IW') + 2, 'YYYY-MM-DD') || ' 11:15:00', 'YYYY-MM-DD HH24:MI:SS'));
INSERT INTO ATTENDANCE (ATTENDANCE_ID, STUDENT_ID, SESSION_ID, STATUS, DATE_TIME) VALUES (19, 4, 19, 'P', TO_DATE(TO_CHAR(TRUNC(SYSDATE, 'IW') + 3, 'YYYY-MM-DD') || ' 12:30:00', 'YYYY-MM-DD HH24:MI:SS'));
INSERT INTO ATTENDANCE (ATTENDANCE_ID, STUDENT_ID, SESSION_ID, STATUS, DATE_TIME) VALUES (20, 4, 20, 'A', TO_DATE(TO_CHAR(TRUNC(SYSDATE, 'IW') + 4, 'YYYY-MM-DD') || ' 14:00:00', 'YYYY-MM-DD HH24:MI:SS'));
INSERT INTO ATTENDANCE (ATTENDANCE_ID, STUDENT_ID, SESSION_ID, STATUS, DATE_TIME) VALUES (21, 5, 21, 'P', TO_DATE(TO_CHAR(TRUNC(SYSDATE, 'IW') + 0, 'YYYY-MM-DD') || ' 08:45:00', 'YYYY-MM-DD HH24:MI:SS'));
INSERT INTO ATTENDANCE (ATTENDANCE_ID, STUDENT_ID, SESSION_ID, STATUS, DATE_TIME) VALUES (22, 5, 22, 'P', TO_DATE(TO_CHAR(TRUNC(SYSDATE, 'IW') + 1, 'YYYY-MM-DD') || ' 10:00:00', 'YYYY-MM-DD HH24:MI:SS'));
INSERT INTO ATTENDANCE (ATTENDANCE_ID, STUDENT_ID, SESSION_ID, STATUS, DATE_TIME) VALUES (23, 5, 23, 'A', TO_DATE(TO_CHAR(TRUNC(SYSDATE, 'IW') + 2, 'YYYY-MM-DD') || ' 11:15:00', 'YYYY-MM-DD HH24:MI:SS'));
INSERT INTO ATTENDANCE (ATTENDANCE_ID, STUDENT_ID, SESSION_ID, STATUS, DATE_TIME) VALUES (24, 5, 24, 'P', TO_DATE(TO_CHAR(TRUNC(SYSDATE, 'IW') + 3, 'YYYY-MM-DD') || ' 12:30:00', 'YYYY-MM-DD HH24:MI:SS'));
INSERT INTO ATTENDANCE (ATTENDANCE_ID, STUDENT_ID, SESSION_ID, STATUS, DATE_TIME) VALUES (25, 5, 25, 'P', TO_DATE(TO_CHAR(TRUNC(SYSDATE, 'IW') + 4, 'YYYY-MM-DD') || ' 14:00:00', 'YYYY-MM-DD HH24:MI:SS'));
INSERT INTO ATTENDANCE (ATTENDANCE_ID, STUDENT_ID, SESSION_ID, STATUS, DATE_TIME) VALUES (26, 6, 26, 'P', TO_DATE(TO_CHAR(TRUNC(SYSDATE, 'IW') + 0, 'YYYY-MM-DD') || ' 08:45:00', 'YYYY-MM-DD HH24:MI:SS'));
INSERT INTO ATTENDANCE (ATTENDANCE_ID, STUDENT_ID, SESSION_ID, STATUS, DATE_TIME) VALUES (27, 6, 27, 'A', TO_DATE(TO_CHAR(TRUNC(SYSDATE, 'IW') + 1, 'YYYY-MM-DD') || ' 10:00:00', 'YYYY-MM-DD HH24:MI:SS'));
INSERT INTO ATTENDANCE (ATTENDANCE_ID, STUDENT_ID, SESSION_ID, STATUS, DATE_TIME) VALUES (28, 6, 28, 'A', TO_DATE(TO_CHAR(TRUNC(SYSDATE, 'IW') + 2, 'YYYY-MM-DD') || ' 11:15:00', 'YYYY-MM-DD HH24:MI:SS'));
INSERT INTO ATTENDANCE (ATTENDANCE_ID, STUDENT_ID, SESSION_ID, STATUS, DATE_TIME) VALUES (29, 6, 29, 'P', TO_DATE(TO_CHAR(TRUNC(SYSDATE, 'IW') + 3, 'YYYY-MM-DD') || ' 12:30:00', 'YYYY-MM-DD HH24:MI:SS'));
INSERT INTO ATTENDANCE (ATTENDANCE_ID, STUDENT_ID, SESSION_ID, STATUS, DATE_TIME) VALUES (30, 6, 30, 'P', TO_DATE(TO_CHAR(TRUNC(SYSDATE, 'IW') + 4, 'YYYY-MM-DD') || ' 14:00:00', 'YYYY-MM-DD HH24:MI:SS'));
INSERT INTO ATTENDANCE (ATTENDANCE_ID, STUDENT_ID, SESSION_ID, STATUS, DATE_TIME) VALUES (31, 7, 31, 'P', TO_DATE(TO_CHAR(TRUNC(SYSDATE, 'IW') + 0, 'YYYY-MM-DD') || ' 08:45:00', 'YYYY-MM-DD HH24:MI:SS'));
INSERT INTO ATTENDANCE (ATTENDANCE_ID, STUDENT_ID, SESSION_ID, STATUS, DATE_TIME) VALUES (32, 7, 32, 'P', TO_DATE(TO_CHAR(TRUNC(SYSDATE, 'IW') + 1, 'YYYY-MM-DD') || ' 10:00:00', 'YYYY-MM-DD HH24:MI:SS'));
INSERT INTO ATTENDANCE (ATTENDANCE_ID, STUDENT_ID, SESSION_ID, STATUS, DATE_TIME) VALUES (33, 7, 33, 'P', TO_DATE(TO_CHAR(TRUNC(SYSDATE, 'IW') + 2, 'YYYY-MM-DD') || ' 11:15:00', 'YYYY-MM-DD HH24:MI:SS'));
INSERT INTO ATTENDANCE (ATTENDANCE_ID, STUDENT_ID, SESSION_ID, STATUS, DATE_TIME) VALUES (34, 7, 34, 'P', TO_DATE(TO_CHAR(TRUNC(SYSDATE, 'IW') + 3, 'YYYY-MM-DD') || ' 12:30:00', 'YYYY-MM-DD HH24:MI:SS'));
INSERT INTO ATTENDANCE (ATTENDANCE_ID, STUDENT_ID, SESSION_ID, STATUS, DATE_TIME) VALUES (35, 7, 35, 'P', TO_DATE(TO_CHAR(TRUNC(SYSDATE, 'IW') + 4, 'YYYY-MM-DD') || ' 14:00:00', 'YYYY-MM-DD HH24:MI:SS'));
INSERT INTO ATTENDANCE (ATTENDANCE_ID, STUDENT_ID, SESSION_ID, STATUS, DATE_TIME) VALUES (36, 8, 36, 'A', TO_DATE(TO_CHAR(TRUNC(SYSDATE, 'IW') + 0, 'YYYY-MM-DD') || ' 08:45:00', 'YYYY-MM-DD HH24:MI:SS'));
INSERT INTO ATTENDANCE (ATTENDANCE_ID, STUDENT_ID, SESSION_ID, STATUS, DATE_TIME) VALUES (37, 8, 37, 'P', TO_DATE(TO_CHAR(TRUNC(SYSDATE, 'IW') + 1, 'YYYY-MM-DD') || ' 10:00:00', 'YYYY-MM-DD HH24:MI:SS'));
INSERT INTO ATTENDANCE (ATTENDANCE_ID, STUDENT_ID, SESSION_ID, STATUS, DATE_TIME) VALUES (38, 8, 38, 'P', TO_DATE(TO_CHAR(TRUNC(SYSDATE, 'IW') + 2, 'YYYY-MM-DD') || ' 11:15:00', 'YYYY-MM-DD HH24:MI:SS'));
INSERT INTO ATTENDANCE (ATTENDANCE_ID, STUDENT_ID, SESSION_ID, STATUS, DATE_TIME) VALUES (39, 8, 39, 'P', TO_DATE(TO_CHAR(TRUNC(SYSDATE, 'IW') + 3, 'YYYY-MM-DD') || ' 12:30:00', 'YYYY-MM-DD HH24:MI:SS'));
INSERT INTO ATTENDANCE (ATTENDANCE_ID, STUDENT_ID, SESSION_ID, STATUS, DATE_TIME) VALUES (40, 8, 40, 'P', TO_DATE(TO_CHAR(TRUNC(SYSDATE, 'IW') + 4, 'YYYY-MM-DD') || ' 14:00:00', 'YYYY-MM-DD HH24:MI:SS'));
INSERT INTO ATTENDANCE (ATTENDANCE_ID, STUDENT_ID, SESSION_ID, STATUS, DATE_TIME) VALUES (41, 9, 41, 'P', TO_DATE(TO_CHAR(TRUNC(SYSDATE, 'IW') + 0, 'YYYY-MM-DD') || ' 08:45:00', 'YYYY-MM-DD HH24:MI:SS'));
INSERT INTO ATTENDANCE (ATTENDANCE_ID, STUDENT_ID, SESSION_ID, STATUS, DATE_TIME) VALUES (42, 9, 42, 'P', TO_DATE(TO_CHAR(TRUNC(SYSDATE, 'IW') + 1, 'YYYY-MM-DD') || ' 10:00:00', 'YYYY-MM-DD HH24:MI:SS'));
INSERT INTO ATTENDANCE (ATTENDANCE_ID, STUDENT_ID, SESSION_ID, STATUS, DATE_TIME) VALUES (43, 9, 43, 'P', TO_DATE(TO_CHAR(TRUNC(SYSDATE, 'IW') + 2, 'YYYY-MM-DD') || ' 11:15:00', 'YYYY-MM-DD HH24:MI:SS'));
INSERT INTO ATTENDANCE (ATTENDANCE_ID, STUDENT_ID, SESSION_ID, STATUS, DATE_TIME) VALUES (44, 9, 44, 'P', TO_DATE(TO_CHAR(TRUNC(SYSDATE, 'IW') + 3, 'YYYY-MM-DD') || ' 12:30:00', 'YYYY-MM-DD HH24:MI:SS'));
INSERT INTO ATTENDANCE (ATTENDANCE_ID, STUDENT_ID, SESSION_ID, STATUS, DATE_TIME) VALUES (45, 9, 45, 'P', TO_DATE(TO_CHAR(TRUNC(SYSDATE, 'IW') + 4, 'YYYY-MM-DD') || ' 14:00:00', 'YYYY-MM-DD HH24:MI:SS'));
INSERT INTO ATTENDANCE (ATTENDANCE_ID, STUDENT_ID, SESSION_ID, STATUS, DATE_TIME) VALUES (46, 10, 46, 'P', TO_DATE(TO_CHAR(TRUNC(SYSDATE, 'IW') + 0, 'YYYY-MM-DD') || ' 08:45:00', 'YYYY-MM-DD HH24:MI:SS'));
INSERT INTO ATTENDANCE (ATTENDANCE_ID, STUDENT_ID, SESSION_ID, STATUS, DATE_TIME) VALUES (47, 10, 47, 'A', TO_DATE(TO_CHAR(TRUNC(SYSDATE, 'IW') + 1, 'YYYY-MM-DD') || ' 10:00:00', 'YYYY-MM-DD HH24:MI:SS'));
INSERT INTO ATTENDANCE (ATTENDANCE_ID, STUDENT_ID, SESSION_ID, STATUS, DATE_TIME) VALUES (48, 10, 48, 'P', TO_DATE(TO_CHAR(TRUNC(SYSDATE, 'IW') + 2, 'YYYY-MM-DD') || ' 11:15:00', 'YYYY-MM-DD HH24:MI:SS'));
INSERT INTO ATTENDANCE (ATTENDANCE_ID, STUDENT_ID, SESSION_ID, STATUS, DATE_TIME) VALUES (49, 10, 49, 'P', TO_DATE(TO_CHAR(TRUNC(SYSDATE, 'IW') + 3, 'YYYY-MM-DD') || ' 12:30:00', 'YYYY-MM-DD HH24:MI:SS'));
INSERT INTO ATTENDANCE (ATTENDANCE_ID, STUDENT_ID, SESSION_ID, STATUS, DATE_TIME) VALUES (50, 10, 50, 'P', TO_DATE(TO_CHAR(TRUNC(SYSDATE, 'IW') + 4, 'YYYY-MM-DD') || ' 14:00:00', 'YYYY-MM-DD HH24:MI:SS'));
INSERT INTO ATTENDANCE (ATTENDANCE_ID, STUDENT_ID, SESSION_ID, STATUS, DATE_TIME) VALUES (51, 11, 51, 'A', TO_DATE(TO_CHAR(TRUNC(SYSDATE, 'IW') + 0, 'YYYY-MM-DD') || ' 08:45:00', 'YYYY-MM-DD HH24:MI:SS'));
INSERT INTO ATTENDANCE (ATTENDANCE_ID, STUDENT_ID, SESSION_ID, STATUS, DATE_TIME) VALUES (52, 11, 52, 'A', TO_DATE(TO_CHAR(TRUNC(SYSDATE, 'IW') + 1, 'YYYY-MM-DD') || ' 10:00:00', 'YYYY-MM-DD HH24:MI:SS'));
INSERT INTO ATTENDANCE (ATTENDANCE_ID, STUDENT_ID, SESSION_ID, STATUS, DATE_TIME) VALUES (53, 11, 53, 'P', TO_DATE(TO_CHAR(TRUNC(SYSDATE, 'IW') + 2, 'YYYY-MM-DD') || ' 11:15:00', 'YYYY-MM-DD HH24:MI:SS'));
INSERT INTO ATTENDANCE (ATTENDANCE_ID, STUDENT_ID, SESSION_ID, STATUS, DATE_TIME) VALUES (54, 11, 54, 'E', TO_DATE(TO_CHAR(TRUNC(SYSDATE, 'IW') + 3, 'YYYY-MM-DD') || ' 12:30:00', 'YYYY-MM-DD HH24:MI:SS'));
INSERT INTO ATTENDANCE (ATTENDANCE_ID, STUDENT_ID, SESSION_ID, STATUS, DATE_TIME) VALUES (55, 11, 55, 'P', TO_DATE(TO_CHAR(TRUNC(SYSDATE, 'IW') + 4, 'YYYY-MM-DD') || ' 14:00:00', 'YYYY-MM-DD HH24:MI:SS'));
INSERT INTO ATTENDANCE (ATTENDANCE_ID, STUDENT_ID, SESSION_ID, STATUS, DATE_TIME) VALUES (56, 12, 56, 'P', TO_DATE(TO_CHAR(TRUNC(SYSDATE, 'IW') + 0, 'YYYY-MM-DD') || ' 08:45:00', 'YYYY-MM-DD HH24:MI:SS'));
INSERT INTO ATTENDANCE (ATTENDANCE_ID, STUDENT_ID, SESSION_ID, STATUS, DATE_TIME) VALUES (57, 12, 57, 'P', TO_DATE(TO_CHAR(TRUNC(SYSDATE, 'IW') + 1, 'YYYY-MM-DD') || ' 10:00:00', 'YYYY-MM-DD HH24:MI:SS'));
INSERT INTO ATTENDANCE (ATTENDANCE_ID, STUDENT_ID, SESSION_ID, STATUS, DATE_TIME) VALUES (58, 12, 58, 'P', TO_DATE(TO_CHAR(TRUNC(SYSDATE, 'IW') + 2, 'YYYY-MM-DD') || ' 11:15:00', 'YYYY-MM-DD HH24:MI:SS'));
INSERT INTO ATTENDANCE (ATTENDANCE_ID, STUDENT_ID, SESSION_ID, STATUS, DATE_TIME) VALUES (59, 12, 59, 'P', TO_DATE(TO_CHAR(TRUNC(SYSDATE, 'IW') + 3, 'YYYY-MM-DD') || ' 12:30:00', 'YYYY-MM-DD HH24:MI:SS'));
INSERT INTO ATTENDANCE (ATTENDANCE_ID, STUDENT_ID, SESSION_ID, STATUS, DATE_TIME) VALUES (60, 12, 60, 'P', TO_DATE(TO_CHAR(TRUNC(SYSDATE, 'IW') + 4, 'YYYY-MM-DD') || ' 14:00:00', 'YYYY-MM-DD HH24:MI:SS'));
INSERT INTO ATTENDANCE (ATTENDANCE_ID, STUDENT_ID, SESSION_ID, STATUS, DATE_TIME) VALUES (61, 13, 1, 'P', TO_DATE(TO_CHAR(TRUNC(SYSDATE, 'IW') + 0, 'YYYY-MM-DD') || ' 08:45:00', 'YYYY-MM-DD HH24:MI:SS'));
INSERT INTO ATTENDANCE (ATTENDANCE_ID, STUDENT_ID, SESSION_ID, STATUS, DATE_TIME) VALUES (62, 13, 2, 'A', TO_DATE(TO_CHAR(TRUNC(SYSDATE, 'IW') + 1, 'YYYY-MM-DD') || ' 10:00:00', 'YYYY-MM-DD HH24:MI:SS'));
INSERT INTO ATTENDANCE (ATTENDANCE_ID, STUDENT_ID, SESSION_ID, STATUS, DATE_TIME) VALUES (63, 13, 3, 'P', TO_DATE(TO_CHAR(TRUNC(SYSDATE, 'IW') + 2, 'YYYY-MM-DD') || ' 11:15:00', 'YYYY-MM-DD HH24:MI:SS'));
INSERT INTO ATTENDANCE (ATTENDANCE_ID, STUDENT_ID, SESSION_ID, STATUS, DATE_TIME) VALUES (64, 13, 4, 'P', TO_DATE(TO_CHAR(TRUNC(SYSDATE, 'IW') + 3, 'YYYY-MM-DD') || ' 12:30:00', 'YYYY-MM-DD HH24:MI:SS'));
INSERT INTO ATTENDANCE (ATTENDANCE_ID, STUDENT_ID, SESSION_ID, STATUS, DATE_TIME) VALUES (65, 13, 5, 'P', TO_DATE(TO_CHAR(TRUNC(SYSDATE, 'IW') + 4, 'YYYY-MM-DD') || ' 14:00:00', 'YYYY-MM-DD HH24:MI:SS'));
INSERT INTO ATTENDANCE (ATTENDANCE_ID, STUDENT_ID, SESSION_ID, STATUS, DATE_TIME) VALUES (66, 14, 6, 'P', TO_DATE(TO_CHAR(TRUNC(SYSDATE, 'IW') + 0, 'YYYY-MM-DD') || ' 08:45:00', 'YYYY-MM-DD HH24:MI:SS'));
INSERT INTO ATTENDANCE (ATTENDANCE_ID, STUDENT_ID, SESSION_ID, STATUS, DATE_TIME) VALUES (67, 14, 7, 'P', TO_DATE(TO_CHAR(TRUNC(SYSDATE, 'IW') + 1, 'YYYY-MM-DD') || ' 10:00:00', 'YYYY-MM-DD HH24:MI:SS'));
INSERT INTO ATTENDANCE (ATTENDANCE_ID, STUDENT_ID, SESSION_ID, STATUS, DATE_TIME) VALUES (68, 14, 8, 'A', TO_DATE(TO_CHAR(TRUNC(SYSDATE, 'IW') + 2, 'YYYY-MM-DD') || ' 11:15:00', 'YYYY-MM-DD HH24:MI:SS'));
INSERT INTO ATTENDANCE (ATTENDANCE_ID, STUDENT_ID, SESSION_ID, STATUS, DATE_TIME) VALUES (69, 14, 9, 'A', TO_DATE(TO_CHAR(TRUNC(SYSDATE, 'IW') + 3, 'YYYY-MM-DD') || ' 12:30:00', 'YYYY-MM-DD HH24:MI:SS'));
INSERT INTO ATTENDANCE (ATTENDANCE_ID, STUDENT_ID, SESSION_ID, STATUS, DATE_TIME) VALUES (70, 14, 10, 'P', TO_DATE(TO_CHAR(TRUNC(SYSDATE, 'IW') + 4, 'YYYY-MM-DD') || ' 14:00:00', 'YYYY-MM-DD HH24:MI:SS'));
INSERT INTO ATTENDANCE (ATTENDANCE_ID, STUDENT_ID, SESSION_ID, STATUS, DATE_TIME) VALUES (71, 15, 11, 'P', TO_DATE(TO_CHAR(TRUNC(SYSDATE, 'IW') + 0, 'YYYY-MM-DD') || ' 08:45:00', 'YYYY-MM-DD HH24:MI:SS'));
INSERT INTO ATTENDANCE (ATTENDANCE_ID, STUDENT_ID, SESSION_ID, STATUS, DATE_TIME) VALUES (72, 15, 12, 'P', TO_DATE(TO_CHAR(TRUNC(SYSDATE, 'IW') + 1, 'YYYY-MM-DD') || ' 10:00:00', 'YYYY-MM-DD HH24:MI:SS'));
INSERT INTO ATTENDANCE (ATTENDANCE_ID, STUDENT_ID, SESSION_ID, STATUS, DATE_TIME) VALUES (73, 15, 13, 'P', TO_DATE(TO_CHAR(TRUNC(SYSDATE, 'IW') + 2, 'YYYY-MM-DD') || ' 11:15:00', 'YYYY-MM-DD HH24:MI:SS'));
INSERT INTO ATTENDANCE (ATTENDANCE_ID, STUDENT_ID, SESSION_ID, STATUS, DATE_TIME) VALUES (74, 15, 14, 'P', TO_DATE(TO_CHAR(TRUNC(SYSDATE, 'IW') + 3, 'YYYY-MM-DD') || ' 12:30:00', 'YYYY-MM-DD HH24:MI:SS'));
INSERT INTO ATTENDANCE (ATTENDANCE_ID, STUDENT_ID, SESSION_ID, STATUS, DATE_TIME) VALUES (75, 15, 15, 'P', TO_DATE(TO_CHAR(TRUNC(SYSDATE, 'IW') + 4, 'YYYY-MM-DD') || ' 14:00:00', 'YYYY-MM-DD HH24:MI:SS'));
INSERT INTO ATTENDANCE (ATTENDANCE_ID, STUDENT_ID, SESSION_ID, STATUS, DATE_TIME) VALUES (76, 16, 16, 'P', TO_DATE(TO_CHAR(TRUNC(SYSDATE, 'IW') + 0, 'YYYY-MM-DD') || ' 08:45:00', 'YYYY-MM-DD HH24:MI:SS'));
INSERT INTO ATTENDANCE (ATTENDANCE_ID, STUDENT_ID, SESSION_ID, STATUS, DATE_TIME) VALUES (77, 16, 17, 'P', TO_DATE(TO_CHAR(TRUNC(SYSDATE, 'IW') + 1, 'YYYY-MM-DD') || ' 10:00:00', 'YYYY-MM-DD HH24:MI:SS'));
INSERT INTO ATTENDANCE (ATTENDANCE_ID, STUDENT_ID, SESSION_ID, STATUS, DATE_TIME) VALUES (78, 16, 18, 'P', TO_DATE(TO_CHAR(TRUNC(SYSDATE, 'IW') + 2, 'YYYY-MM-DD') || ' 11:15:00', 'YYYY-MM-DD HH24:MI:SS'));
INSERT INTO ATTENDANCE (ATTENDANCE_ID, STUDENT_ID, SESSION_ID, STATUS, DATE_TIME) VALUES (79, 16, 19, 'P', TO_DATE(TO_CHAR(TRUNC(SYSDATE, 'IW') + 3, 'YYYY-MM-DD') || ' 12:30:00', 'YYYY-MM-DD HH24:MI:SS'));
INSERT INTO ATTENDANCE (ATTENDANCE_ID, STUDENT_ID, SESSION_ID, STATUS, DATE_TIME) VALUES (80, 16, 20, 'P', TO_DATE(TO_CHAR(TRUNC(SYSDATE, 'IW') + 4, 'YYYY-MM-DD') || ' 14:00:00', 'YYYY-MM-DD HH24:MI:SS'));
INSERT INTO ATTENDANCE (ATTENDANCE_ID, STUDENT_ID, SESSION_ID, STATUS, DATE_TIME) VALUES (81, 17, 21, 'P', TO_DATE(TO_CHAR(TRUNC(SYSDATE, 'IW') + 0, 'YYYY-MM-DD') || ' 08:45:00', 'YYYY-MM-DD HH24:MI:SS'));
INSERT INTO ATTENDANCE (ATTENDANCE_ID, STUDENT_ID, SESSION_ID, STATUS, DATE_TIME) VALUES (82, 17, 22, 'P', TO_DATE(TO_CHAR(TRUNC(SYSDATE, 'IW') + 1, 'YYYY-MM-DD') || ' 10:00:00', 'YYYY-MM-DD HH24:MI:SS'));
INSERT INTO ATTENDANCE (ATTENDANCE_ID, STUDENT_ID, SESSION_ID, STATUS, DATE_TIME) VALUES (83, 17, 23, 'P', TO_DATE(TO_CHAR(TRUNC(SYSDATE, 'IW') + 2, 'YYYY-MM-DD') || ' 11:15:00', 'YYYY-MM-DD HH24:MI:SS'));
INSERT INTO ATTENDANCE (ATTENDANCE_ID, STUDENT_ID, SESSION_ID, STATUS, DATE_TIME) VALUES (84, 17, 24, 'A', TO_DATE(TO_CHAR(TRUNC(SYSDATE, 'IW') + 3, 'YYYY-MM-DD') || ' 12:30:00', 'YYYY-MM-DD HH24:MI:SS'));
INSERT INTO ATTENDANCE (ATTENDANCE_ID, STUDENT_ID, SESSION_ID, STATUS, DATE_TIME) VALUES (85, 17, 25, 'P', TO_DATE(TO_CHAR(TRUNC(SYSDATE, 'IW') + 4, 'YYYY-MM-DD') || ' 14:00:00', 'YYYY-MM-DD HH24:MI:SS'));
INSERT INTO ATTENDANCE (ATTENDANCE_ID, STUDENT_ID, SESSION_ID, STATUS, DATE_TIME) VALUES (86, 18, 26, 'A', TO_DATE(TO_CHAR(TRUNC(SYSDATE, 'IW') + 0, 'YYYY-MM-DD') || ' 08:45:00', 'YYYY-MM-DD HH24:MI:SS'));
INSERT INTO ATTENDANCE (ATTENDANCE_ID, STUDENT_ID, SESSION_ID, STATUS, DATE_TIME) VALUES (87, 18, 27, 'P', TO_DATE(TO_CHAR(TRUNC(SYSDATE, 'IW') + 1, 'YYYY-MM-DD') || ' 10:00:00', 'YYYY-MM-DD HH24:MI:SS'));
INSERT INTO ATTENDANCE (ATTENDANCE_ID, STUDENT_ID, SESSION_ID, STATUS, DATE_TIME) VALUES (88, 18, 28, 'P', TO_DATE(TO_CHAR(TRUNC(SYSDATE, 'IW') + 2, 'YYYY-MM-DD') || ' 11:15:00', 'YYYY-MM-DD HH24:MI:SS'));
INSERT INTO ATTENDANCE (ATTENDANCE_ID, STUDENT_ID, SESSION_ID, STATUS, DATE_TIME) VALUES (89, 18, 29, 'P', TO_DATE(TO_CHAR(TRUNC(SYSDATE, 'IW') + 3, 'YYYY-MM-DD') || ' 12:30:00', 'YYYY-MM-DD HH24:MI:SS'));
INSERT INTO ATTENDANCE (ATTENDANCE_ID, STUDENT_ID, SESSION_ID, STATUS, DATE_TIME) VALUES (90, 18, 30, 'P', TO_DATE(TO_CHAR(TRUNC(SYSDATE, 'IW') + 4, 'YYYY-MM-DD') || ' 14:00:00', 'YYYY-MM-DD HH24:MI:SS'));
INSERT INTO ATTENDANCE (ATTENDANCE_ID, STUDENT_ID, SESSION_ID, STATUS, DATE_TIME) VALUES (91, 19, 31, 'P', TO_DATE(TO_CHAR(TRUNC(SYSDATE, 'IW') + 0, 'YYYY-MM-DD') || ' 08:45:00', 'YYYY-MM-DD HH24:MI:SS'));
INSERT INTO ATTENDANCE (ATTENDANCE_ID, STUDENT_ID, SESSION_ID, STATUS, DATE_TIME) VALUES (92, 19, 32, 'E', TO_DATE(TO_CHAR(TRUNC(SYSDATE, 'IW') + 1, 'YYYY-MM-DD') || ' 10:00:00', 'YYYY-MM-DD HH24:MI:SS'));
INSERT INTO ATTENDANCE (ATTENDANCE_ID, STUDENT_ID, SESSION_ID, STATUS, DATE_TIME) VALUES (93, 19, 33, 'P', TO_DATE(TO_CHAR(TRUNC(SYSDATE, 'IW') + 2, 'YYYY-MM-DD') || ' 11:15:00', 'YYYY-MM-DD HH24:MI:SS'));
INSERT INTO ATTENDANCE (ATTENDANCE_ID, STUDENT_ID, SESSION_ID, STATUS, DATE_TIME) VALUES (94, 19, 34, 'P', TO_DATE(TO_CHAR(TRUNC(SYSDATE, 'IW') + 3, 'YYYY-MM-DD') || ' 12:30:00', 'YYYY-MM-DD HH24:MI:SS'));
INSERT INTO ATTENDANCE (ATTENDANCE_ID, STUDENT_ID, SESSION_ID, STATUS, DATE_TIME) VALUES (95, 19, 35, 'P', TO_DATE(TO_CHAR(TRUNC(SYSDATE, 'IW') + 4, 'YYYY-MM-DD') || ' 14:00:00', 'YYYY-MM-DD HH24:MI:SS'));
INSERT INTO ATTENDANCE (ATTENDANCE_ID, STUDENT_ID, SESSION_ID, STATUS, DATE_TIME) VALUES (96, 20, 36, 'P', TO_DATE(TO_CHAR(TRUNC(SYSDATE, 'IW') + 0, 'YYYY-MM-DD') || ' 08:45:00', 'YYYY-MM-DD HH24:MI:SS'));
INSERT INTO ATTENDANCE (ATTENDANCE_ID, STUDENT_ID, SESSION_ID, STATUS, DATE_TIME) VALUES (97, 20, 37, 'P', TO_DATE(TO_CHAR(TRUNC(SYSDATE, 'IW') + 1, 'YYYY-MM-DD') || ' 10:00:00', 'YYYY-MM-DD HH24:MI:SS'));
INSERT INTO ATTENDANCE (ATTENDANCE_ID, STUDENT_ID, SESSION_ID, STATUS, DATE_TIME) VALUES (98, 20, 38, 'P', TO_DATE(TO_CHAR(TRUNC(SYSDATE, 'IW') + 2, 'YYYY-MM-DD') || ' 11:15:00', 'YYYY-MM-DD HH24:MI:SS'));
INSERT INTO ATTENDANCE (ATTENDANCE_ID, STUDENT_ID, SESSION_ID, STATUS, DATE_TIME) VALUES (99, 20, 39, 'P', TO_DATE(TO_CHAR(TRUNC(SYSDATE, 'IW') + 3, 'YYYY-MM-DD') || ' 12:30:00', 'YYYY-MM-DD HH24:MI:SS'));
INSERT INTO ATTENDANCE (ATTENDANCE_ID, STUDENT_ID, SESSION_ID, STATUS, DATE_TIME) VALUES (100, 20, 40, 'P', TO_DATE(TO_CHAR(TRUNC(SYSDATE, 'IW') + 4, 'YYYY-MM-DD') || ' 14:00:00', 'YYYY-MM-DD HH24:MI:SS'));
INSERT INTO ATTENDANCE (ATTENDANCE_ID, STUDENT_ID, SESSION_ID, STATUS, DATE_TIME) VALUES (101, 21, 41, 'P', TO_DATE(TO_CHAR(TRUNC(SYSDATE, 'IW') + 0, 'YYYY-MM-DD') || ' 08:45:00', 'YYYY-MM-DD HH24:MI:SS'));
INSERT INTO ATTENDANCE (ATTENDANCE_ID, STUDENT_ID, SESSION_ID, STATUS, DATE_TIME) VALUES (102, 21, 42, 'P', TO_DATE(TO_CHAR(TRUNC(SYSDATE, 'IW') + 1, 'YYYY-MM-DD') || ' 10:00:00', 'YYYY-MM-DD HH24:MI:SS'));
INSERT INTO ATTENDANCE (ATTENDANCE_ID, STUDENT_ID, SESSION_ID, STATUS, DATE_TIME) VALUES (103, 21, 43, 'A', TO_DATE(TO_CHAR(TRUNC(SYSDATE, 'IW') + 2, 'YYYY-MM-DD') || ' 11:15:00', 'YYYY-MM-DD HH24:MI:SS'));
INSERT INTO ATTENDANCE (ATTENDANCE_ID, STUDENT_ID, SESSION_ID, STATUS, DATE_TIME) VALUES (104, 21, 44, 'E', TO_DATE(TO_CHAR(TRUNC(SYSDATE, 'IW') + 3, 'YYYY-MM-DD') || ' 12:30:00', 'YYYY-MM-DD HH24:MI:SS'));
INSERT INTO ATTENDANCE (ATTENDANCE_ID, STUDENT_ID, SESSION_ID, STATUS, DATE_TIME) VALUES (105, 21, 45, 'P', TO_DATE(TO_CHAR(TRUNC(SYSDATE, 'IW') + 4, 'YYYY-MM-DD') || ' 14:00:00', 'YYYY-MM-DD HH24:MI:SS'));
INSERT INTO ATTENDANCE (ATTENDANCE_ID, STUDENT_ID, SESSION_ID, STATUS, DATE_TIME) VALUES (106, 22, 46, 'P', TO_DATE(TO_CHAR(TRUNC(SYSDATE, 'IW') + 0, 'YYYY-MM-DD') || ' 08:45:00', 'YYYY-MM-DD HH24:MI:SS'));
INSERT INTO ATTENDANCE (ATTENDANCE_ID, STUDENT_ID, SESSION_ID, STATUS, DATE_TIME) VALUES (107, 22, 47, 'A', TO_DATE(TO_CHAR(TRUNC(SYSDATE, 'IW') + 1, 'YYYY-MM-DD') || ' 10:00:00', 'YYYY-MM-DD HH24:MI:SS'));
INSERT INTO ATTENDANCE (ATTENDANCE_ID, STUDENT_ID, SESSION_ID, STATUS, DATE_TIME) VALUES (108, 22, 48, 'P', TO_DATE(TO_CHAR(TRUNC(SYSDATE, 'IW') + 2, 'YYYY-MM-DD') || ' 11:15:00', 'YYYY-MM-DD HH24:MI:SS'));
INSERT INTO ATTENDANCE (ATTENDANCE_ID, STUDENT_ID, SESSION_ID, STATUS, DATE_TIME) VALUES (109, 22, 49, 'P', TO_DATE(TO_CHAR(TRUNC(SYSDATE, 'IW') + 3, 'YYYY-MM-DD') || ' 12:30:00', 'YYYY-MM-DD HH24:MI:SS'));
INSERT INTO ATTENDANCE (ATTENDANCE_ID, STUDENT_ID, SESSION_ID, STATUS, DATE_TIME) VALUES (110, 22, 50, 'P', TO_DATE(TO_CHAR(TRUNC(SYSDATE, 'IW') + 4, 'YYYY-MM-DD') || ' 14:00:00', 'YYYY-MM-DD HH24:MI:SS'));
INSERT INTO ATTENDANCE (ATTENDANCE_ID, STUDENT_ID, SESSION_ID, STATUS, DATE_TIME) VALUES (111, 23, 51, 'P', TO_DATE(TO_CHAR(TRUNC(SYSDATE, 'IW') + 0, 'YYYY-MM-DD') || ' 08:45:00', 'YYYY-MM-DD HH24:MI:SS'));
INSERT INTO ATTENDANCE (ATTENDANCE_ID, STUDENT_ID, SESSION_ID, STATUS, DATE_TIME) VALUES (112, 23, 52, 'A', TO_DATE(TO_CHAR(TRUNC(SYSDATE, 'IW') + 1, 'YYYY-MM-DD') || ' 10:00:00', 'YYYY-MM-DD HH24:MI:SS'));
INSERT INTO ATTENDANCE (ATTENDANCE_ID, STUDENT_ID, SESSION_ID, STATUS, DATE_TIME) VALUES (113, 23, 53, 'P', TO_DATE(TO_CHAR(TRUNC(SYSDATE, 'IW') + 2, 'YYYY-MM-DD') || ' 11:15:00', 'YYYY-MM-DD HH24:MI:SS'));
INSERT INTO ATTENDANCE (ATTENDANCE_ID, STUDENT_ID, SESSION_ID, STATUS, DATE_TIME) VALUES (114, 23, 54, 'E', TO_DATE(TO_CHAR(TRUNC(SYSDATE, 'IW') + 3, 'YYYY-MM-DD') || ' 12:30:00', 'YYYY-MM-DD HH24:MI:SS'));
INSERT INTO ATTENDANCE (ATTENDANCE_ID, STUDENT_ID, SESSION_ID, STATUS, DATE_TIME) VALUES (115, 23, 55, 'P', TO_DATE(TO_CHAR(TRUNC(SYSDATE, 'IW') + 4, 'YYYY-MM-DD') || ' 14:00:00', 'YYYY-MM-DD HH24:MI:SS'));
INSERT INTO ATTENDANCE (ATTENDANCE_ID, STUDENT_ID, SESSION_ID, STATUS, DATE_TIME) VALUES (116, 24, 56, 'P', TO_DATE(TO_CHAR(TRUNC(SYSDATE, 'IW') + 0, 'YYYY-MM-DD') || ' 08:45:00', 'YYYY-MM-DD HH24:MI:SS'));
INSERT INTO ATTENDANCE (ATTENDANCE_ID, STUDENT_ID, SESSION_ID, STATUS, DATE_TIME) VALUES (117, 24, 57, 'P', TO_DATE(TO_CHAR(TRUNC(SYSDATE, 'IW') + 1, 'YYYY-MM-DD') || ' 10:00:00', 'YYYY-MM-DD HH24:MI:SS'));
INSERT INTO ATTENDANCE (ATTENDANCE_ID, STUDENT_ID, SESSION_ID, STATUS, DATE_TIME) VALUES (118, 24, 58, 'P', TO_DATE(TO_CHAR(TRUNC(SYSDATE, 'IW') + 2, 'YYYY-MM-DD') || ' 11:15:00', 'YYYY-MM-DD HH24:MI:SS'));
INSERT INTO ATTENDANCE (ATTENDANCE_ID, STUDENT_ID, SESSION_ID, STATUS, DATE_TIME) VALUES (119, 24, 59, 'P', TO_DATE(TO_CHAR(TRUNC(SYSDATE, 'IW') + 3, 'YYYY-MM-DD') || ' 12:30:00', 'YYYY-MM-DD HH24:MI:SS'));
INSERT INTO ATTENDANCE (ATTENDANCE_ID, STUDENT_ID, SESSION_ID, STATUS, DATE_TIME) VALUES (120, 24, 60, 'P', TO_DATE(TO_CHAR(TRUNC(SYSDATE, 'IW') + 4, 'YYYY-MM-DD') || ' 14:00:00', 'YYYY-MM-DD HH24:MI:SS'));
INSERT INTO ATTENDANCE (ATTENDANCE_ID, STUDENT_ID, SESSION_ID, STATUS, DATE_TIME) VALUES (121, 25, 1, 'P', TO_DATE(TO_CHAR(TRUNC(SYSDATE, 'IW') + 0, 'YYYY-MM-DD') || ' 08:45:00', 'YYYY-MM-DD HH24:MI:SS'));
INSERT INTO ATTENDANCE (ATTENDANCE_ID, STUDENT_ID, SESSION_ID, STATUS, DATE_TIME) VALUES (122, 25, 2, 'P', TO_DATE(TO_CHAR(TRUNC(SYSDATE, 'IW') + 1, 'YYYY-MM-DD') || ' 10:00:00', 'YYYY-MM-DD HH24:MI:SS'));
INSERT INTO ATTENDANCE (ATTENDANCE_ID, STUDENT_ID, SESSION_ID, STATUS, DATE_TIME) VALUES (123, 25, 3, 'P', TO_DATE(TO_CHAR(TRUNC(SYSDATE, 'IW') + 2, 'YYYY-MM-DD') || ' 11:15:00', 'YYYY-MM-DD HH24:MI:SS'));
INSERT INTO ATTENDANCE (ATTENDANCE_ID, STUDENT_ID, SESSION_ID, STATUS, DATE_TIME) VALUES (124, 25, 4, 'P', TO_DATE(TO_CHAR(TRUNC(SYSDATE, 'IW') + 3, 'YYYY-MM-DD') || ' 12:30:00', 'YYYY-MM-DD HH24:MI:SS'));
INSERT INTO ATTENDANCE (ATTENDANCE_ID, STUDENT_ID, SESSION_ID, STATUS, DATE_TIME) VALUES (125, 25, 5, 'P', TO_DATE(TO_CHAR(TRUNC(SYSDATE, 'IW') + 4, 'YYYY-MM-DD') || ' 14:00:00', 'YYYY-MM-DD HH24:MI:SS'));
INSERT INTO ATTENDANCE (ATTENDANCE_ID, STUDENT_ID, SESSION_ID, STATUS, DATE_TIME) VALUES (126, 26, 6, 'P', TO_DATE(TO_CHAR(TRUNC(SYSDATE, 'IW') + 0, 'YYYY-MM-DD') || ' 08:45:00', 'YYYY-MM-DD HH24:MI:SS'));
INSERT INTO ATTENDANCE (ATTENDANCE_ID, STUDENT_ID, SESSION_ID, STATUS, DATE_TIME) VALUES (127, 26, 7, 'P', TO_DATE(TO_CHAR(TRUNC(SYSDATE, 'IW') + 1, 'YYYY-MM-DD') || ' 10:00:00', 'YYYY-MM-DD HH24:MI:SS'));
INSERT INTO ATTENDANCE (ATTENDANCE_ID, STUDENT_ID, SESSION_ID, STATUS, DATE_TIME) VALUES (128, 26, 8, 'A', TO_DATE(TO_CHAR(TRUNC(SYSDATE, 'IW') + 2, 'YYYY-MM-DD') || ' 11:15:00', 'YYYY-MM-DD HH24:MI:SS'));
INSERT INTO ATTENDANCE (ATTENDANCE_ID, STUDENT_ID, SESSION_ID, STATUS, DATE_TIME) VALUES (129, 26, 9, 'P', TO_DATE(TO_CHAR(TRUNC(SYSDATE, 'IW') + 3, 'YYYY-MM-DD') || ' 12:30:00', 'YYYY-MM-DD HH24:MI:SS'));
INSERT INTO ATTENDANCE (ATTENDANCE_ID, STUDENT_ID, SESSION_ID, STATUS, DATE_TIME) VALUES (130, 26, 10, 'P', TO_DATE(TO_CHAR(TRUNC(SYSDATE, 'IW') + 4, 'YYYY-MM-DD') || ' 14:00:00', 'YYYY-MM-DD HH24:MI:SS'));
INSERT INTO ATTENDANCE (ATTENDANCE_ID, STUDENT_ID, SESSION_ID, STATUS, DATE_TIME) VALUES (131, 27, 11, 'P', TO_DATE(TO_CHAR(TRUNC(SYSDATE, 'IW') + 0, 'YYYY-MM-DD') || ' 08:45:00', 'YYYY-MM-DD HH24:MI:SS'));
INSERT INTO ATTENDANCE (ATTENDANCE_ID, STUDENT_ID, SESSION_ID, STATUS, DATE_TIME) VALUES (132, 27, 12, 'A', TO_DATE(TO_CHAR(TRUNC(SYSDATE, 'IW') + 1, 'YYYY-MM-DD') || ' 10:00:00', 'YYYY-MM-DD HH24:MI:SS'));
INSERT INTO ATTENDANCE (ATTENDANCE_ID, STUDENT_ID, SESSION_ID, STATUS, DATE_TIME) VALUES (133, 27, 13, 'P', TO_DATE(TO_CHAR(TRUNC(SYSDATE, 'IW') + 2, 'YYYY-MM-DD') || ' 11:15:00', 'YYYY-MM-DD HH24:MI:SS'));
INSERT INTO ATTENDANCE (ATTENDANCE_ID, STUDENT_ID, SESSION_ID, STATUS, DATE_TIME) VALUES (134, 27, 14, 'P', TO_DATE(TO_CHAR(TRUNC(SYSDATE, 'IW') + 3, 'YYYY-MM-DD') || ' 12:30:00', 'YYYY-MM-DD HH24:MI:SS'));
INSERT INTO ATTENDANCE (ATTENDANCE_ID, STUDENT_ID, SESSION_ID, STATUS, DATE_TIME) VALUES (135, 27, 15, 'P', TO_DATE(TO_CHAR(TRUNC(SYSDATE, 'IW') + 4, 'YYYY-MM-DD') || ' 14:00:00', 'YYYY-MM-DD HH24:MI:SS'));
INSERT INTO ATTENDANCE (ATTENDANCE_ID, STUDENT_ID, SESSION_ID, STATUS, DATE_TIME) VALUES (136, 28, 16, 'P', TO_DATE(TO_CHAR(TRUNC(SYSDATE, 'IW') + 0, 'YYYY-MM-DD') || ' 08:45:00', 'YYYY-MM-DD HH24:MI:SS'));
INSERT INTO ATTENDANCE (ATTENDANCE_ID, STUDENT_ID, SESSION_ID, STATUS, DATE_TIME) VALUES (137, 28, 17, 'P', TO_DATE(TO_CHAR(TRUNC(SYSDATE, 'IW') + 1, 'YYYY-MM-DD') || ' 10:00:00', 'YYYY-MM-DD HH24:MI:SS'));
INSERT INTO ATTENDANCE (ATTENDANCE_ID, STUDENT_ID, SESSION_ID, STATUS, DATE_TIME) VALUES (138, 28, 18, 'P', TO_DATE(TO_CHAR(TRUNC(SYSDATE, 'IW') + 2, 'YYYY-MM-DD') || ' 11:15:00', 'YYYY-MM-DD HH24:MI:SS'));
INSERT INTO ATTENDANCE (ATTENDANCE_ID, STUDENT_ID, SESSION_ID, STATUS, DATE_TIME) VALUES (139, 28, 19, 'P', TO_DATE(TO_CHAR(TRUNC(SYSDATE, 'IW') + 3, 'YYYY-MM-DD') || ' 12:30:00', 'YYYY-MM-DD HH24:MI:SS'));
INSERT INTO ATTENDANCE (ATTENDANCE_ID, STUDENT_ID, SESSION_ID, STATUS, DATE_TIME) VALUES (140, 28, 20, 'P', TO_DATE(TO_CHAR(TRUNC(SYSDATE, 'IW') + 4, 'YYYY-MM-DD') || ' 14:00:00', 'YYYY-MM-DD HH24:MI:SS'));
INSERT INTO ATTENDANCE (ATTENDANCE_ID, STUDENT_ID, SESSION_ID, STATUS, DATE_TIME) VALUES (141, 29, 21, 'P', TO_DATE(TO_CHAR(TRUNC(SYSDATE, 'IW') + 0, 'YYYY-MM-DD') || ' 08:45:00', 'YYYY-MM-DD HH24:MI:SS'));
INSERT INTO ATTENDANCE (ATTENDANCE_ID, STUDENT_ID, SESSION_ID, STATUS, DATE_TIME) VALUES (142, 29, 22, 'P', TO_DATE(TO_CHAR(TRUNC(SYSDATE, 'IW') + 1, 'YYYY-MM-DD') || ' 10:00:00', 'YYYY-MM-DD HH24:MI:SS'));
INSERT INTO ATTENDANCE (ATTENDANCE_ID, STUDENT_ID, SESSION_ID, STATUS, DATE_TIME) VALUES (143, 29, 23, 'P', TO_DATE(TO_CHAR(TRUNC(SYSDATE, 'IW') + 2, 'YYYY-MM-DD') || ' 11:15:00', 'YYYY-MM-DD HH24:MI:SS'));
INSERT INTO ATTENDANCE (ATTENDANCE_ID, STUDENT_ID, SESSION_ID, STATUS, DATE_TIME) VALUES (144, 29, 24, 'P', TO_DATE(TO_CHAR(TRUNC(SYSDATE, 'IW') + 3, 'YYYY-MM-DD') || ' 12:30:00', 'YYYY-MM-DD HH24:MI:SS'));
INSERT INTO ATTENDANCE (ATTENDANCE_ID, STUDENT_ID, SESSION_ID, STATUS, DATE_TIME) VALUES (145, 29, 25, 'P', TO_DATE(TO_CHAR(TRUNC(SYSDATE, 'IW') + 4, 'YYYY-MM-DD') || ' 14:00:00', 'YYYY-MM-DD HH24:MI:SS'));
INSERT INTO ATTENDANCE (ATTENDANCE_ID, STUDENT_ID, SESSION_ID, STATUS, DATE_TIME) VALUES (146, 30, 26, 'P', TO_DATE(TO_CHAR(TRUNC(SYSDATE, 'IW') + 0, 'YYYY-MM-DD') || ' 08:45:00', 'YYYY-MM-DD HH24:MI:SS'));
INSERT INTO ATTENDANCE (ATTENDANCE_ID, STUDENT_ID, SESSION_ID, STATUS, DATE_TIME) VALUES (147, 30, 27, 'P', TO_DATE(TO_CHAR(TRUNC(SYSDATE, 'IW') + 1, 'YYYY-MM-DD') || ' 10:00:00', 'YYYY-MM-DD HH24:MI:SS'));
INSERT INTO ATTENDANCE (ATTENDANCE_ID, STUDENT_ID, SESSION_ID, STATUS, DATE_TIME) VALUES (148, 30, 28, 'P', TO_DATE(TO_CHAR(TRUNC(SYSDATE, 'IW') + 2, 'YYYY-MM-DD') || ' 11:15:00', 'YYYY-MM-DD HH24:MI:SS'));
INSERT INTO ATTENDANCE (ATTENDANCE_ID, STUDENT_ID, SESSION_ID, STATUS, DATE_TIME) VALUES (149, 30, 29, 'P', TO_DATE(TO_CHAR(TRUNC(SYSDATE, 'IW') + 3, 'YYYY-MM-DD') || ' 12:30:00', 'YYYY-MM-DD HH24:MI:SS'));
INSERT INTO ATTENDANCE (ATTENDANCE_ID, STUDENT_ID, SESSION_ID, STATUS, DATE_TIME) VALUES (150, 30, 30, 'P', TO_DATE(TO_CHAR(TRUNC(SYSDATE, 'IW') + 4, 'YYYY-MM-DD') || ' 14:00:00', 'YYYY-MM-DD HH24:MI:SS'));
INSERT INTO ATTENDANCE (ATTENDANCE_ID, STUDENT_ID, SESSION_ID, STATUS, DATE_TIME) VALUES (151, 31, 31, 'P', TO_DATE(TO_CHAR(TRUNC(SYSDATE, 'IW') + 0, 'YYYY-MM-DD') || ' 08:45:00', 'YYYY-MM-DD HH24:MI:SS'));
INSERT INTO ATTENDANCE (ATTENDANCE_ID, STUDENT_ID, SESSION_ID, STATUS, DATE_TIME) VALUES (152, 31, 32, 'P', TO_DATE(TO_CHAR(TRUNC(SYSDATE, 'IW') + 1, 'YYYY-MM-DD') || ' 10:00:00', 'YYYY-MM-DD HH24:MI:SS'));
INSERT INTO ATTENDANCE (ATTENDANCE_ID, STUDENT_ID, SESSION_ID, STATUS, DATE_TIME) VALUES (153, 31, 33, 'P', TO_DATE(TO_CHAR(TRUNC(SYSDATE, 'IW') + 2, 'YYYY-MM-DD') || ' 11:15:00', 'YYYY-MM-DD HH24:MI:SS'));
INSERT INTO ATTENDANCE (ATTENDANCE_ID, STUDENT_ID, SESSION_ID, STATUS, DATE_TIME) VALUES (154, 31, 34, 'A', TO_DATE(TO_CHAR(TRUNC(SYSDATE, 'IW') + 3, 'YYYY-MM-DD') || ' 12:30:00', 'YYYY-MM-DD HH24:MI:SS'));
INSERT INTO ATTENDANCE (ATTENDANCE_ID, STUDENT_ID, SESSION_ID, STATUS, DATE_TIME) VALUES (155, 31, 35, 'P', TO_DATE(TO_CHAR(TRUNC(SYSDATE, 'IW') + 4, 'YYYY-MM-DD') || ' 14:00:00', 'YYYY-MM-DD HH24:MI:SS'));
INSERT INTO ATTENDANCE (ATTENDANCE_ID, STUDENT_ID, SESSION_ID, STATUS, DATE_TIME) VALUES (156, 32, 36, 'P', TO_DATE(TO_CHAR(TRUNC(SYSDATE, 'IW') + 0, 'YYYY-MM-DD') || ' 08:45:00', 'YYYY-MM-DD HH24:MI:SS'));
INSERT INTO ATTENDANCE (ATTENDANCE_ID, STUDENT_ID, SESSION_ID, STATUS, DATE_TIME) VALUES (157, 32, 37, 'P', TO_DATE(TO_CHAR(TRUNC(SYSDATE, 'IW') + 1, 'YYYY-MM-DD') || ' 10:00:00', 'YYYY-MM-DD HH24:MI:SS'));
INSERT INTO ATTENDANCE (ATTENDANCE_ID, STUDENT_ID, SESSION_ID, STATUS, DATE_TIME) VALUES (158, 32, 38, 'E', TO_DATE(TO_CHAR(TRUNC(SYSDATE, 'IW') + 2, 'YYYY-MM-DD') || ' 11:15:00', 'YYYY-MM-DD HH24:MI:SS'));
INSERT INTO ATTENDANCE (ATTENDANCE_ID, STUDENT_ID, SESSION_ID, STATUS, DATE_TIME) VALUES (159, 32, 39, 'A', TO_DATE(TO_CHAR(TRUNC(SYSDATE, 'IW') + 3, 'YYYY-MM-DD') || ' 12:30:00', 'YYYY-MM-DD HH24:MI:SS'));
INSERT INTO ATTENDANCE (ATTENDANCE_ID, STUDENT_ID, SESSION_ID, STATUS, DATE_TIME) VALUES (160, 32, 40, 'P', TO_DATE(TO_CHAR(TRUNC(SYSDATE, 'IW') + 4, 'YYYY-MM-DD') || ' 14:00:00', 'YYYY-MM-DD HH24:MI:SS'));
INSERT INTO ATTENDANCE (ATTENDANCE_ID, STUDENT_ID, SESSION_ID, STATUS, DATE_TIME) VALUES (161, 33, 41, 'P', TO_DATE(TO_CHAR(TRUNC(SYSDATE, 'IW') + 0, 'YYYY-MM-DD') || ' 08:45:00', 'YYYY-MM-DD HH24:MI:SS'));
INSERT INTO ATTENDANCE (ATTENDANCE_ID, STUDENT_ID, SESSION_ID, STATUS, DATE_TIME) VALUES (162, 33, 42, 'P', TO_DATE(TO_CHAR(TRUNC(SYSDATE, 'IW') + 1, 'YYYY-MM-DD') || ' 10:00:00', 'YYYY-MM-DD HH24:MI:SS'));
INSERT INTO ATTENDANCE (ATTENDANCE_ID, STUDENT_ID, SESSION_ID, STATUS, DATE_TIME) VALUES (163, 33, 43, 'A', TO_DATE(TO_CHAR(TRUNC(SYSDATE, 'IW') + 2, 'YYYY-MM-DD') || ' 11:15:00', 'YYYY-MM-DD HH24:MI:SS'));
INSERT INTO ATTENDANCE (ATTENDANCE_ID, STUDENT_ID, SESSION_ID, STATUS, DATE_TIME) VALUES (164, 33, 44, 'A', TO_DATE(TO_CHAR(TRUNC(SYSDATE, 'IW') + 3, 'YYYY-MM-DD') || ' 12:30:00', 'YYYY-MM-DD HH24:MI:SS'));
INSERT INTO ATTENDANCE (ATTENDANCE_ID, STUDENT_ID, SESSION_ID, STATUS, DATE_TIME) VALUES (165, 33, 45, 'A', TO_DATE(TO_CHAR(TRUNC(SYSDATE, 'IW') + 4, 'YYYY-MM-DD') || ' 14:00:00', 'YYYY-MM-DD HH24:MI:SS'));
INSERT INTO ATTENDANCE (ATTENDANCE_ID, STUDENT_ID, SESSION_ID, STATUS, DATE_TIME) VALUES (166, 34, 46, 'P', TO_DATE(TO_CHAR(TRUNC(SYSDATE, 'IW') + 0, 'YYYY-MM-DD') || ' 08:45:00', 'YYYY-MM-DD HH24:MI:SS'));
INSERT INTO ATTENDANCE (ATTENDANCE_ID, STUDENT_ID, SESSION_ID, STATUS, DATE_TIME) VALUES (167, 34, 47, 'E', TO_DATE(TO_CHAR(TRUNC(SYSDATE, 'IW') + 1, 'YYYY-MM-DD') || ' 10:00:00', 'YYYY-MM-DD HH24:MI:SS'));
INSERT INTO ATTENDANCE (ATTENDANCE_ID, STUDENT_ID, SESSION_ID, STATUS, DATE_TIME) VALUES (168, 34, 48, 'P', TO_DATE(TO_CHAR(TRUNC(SYSDATE, 'IW') + 2, 'YYYY-MM-DD') || ' 11:15:00', 'YYYY-MM-DD HH24:MI:SS'));
INSERT INTO ATTENDANCE (ATTENDANCE_ID, STUDENT_ID, SESSION_ID, STATUS, DATE_TIME) VALUES (169, 34, 49, 'A', TO_DATE(TO_CHAR(TRUNC(SYSDATE, 'IW') + 3, 'YYYY-MM-DD') || ' 12:30:00', 'YYYY-MM-DD HH24:MI:SS'));
INSERT INTO ATTENDANCE (ATTENDANCE_ID, STUDENT_ID, SESSION_ID, STATUS, DATE_TIME) VALUES (170, 34, 50, 'P', TO_DATE(TO_CHAR(TRUNC(SYSDATE, 'IW') + 4, 'YYYY-MM-DD') || ' 14:00:00', 'YYYY-MM-DD HH24:MI:SS'));
INSERT INTO ATTENDANCE (ATTENDANCE_ID, STUDENT_ID, SESSION_ID, STATUS, DATE_TIME) VALUES (171, 35, 51, 'P', TO_DATE(TO_CHAR(TRUNC(SYSDATE, 'IW') + 0, 'YYYY-MM-DD') || ' 08:45:00', 'YYYY-MM-DD HH24:MI:SS'));
INSERT INTO ATTENDANCE (ATTENDANCE_ID, STUDENT_ID, SESSION_ID, STATUS, DATE_TIME) VALUES (172, 35, 52, 'P', TO_DATE(TO_CHAR(TRUNC(SYSDATE, 'IW') + 1, 'YYYY-MM-DD') || ' 10:00:00', 'YYYY-MM-DD HH24:MI:SS'));
INSERT INTO ATTENDANCE (ATTENDANCE_ID, STUDENT_ID, SESSION_ID, STATUS, DATE_TIME) VALUES (173, 35, 53, 'P', TO_DATE(TO_CHAR(TRUNC(SYSDATE, 'IW') + 2, 'YYYY-MM-DD') || ' 11:15:00', 'YYYY-MM-DD HH24:MI:SS'));
INSERT INTO ATTENDANCE (ATTENDANCE_ID, STUDENT_ID, SESSION_ID, STATUS, DATE_TIME) VALUES (174, 35, 54, 'P', TO_DATE(TO_CHAR(TRUNC(SYSDATE, 'IW') + 3, 'YYYY-MM-DD') || ' 12:30:00', 'YYYY-MM-DD HH24:MI:SS'));
INSERT INTO ATTENDANCE (ATTENDANCE_ID, STUDENT_ID, SESSION_ID, STATUS, DATE_TIME) VALUES (175, 35, 55, 'P', TO_DATE(TO_CHAR(TRUNC(SYSDATE, 'IW') + 4, 'YYYY-MM-DD') || ' 14:00:00', 'YYYY-MM-DD HH24:MI:SS'));
INSERT INTO ATTENDANCE (ATTENDANCE_ID, STUDENT_ID, SESSION_ID, STATUS, DATE_TIME) VALUES (176, 36, 56, 'P', TO_DATE(TO_CHAR(TRUNC(SYSDATE, 'IW') + 0, 'YYYY-MM-DD') || ' 08:45:00', 'YYYY-MM-DD HH24:MI:SS'));
INSERT INTO ATTENDANCE (ATTENDANCE_ID, STUDENT_ID, SESSION_ID, STATUS, DATE_TIME) VALUES (177, 36, 57, 'P', TO_DATE(TO_CHAR(TRUNC(SYSDATE, 'IW') + 1, 'YYYY-MM-DD') || ' 10:00:00', 'YYYY-MM-DD HH24:MI:SS'));
INSERT INTO ATTENDANCE (ATTENDANCE_ID, STUDENT_ID, SESSION_ID, STATUS, DATE_TIME) VALUES (178, 36, 58, 'P', TO_DATE(TO_CHAR(TRUNC(SYSDATE, 'IW') + 2, 'YYYY-MM-DD') || ' 11:15:00', 'YYYY-MM-DD HH24:MI:SS'));
INSERT INTO ATTENDANCE (ATTENDANCE_ID, STUDENT_ID, SESSION_ID, STATUS, DATE_TIME) VALUES (179, 36, 59, 'P', TO_DATE(TO_CHAR(TRUNC(SYSDATE, 'IW') + 3, 'YYYY-MM-DD') || ' 12:30:00', 'YYYY-MM-DD HH24:MI:SS'));
INSERT INTO ATTENDANCE (ATTENDANCE_ID, STUDENT_ID, SESSION_ID, STATUS, DATE_TIME) VALUES (180, 36, 60, 'P', TO_DATE(TO_CHAR(TRUNC(SYSDATE, 'IW') + 4, 'YYYY-MM-DD') || ' 14:00:00', 'YYYY-MM-DD HH24:MI:SS'));
INSERT INTO ATTENDANCE (ATTENDANCE_ID, STUDENT_ID, SESSION_ID, STATUS, DATE_TIME) VALUES (181, 37, 1, 'P', TO_DATE(TO_CHAR(TRUNC(SYSDATE, 'IW') + 0, 'YYYY-MM-DD') || ' 08:45:00', 'YYYY-MM-DD HH24:MI:SS'));
INSERT INTO ATTENDANCE (ATTENDANCE_ID, STUDENT_ID, SESSION_ID, STATUS, DATE_TIME) VALUES (182, 37, 2, 'P', TO_DATE(TO_CHAR(TRUNC(SYSDATE, 'IW') + 1, 'YYYY-MM-DD') || ' 10:00:00', 'YYYY-MM-DD HH24:MI:SS'));
INSERT INTO ATTENDANCE (ATTENDANCE_ID, STUDENT_ID, SESSION_ID, STATUS, DATE_TIME) VALUES (183, 37, 3, 'P', TO_DATE(TO_CHAR(TRUNC(SYSDATE, 'IW') + 2, 'YYYY-MM-DD') || ' 11:15:00', 'YYYY-MM-DD HH24:MI:SS'));
INSERT INTO ATTENDANCE (ATTENDANCE_ID, STUDENT_ID, SESSION_ID, STATUS, DATE_TIME) VALUES (184, 37, 4, 'P', TO_DATE(TO_CHAR(TRUNC(SYSDATE, 'IW') + 3, 'YYYY-MM-DD') || ' 12:30:00', 'YYYY-MM-DD HH24:MI:SS'));
INSERT INTO ATTENDANCE (ATTENDANCE_ID, STUDENT_ID, SESSION_ID, STATUS, DATE_TIME) VALUES (185, 37, 5, 'P', TO_DATE(TO_CHAR(TRUNC(SYSDATE, 'IW') + 4, 'YYYY-MM-DD') || ' 14:00:00', 'YYYY-MM-DD HH24:MI:SS'));
INSERT INTO ATTENDANCE (ATTENDANCE_ID, STUDENT_ID, SESSION_ID, STATUS, DATE_TIME) VALUES (186, 38, 6, 'P', TO_DATE(TO_CHAR(TRUNC(SYSDATE, 'IW') + 0, 'YYYY-MM-DD') || ' 08:45:00', 'YYYY-MM-DD HH24:MI:SS'));
INSERT INTO ATTENDANCE (ATTENDANCE_ID, STUDENT_ID, SESSION_ID, STATUS, DATE_TIME) VALUES (187, 38, 7, 'P', TO_DATE(TO_CHAR(TRUNC(SYSDATE, 'IW') + 1, 'YYYY-MM-DD') || ' 10:00:00', 'YYYY-MM-DD HH24:MI:SS'));
INSERT INTO ATTENDANCE (ATTENDANCE_ID, STUDENT_ID, SESSION_ID, STATUS, DATE_TIME) VALUES (188, 38, 8, 'A', TO_DATE(TO_CHAR(TRUNC(SYSDATE, 'IW') + 2, 'YYYY-MM-DD') || ' 11:15:00', 'YYYY-MM-DD HH24:MI:SS'));
INSERT INTO ATTENDANCE (ATTENDANCE_ID, STUDENT_ID, SESSION_ID, STATUS, DATE_TIME) VALUES (189, 38, 9, 'A', TO_DATE(TO_CHAR(TRUNC(SYSDATE, 'IW') + 3, 'YYYY-MM-DD') || ' 12:30:00', 'YYYY-MM-DD HH24:MI:SS'));
INSERT INTO ATTENDANCE (ATTENDANCE_ID, STUDENT_ID, SESSION_ID, STATUS, DATE_TIME) VALUES (190, 38, 10, 'P', TO_DATE(TO_CHAR(TRUNC(SYSDATE, 'IW') + 4, 'YYYY-MM-DD') || ' 14:00:00', 'YYYY-MM-DD HH24:MI:SS'));
INSERT INTO ATTENDANCE (ATTENDANCE_ID, STUDENT_ID, SESSION_ID, STATUS, DATE_TIME) VALUES (191, 39, 11, 'P', TO_DATE(TO_CHAR(TRUNC(SYSDATE, 'IW') + 0, 'YYYY-MM-DD') || ' 08:45:00', 'YYYY-MM-DD HH24:MI:SS'));
INSERT INTO ATTENDANCE (ATTENDANCE_ID, STUDENT_ID, SESSION_ID, STATUS, DATE_TIME) VALUES (192, 39, 12, 'P', TO_DATE(TO_CHAR(TRUNC(SYSDATE, 'IW') + 1, 'YYYY-MM-DD') || ' 10:00:00', 'YYYY-MM-DD HH24:MI:SS'));
INSERT INTO ATTENDANCE (ATTENDANCE_ID, STUDENT_ID, SESSION_ID, STATUS, DATE_TIME) VALUES (193, 39, 13, 'E', TO_DATE(TO_CHAR(TRUNC(SYSDATE, 'IW') + 2, 'YYYY-MM-DD') || ' 11:15:00', 'YYYY-MM-DD HH24:MI:SS'));
INSERT INTO ATTENDANCE (ATTENDANCE_ID, STUDENT_ID, SESSION_ID, STATUS, DATE_TIME) VALUES (194, 39, 14, 'P', TO_DATE(TO_CHAR(TRUNC(SYSDATE, 'IW') + 3, 'YYYY-MM-DD') || ' 12:30:00', 'YYYY-MM-DD HH24:MI:SS'));
INSERT INTO ATTENDANCE (ATTENDANCE_ID, STUDENT_ID, SESSION_ID, STATUS, DATE_TIME) VALUES (195, 39, 15, 'P', TO_DATE(TO_CHAR(TRUNC(SYSDATE, 'IW') + 4, 'YYYY-MM-DD') || ' 14:00:00', 'YYYY-MM-DD HH24:MI:SS'));
INSERT INTO ATTENDANCE (ATTENDANCE_ID, STUDENT_ID, SESSION_ID, STATUS, DATE_TIME) VALUES (196, 40, 16, 'P', TO_DATE(TO_CHAR(TRUNC(SYSDATE, 'IW') + 0, 'YYYY-MM-DD') || ' 08:45:00', 'YYYY-MM-DD HH24:MI:SS'));
INSERT INTO ATTENDANCE (ATTENDANCE_ID, STUDENT_ID, SESSION_ID, STATUS, DATE_TIME) VALUES (197, 40, 17, 'P', TO_DATE(TO_CHAR(TRUNC(SYSDATE, 'IW') + 1, 'YYYY-MM-DD') || ' 10:00:00', 'YYYY-MM-DD HH24:MI:SS'));
INSERT INTO ATTENDANCE (ATTENDANCE_ID, STUDENT_ID, SESSION_ID, STATUS, DATE_TIME) VALUES (198, 40, 18, 'P', TO_DATE(TO_CHAR(TRUNC(SYSDATE, 'IW') + 2, 'YYYY-MM-DD') || ' 11:15:00', 'YYYY-MM-DD HH24:MI:SS'));
INSERT INTO ATTENDANCE (ATTENDANCE_ID, STUDENT_ID, SESSION_ID, STATUS, DATE_TIME) VALUES (199, 40, 19, 'P', TO_DATE(TO_CHAR(TRUNC(SYSDATE, 'IW') + 3, 'YYYY-MM-DD') || ' 12:30:00', 'YYYY-MM-DD HH24:MI:SS'));
INSERT INTO ATTENDANCE (ATTENDANCE_ID, STUDENT_ID, SESSION_ID, STATUS, DATE_TIME) VALUES (200, 40, 20, 'P', TO_DATE(TO_CHAR(TRUNC(SYSDATE, 'IW') + 4, 'YYYY-MM-DD') || ' 14:00:00', 'YYYY-MM-DD HH24:MI:SS'));
INSERT INTO ATTENDANCE (ATTENDANCE_ID, STUDENT_ID, SESSION_ID, STATUS, DATE_TIME) VALUES (201, 41, 21, 'P', TO_DATE(TO_CHAR(TRUNC(SYSDATE, 'IW') + 0, 'YYYY-MM-DD') || ' 08:45:00', 'YYYY-MM-DD HH24:MI:SS'));
INSERT INTO ATTENDANCE (ATTENDANCE_ID, STUDENT_ID, SESSION_ID, STATUS, DATE_TIME) VALUES (202, 41, 22, 'P', TO_DATE(TO_CHAR(TRUNC(SYSDATE, 'IW') + 1, 'YYYY-MM-DD') || ' 10:00:00', 'YYYY-MM-DD HH24:MI:SS'));
INSERT INTO ATTENDANCE (ATTENDANCE_ID, STUDENT_ID, SESSION_ID, STATUS, DATE_TIME) VALUES (203, 41, 23, 'E', TO_DATE(TO_CHAR(TRUNC(SYSDATE, 'IW') + 2, 'YYYY-MM-DD') || ' 11:15:00', 'YYYY-MM-DD HH24:MI:SS'));
INSERT INTO ATTENDANCE (ATTENDANCE_ID, STUDENT_ID, SESSION_ID, STATUS, DATE_TIME) VALUES (204, 41, 24, 'P', TO_DATE(TO_CHAR(TRUNC(SYSDATE, 'IW') + 3, 'YYYY-MM-DD') || ' 12:30:00', 'YYYY-MM-DD HH24:MI:SS'));
INSERT INTO ATTENDANCE (ATTENDANCE_ID, STUDENT_ID, SESSION_ID, STATUS, DATE_TIME) VALUES (205, 41, 25, 'P', TO_DATE(TO_CHAR(TRUNC(SYSDATE, 'IW') + 4, 'YYYY-MM-DD') || ' 14:00:00', 'YYYY-MM-DD HH24:MI:SS'));
INSERT INTO ATTENDANCE (ATTENDANCE_ID, STUDENT_ID, SESSION_ID, STATUS, DATE_TIME) VALUES (206, 42, 26, 'P', TO_DATE(TO_CHAR(TRUNC(SYSDATE, 'IW') + 0, 'YYYY-MM-DD') || ' 08:45:00', 'YYYY-MM-DD HH24:MI:SS'));
INSERT INTO ATTENDANCE (ATTENDANCE_ID, STUDENT_ID, SESSION_ID, STATUS, DATE_TIME) VALUES (207, 42, 27, 'P', TO_DATE(TO_CHAR(TRUNC(SYSDATE, 'IW') + 1, 'YYYY-MM-DD') || ' 10:00:00', 'YYYY-MM-DD HH24:MI:SS'));
INSERT INTO ATTENDANCE (ATTENDANCE_ID, STUDENT_ID, SESSION_ID, STATUS, DATE_TIME) VALUES (208, 42, 28, 'P', TO_DATE(TO_CHAR(TRUNC(SYSDATE, 'IW') + 2, 'YYYY-MM-DD') || ' 11:15:00', 'YYYY-MM-DD HH24:MI:SS'));
INSERT INTO ATTENDANCE (ATTENDANCE_ID, STUDENT_ID, SESSION_ID, STATUS, DATE_TIME) VALUES (209, 42, 29, 'P', TO_DATE(TO_CHAR(TRUNC(SYSDATE, 'IW') + 3, 'YYYY-MM-DD') || ' 12:30:00', 'YYYY-MM-DD HH24:MI:SS'));
INSERT INTO ATTENDANCE (ATTENDANCE_ID, STUDENT_ID, SESSION_ID, STATUS, DATE_TIME) VALUES (210, 42, 30, 'P', TO_DATE(TO_CHAR(TRUNC(SYSDATE, 'IW') + 4, 'YYYY-MM-DD') || ' 14:00:00', 'YYYY-MM-DD HH24:MI:SS'));
INSERT INTO ATTENDANCE (ATTENDANCE_ID, STUDENT_ID, SESSION_ID, STATUS, DATE_TIME) VALUES (211, 43, 31, 'A', TO_DATE(TO_CHAR(TRUNC(SYSDATE, 'IW') + 0, 'YYYY-MM-DD') || ' 08:45:00', 'YYYY-MM-DD HH24:MI:SS'));
INSERT INTO ATTENDANCE (ATTENDANCE_ID, STUDENT_ID, SESSION_ID, STATUS, DATE_TIME) VALUES (212, 43, 32, 'A', TO_DATE(TO_CHAR(TRUNC(SYSDATE, 'IW') + 1, 'YYYY-MM-DD') || ' 10:00:00', 'YYYY-MM-DD HH24:MI:SS'));
INSERT INTO ATTENDANCE (ATTENDANCE_ID, STUDENT_ID, SESSION_ID, STATUS, DATE_TIME) VALUES (213, 43, 33, 'P', TO_DATE(TO_CHAR(TRUNC(SYSDATE, 'IW') + 2, 'YYYY-MM-DD') || ' 11:15:00', 'YYYY-MM-DD HH24:MI:SS'));
INSERT INTO ATTENDANCE (ATTENDANCE_ID, STUDENT_ID, SESSION_ID, STATUS, DATE_TIME) VALUES (214, 43, 34, 'P', TO_DATE(TO_CHAR(TRUNC(SYSDATE, 'IW') + 3, 'YYYY-MM-DD') || ' 12:30:00', 'YYYY-MM-DD HH24:MI:SS'));
INSERT INTO ATTENDANCE (ATTENDANCE_ID, STUDENT_ID, SESSION_ID, STATUS, DATE_TIME) VALUES (215, 43, 35, 'E', TO_DATE(TO_CHAR(TRUNC(SYSDATE, 'IW') + 4, 'YYYY-MM-DD') || ' 14:00:00', 'YYYY-MM-DD HH24:MI:SS'));
INSERT INTO ATTENDANCE (ATTENDANCE_ID, STUDENT_ID, SESSION_ID, STATUS, DATE_TIME) VALUES (216, 44, 36, 'P', TO_DATE(TO_CHAR(TRUNC(SYSDATE, 'IW') + 0, 'YYYY-MM-DD') || ' 08:45:00', 'YYYY-MM-DD HH24:MI:SS'));
INSERT INTO ATTENDANCE (ATTENDANCE_ID, STUDENT_ID, SESSION_ID, STATUS, DATE_TIME) VALUES (217, 44, 37, 'P', TO_DATE(TO_CHAR(TRUNC(SYSDATE, 'IW') + 1, 'YYYY-MM-DD') || ' 10:00:00', 'YYYY-MM-DD HH24:MI:SS'));
INSERT INTO ATTENDANCE (ATTENDANCE_ID, STUDENT_ID, SESSION_ID, STATUS, DATE_TIME) VALUES (218, 44, 38, 'A', TO_DATE(TO_CHAR(TRUNC(SYSDATE, 'IW') + 2, 'YYYY-MM-DD') || ' 11:15:00', 'YYYY-MM-DD HH24:MI:SS'));
INSERT INTO ATTENDANCE (ATTENDANCE_ID, STUDENT_ID, SESSION_ID, STATUS, DATE_TIME) VALUES (219, 44, 39, 'P', TO_DATE(TO_CHAR(TRUNC(SYSDATE, 'IW') + 3, 'YYYY-MM-DD') || ' 12:30:00', 'YYYY-MM-DD HH24:MI:SS'));
INSERT INTO ATTENDANCE (ATTENDANCE_ID, STUDENT_ID, SESSION_ID, STATUS, DATE_TIME) VALUES (220, 44, 40, 'P', TO_DATE(TO_CHAR(TRUNC(SYSDATE, 'IW') + 4, 'YYYY-MM-DD') || ' 14:00:00', 'YYYY-MM-DD HH24:MI:SS'));
INSERT INTO ATTENDANCE (ATTENDANCE_ID, STUDENT_ID, SESSION_ID, STATUS, DATE_TIME) VALUES (221, 45, 41, 'P', TO_DATE(TO_CHAR(TRUNC(SYSDATE, 'IW') + 0, 'YYYY-MM-DD') || ' 08:45:00', 'YYYY-MM-DD HH24:MI:SS'));
INSERT INTO ATTENDANCE (ATTENDANCE_ID, STUDENT_ID, SESSION_ID, STATUS, DATE_TIME) VALUES (222, 45, 42, 'A', TO_DATE(TO_CHAR(TRUNC(SYSDATE, 'IW') + 1, 'YYYY-MM-DD') || ' 10:00:00', 'YYYY-MM-DD HH24:MI:SS'));
INSERT INTO ATTENDANCE (ATTENDANCE_ID, STUDENT_ID, SESSION_ID, STATUS, DATE_TIME) VALUES (223, 45, 43, 'P', TO_DATE(TO_CHAR(TRUNC(SYSDATE, 'IW') + 2, 'YYYY-MM-DD') || ' 11:15:00', 'YYYY-MM-DD HH24:MI:SS'));
INSERT INTO ATTENDANCE (ATTENDANCE_ID, STUDENT_ID, SESSION_ID, STATUS, DATE_TIME) VALUES (224, 45, 44, 'P', TO_DATE(TO_CHAR(TRUNC(SYSDATE, 'IW') + 3, 'YYYY-MM-DD') || ' 12:30:00', 'YYYY-MM-DD HH24:MI:SS'));
INSERT INTO ATTENDANCE (ATTENDANCE_ID, STUDENT_ID, SESSION_ID, STATUS, DATE_TIME) VALUES (225, 45, 45, 'A', TO_DATE(TO_CHAR(TRUNC(SYSDATE, 'IW') + 4, 'YYYY-MM-DD') || ' 14:00:00', 'YYYY-MM-DD HH24:MI:SS'));
INSERT INTO ATTENDANCE (ATTENDANCE_ID, STUDENT_ID, SESSION_ID, STATUS, DATE_TIME) VALUES (226, 46, 46, 'P', TO_DATE(TO_CHAR(TRUNC(SYSDATE, 'IW') + 0, 'YYYY-MM-DD') || ' 08:45:00', 'YYYY-MM-DD HH24:MI:SS'));
INSERT INTO ATTENDANCE (ATTENDANCE_ID, STUDENT_ID, SESSION_ID, STATUS, DATE_TIME) VALUES (227, 46, 47, 'A', TO_DATE(TO_CHAR(TRUNC(SYSDATE, 'IW') + 1, 'YYYY-MM-DD') || ' 10:00:00', 'YYYY-MM-DD HH24:MI:SS'));
INSERT INTO ATTENDANCE (ATTENDANCE_ID, STUDENT_ID, SESSION_ID, STATUS, DATE_TIME) VALUES (228, 46, 48, 'P', TO_DATE(TO_CHAR(TRUNC(SYSDATE, 'IW') + 2, 'YYYY-MM-DD') || ' 11:15:00', 'YYYY-MM-DD HH24:MI:SS'));
INSERT INTO ATTENDANCE (ATTENDANCE_ID, STUDENT_ID, SESSION_ID, STATUS, DATE_TIME) VALUES (229, 46, 49, 'P', TO_DATE(TO_CHAR(TRUNC(SYSDATE, 'IW') + 3, 'YYYY-MM-DD') || ' 12:30:00', 'YYYY-MM-DD HH24:MI:SS'));
INSERT INTO ATTENDANCE (ATTENDANCE_ID, STUDENT_ID, SESSION_ID, STATUS, DATE_TIME) VALUES (230, 46, 50, 'P', TO_DATE(TO_CHAR(TRUNC(SYSDATE, 'IW') + 4, 'YYYY-MM-DD') || ' 14:00:00', 'YYYY-MM-DD HH24:MI:SS'));
INSERT INTO ATTENDANCE (ATTENDANCE_ID, STUDENT_ID, SESSION_ID, STATUS, DATE_TIME) VALUES (231, 47, 51, 'P', TO_DATE(TO_CHAR(TRUNC(SYSDATE, 'IW') + 0, 'YYYY-MM-DD') || ' 08:45:00', 'YYYY-MM-DD HH24:MI:SS'));
INSERT INTO ATTENDANCE (ATTENDANCE_ID, STUDENT_ID, SESSION_ID, STATUS, DATE_TIME) VALUES (232, 47, 52, 'P', TO_DATE(TO_CHAR(TRUNC(SYSDATE, 'IW') + 1, 'YYYY-MM-DD') || ' 10:00:00', 'YYYY-MM-DD HH24:MI:SS'));
INSERT INTO ATTENDANCE (ATTENDANCE_ID, STUDENT_ID, SESSION_ID, STATUS, DATE_TIME) VALUES (233, 47, 53, 'P', TO_DATE(TO_CHAR(TRUNC(SYSDATE, 'IW') + 2, 'YYYY-MM-DD') || ' 11:15:00', 'YYYY-MM-DD HH24:MI:SS'));
INSERT INTO ATTENDANCE (ATTENDANCE_ID, STUDENT_ID, SESSION_ID, STATUS, DATE_TIME) VALUES (234, 47, 54, 'E', TO_DATE(TO_CHAR(TRUNC(SYSDATE, 'IW') + 3, 'YYYY-MM-DD') || ' 12:30:00', 'YYYY-MM-DD HH24:MI:SS'));
INSERT INTO ATTENDANCE (ATTENDANCE_ID, STUDENT_ID, SESSION_ID, STATUS, DATE_TIME) VALUES (235, 47, 55, 'P', TO_DATE(TO_CHAR(TRUNC(SYSDATE, 'IW') + 4, 'YYYY-MM-DD') || ' 14:00:00', 'YYYY-MM-DD HH24:MI:SS'));
INSERT INTO ATTENDANCE (ATTENDANCE_ID, STUDENT_ID, SESSION_ID, STATUS, DATE_TIME) VALUES (236, 48, 56, 'P', TO_DATE(TO_CHAR(TRUNC(SYSDATE, 'IW') + 0, 'YYYY-MM-DD') || ' 08:45:00', 'YYYY-MM-DD HH24:MI:SS'));
INSERT INTO ATTENDANCE (ATTENDANCE_ID, STUDENT_ID, SESSION_ID, STATUS, DATE_TIME) VALUES (237, 48, 57, 'P', TO_DATE(TO_CHAR(TRUNC(SYSDATE, 'IW') + 1, 'YYYY-MM-DD') || ' 10:00:00', 'YYYY-MM-DD HH24:MI:SS'));
INSERT INTO ATTENDANCE (ATTENDANCE_ID, STUDENT_ID, SESSION_ID, STATUS, DATE_TIME) VALUES (238, 48, 58, 'P', TO_DATE(TO_CHAR(TRUNC(SYSDATE, 'IW') + 2, 'YYYY-MM-DD') || ' 11:15:00', 'YYYY-MM-DD HH24:MI:SS'));
INSERT INTO ATTENDANCE (ATTENDANCE_ID, STUDENT_ID, SESSION_ID, STATUS, DATE_TIME) VALUES (239, 48, 59, 'P', TO_DATE(TO_CHAR(TRUNC(SYSDATE, 'IW') + 3, 'YYYY-MM-DD') || ' 12:30:00', 'YYYY-MM-DD HH24:MI:SS'));
INSERT INTO ATTENDANCE (ATTENDANCE_ID, STUDENT_ID, SESSION_ID, STATUS, DATE_TIME) VALUES (240, 48, 60, 'A', TO_DATE(TO_CHAR(TRUNC(SYSDATE, 'IW') + 4, 'YYYY-MM-DD') || ' 14:00:00', 'YYYY-MM-DD HH24:MI:SS'));
INSERT INTO ATTENDANCE (ATTENDANCE_ID, STUDENT_ID, SESSION_ID, STATUS, DATE_TIME) VALUES (241, 49, 1, 'P', TO_DATE(TO_CHAR(TRUNC(SYSDATE, 'IW') + 0, 'YYYY-MM-DD') || ' 08:45:00', 'YYYY-MM-DD HH24:MI:SS'));
INSERT INTO ATTENDANCE (ATTENDANCE_ID, STUDENT_ID, SESSION_ID, STATUS, DATE_TIME) VALUES (242, 49, 2, 'P', TO_DATE(TO_CHAR(TRUNC(SYSDATE, 'IW') + 1, 'YYYY-MM-DD') || ' 10:00:00', 'YYYY-MM-DD HH24:MI:SS'));
INSERT INTO ATTENDANCE (ATTENDANCE_ID, STUDENT_ID, SESSION_ID, STATUS, DATE_TIME) VALUES (243, 49, 3, 'P', TO_DATE(TO_CHAR(TRUNC(SYSDATE, 'IW') + 2, 'YYYY-MM-DD') || ' 11:15:00', 'YYYY-MM-DD HH24:MI:SS'));
INSERT INTO ATTENDANCE (ATTENDANCE_ID, STUDENT_ID, SESSION_ID, STATUS, DATE_TIME) VALUES (244, 49, 4, 'P', TO_DATE(TO_CHAR(TRUNC(SYSDATE, 'IW') + 3, 'YYYY-MM-DD') || ' 12:30:00', 'YYYY-MM-DD HH24:MI:SS'));
INSERT INTO ATTENDANCE (ATTENDANCE_ID, STUDENT_ID, SESSION_ID, STATUS, DATE_TIME) VALUES (245, 49, 5, 'P', TO_DATE(TO_CHAR(TRUNC(SYSDATE, 'IW') + 4, 'YYYY-MM-DD') || ' 14:00:00', 'YYYY-MM-DD HH24:MI:SS'));
INSERT INTO ATTENDANCE (ATTENDANCE_ID, STUDENT_ID, SESSION_ID, STATUS, DATE_TIME) VALUES (246, 50, 6, 'E', TO_DATE(TO_CHAR(TRUNC(SYSDATE, 'IW') + 0, 'YYYY-MM-DD') || ' 08:45:00', 'YYYY-MM-DD HH24:MI:SS'));
INSERT INTO ATTENDANCE (ATTENDANCE_ID, STUDENT_ID, SESSION_ID, STATUS, DATE_TIME) VALUES (247, 50, 7, 'P', TO_DATE(TO_CHAR(TRUNC(SYSDATE, 'IW') + 1, 'YYYY-MM-DD') || ' 10:00:00', 'YYYY-MM-DD HH24:MI:SS'));
INSERT INTO ATTENDANCE (ATTENDANCE_ID, STUDENT_ID, SESSION_ID, STATUS, DATE_TIME) VALUES (248, 50, 8, 'P', TO_DATE(TO_CHAR(TRUNC(SYSDATE, 'IW') + 2, 'YYYY-MM-DD') || ' 11:15:00', 'YYYY-MM-DD HH24:MI:SS'));
INSERT INTO ATTENDANCE (ATTENDANCE_ID, STUDENT_ID, SESSION_ID, STATUS, DATE_TIME) VALUES (249, 50, 9, 'P', TO_DATE(TO_CHAR(TRUNC(SYSDATE, 'IW') + 3, 'YYYY-MM-DD') || ' 12:30:00', 'YYYY-MM-DD HH24:MI:SS'));
INSERT INTO ATTENDANCE (ATTENDANCE_ID, STUDENT_ID, SESSION_ID, STATUS, DATE_TIME) VALUES (250, 50, 10, 'P', TO_DATE(TO_CHAR(TRUNC(SYSDATE, 'IW') + 4, 'YYYY-MM-DD') || ' 14:00:00', 'YYYY-MM-DD HH24:MI:SS'));
INSERT INTO ATTENDANCE (ATTENDANCE_ID, STUDENT_ID, SESSION_ID, STATUS, DATE_TIME) VALUES (251, 51, 11, 'P', TO_DATE(TO_CHAR(TRUNC(SYSDATE, 'IW') + 0, 'YYYY-MM-DD') || ' 08:45:00', 'YYYY-MM-DD HH24:MI:SS'));
INSERT INTO ATTENDANCE (ATTENDANCE_ID, STUDENT_ID, SESSION_ID, STATUS, DATE_TIME) VALUES (252, 51, 12, 'P', TO_DATE(TO_CHAR(TRUNC(SYSDATE, 'IW') + 1, 'YYYY-MM-DD') || ' 10:00:00', 'YYYY-MM-DD HH24:MI:SS'));
INSERT INTO ATTENDANCE (ATTENDANCE_ID, STUDENT_ID, SESSION_ID, STATUS, DATE_TIME) VALUES (253, 51, 13, 'P', TO_DATE(TO_CHAR(TRUNC(SYSDATE, 'IW') + 2, 'YYYY-MM-DD') || ' 11:15:00', 'YYYY-MM-DD HH24:MI:SS'));
INSERT INTO ATTENDANCE (ATTENDANCE_ID, STUDENT_ID, SESSION_ID, STATUS, DATE_TIME) VALUES (254, 51, 14, 'P', TO_DATE(TO_CHAR(TRUNC(SYSDATE, 'IW') + 3, 'YYYY-MM-DD') || ' 12:30:00', 'YYYY-MM-DD HH24:MI:SS'));
INSERT INTO ATTENDANCE (ATTENDANCE_ID, STUDENT_ID, SESSION_ID, STATUS, DATE_TIME) VALUES (255, 51, 15, 'P', TO_DATE(TO_CHAR(TRUNC(SYSDATE, 'IW') + 4, 'YYYY-MM-DD') || ' 14:00:00', 'YYYY-MM-DD HH24:MI:SS'));
INSERT INTO ATTENDANCE (ATTENDANCE_ID, STUDENT_ID, SESSION_ID, STATUS, DATE_TIME) VALUES (256, 52, 16, 'P', TO_DATE(TO_CHAR(TRUNC(SYSDATE, 'IW') + 0, 'YYYY-MM-DD') || ' 08:45:00', 'YYYY-MM-DD HH24:MI:SS'));
INSERT INTO ATTENDANCE (ATTENDANCE_ID, STUDENT_ID, SESSION_ID, STATUS, DATE_TIME) VALUES (257, 52, 17, 'A', TO_DATE(TO_CHAR(TRUNC(SYSDATE, 'IW') + 1, 'YYYY-MM-DD') || ' 10:00:00', 'YYYY-MM-DD HH24:MI:SS'));
INSERT INTO ATTENDANCE (ATTENDANCE_ID, STUDENT_ID, SESSION_ID, STATUS, DATE_TIME) VALUES (258, 52, 18, 'A', TO_DATE(TO_CHAR(TRUNC(SYSDATE, 'IW') + 2, 'YYYY-MM-DD') || ' 11:15:00', 'YYYY-MM-DD HH24:MI:SS'));
INSERT INTO ATTENDANCE (ATTENDANCE_ID, STUDENT_ID, SESSION_ID, STATUS, DATE_TIME) VALUES (259, 52, 19, 'P', TO_DATE(TO_CHAR(TRUNC(SYSDATE, 'IW') + 3, 'YYYY-MM-DD') || ' 12:30:00', 'YYYY-MM-DD HH24:MI:SS'));
INSERT INTO ATTENDANCE (ATTENDANCE_ID, STUDENT_ID, SESSION_ID, STATUS, DATE_TIME) VALUES (260, 52, 20, 'P', TO_DATE(TO_CHAR(TRUNC(SYSDATE, 'IW') + 4, 'YYYY-MM-DD') || ' 14:00:00', 'YYYY-MM-DD HH24:MI:SS'));
INSERT INTO ATTENDANCE (ATTENDANCE_ID, STUDENT_ID, SESSION_ID, STATUS, DATE_TIME) VALUES (261, 53, 21, 'P', TO_DATE(TO_CHAR(TRUNC(SYSDATE, 'IW') + 0, 'YYYY-MM-DD') || ' 08:45:00', 'YYYY-MM-DD HH24:MI:SS'));
INSERT INTO ATTENDANCE (ATTENDANCE_ID, STUDENT_ID, SESSION_ID, STATUS, DATE_TIME) VALUES (262, 53, 22, 'P', TO_DATE(TO_CHAR(TRUNC(SYSDATE, 'IW') + 1, 'YYYY-MM-DD') || ' 10:00:00', 'YYYY-MM-DD HH24:MI:SS'));
INSERT INTO ATTENDANCE (ATTENDANCE_ID, STUDENT_ID, SESSION_ID, STATUS, DATE_TIME) VALUES (263, 53, 23, 'E', TO_DATE(TO_CHAR(TRUNC(SYSDATE, 'IW') + 2, 'YYYY-MM-DD') || ' 11:15:00', 'YYYY-MM-DD HH24:MI:SS'));
INSERT INTO ATTENDANCE (ATTENDANCE_ID, STUDENT_ID, SESSION_ID, STATUS, DATE_TIME) VALUES (264, 53, 24, 'P', TO_DATE(TO_CHAR(TRUNC(SYSDATE, 'IW') + 3, 'YYYY-MM-DD') || ' 12:30:00', 'YYYY-MM-DD HH24:MI:SS'));
INSERT INTO ATTENDANCE (ATTENDANCE_ID, STUDENT_ID, SESSION_ID, STATUS, DATE_TIME) VALUES (265, 53, 25, 'P', TO_DATE(TO_CHAR(TRUNC(SYSDATE, 'IW') + 4, 'YYYY-MM-DD') || ' 14:00:00', 'YYYY-MM-DD HH24:MI:SS'));
INSERT INTO ATTENDANCE (ATTENDANCE_ID, STUDENT_ID, SESSION_ID, STATUS, DATE_TIME) VALUES (266, 54, 26, 'P', TO_DATE(TO_CHAR(TRUNC(SYSDATE, 'IW') + 0, 'YYYY-MM-DD') || ' 08:45:00', 'YYYY-MM-DD HH24:MI:SS'));
INSERT INTO ATTENDANCE (ATTENDANCE_ID, STUDENT_ID, SESSION_ID, STATUS, DATE_TIME) VALUES (267, 54, 27, 'P', TO_DATE(TO_CHAR(TRUNC(SYSDATE, 'IW') + 1, 'YYYY-MM-DD') || ' 10:00:00', 'YYYY-MM-DD HH24:MI:SS'));
INSERT INTO ATTENDANCE (ATTENDANCE_ID, STUDENT_ID, SESSION_ID, STATUS, DATE_TIME) VALUES (268, 54, 28, 'P', TO_DATE(TO_CHAR(TRUNC(SYSDATE, 'IW') + 2, 'YYYY-MM-DD') || ' 11:15:00', 'YYYY-MM-DD HH24:MI:SS'));
INSERT INTO ATTENDANCE (ATTENDANCE_ID, STUDENT_ID, SESSION_ID, STATUS, DATE_TIME) VALUES (269, 54, 29, 'P', TO_DATE(TO_CHAR(TRUNC(SYSDATE, 'IW') + 3, 'YYYY-MM-DD') || ' 12:30:00', 'YYYY-MM-DD HH24:MI:SS'));
INSERT INTO ATTENDANCE (ATTENDANCE_ID, STUDENT_ID, SESSION_ID, STATUS, DATE_TIME) VALUES (270, 54, 30, 'P', TO_DATE(TO_CHAR(TRUNC(SYSDATE, 'IW') + 4, 'YYYY-MM-DD') || ' 14:00:00', 'YYYY-MM-DD HH24:MI:SS'));
INSERT INTO ATTENDANCE (ATTENDANCE_ID, STUDENT_ID, SESSION_ID, STATUS, DATE_TIME) VALUES (271, 55, 31, 'P', TO_DATE(TO_CHAR(TRUNC(SYSDATE, 'IW') + 0, 'YYYY-MM-DD') || ' 08:45:00', 'YYYY-MM-DD HH24:MI:SS'));
INSERT INTO ATTENDANCE (ATTENDANCE_ID, STUDENT_ID, SESSION_ID, STATUS, DATE_TIME) VALUES (272, 55, 32, 'P', TO_DATE(TO_CHAR(TRUNC(SYSDATE, 'IW') + 1, 'YYYY-MM-DD') || ' 10:00:00', 'YYYY-MM-DD HH24:MI:SS'));
INSERT INTO ATTENDANCE (ATTENDANCE_ID, STUDENT_ID, SESSION_ID, STATUS, DATE_TIME) VALUES (273, 55, 33, 'P', TO_DATE(TO_CHAR(TRUNC(SYSDATE, 'IW') + 2, 'YYYY-MM-DD') || ' 11:15:00', 'YYYY-MM-DD HH24:MI:SS'));
INSERT INTO ATTENDANCE (ATTENDANCE_ID, STUDENT_ID, SESSION_ID, STATUS, DATE_TIME) VALUES (274, 55, 34, 'P', TO_DATE(TO_CHAR(TRUNC(SYSDATE, 'IW') + 3, 'YYYY-MM-DD') || ' 12:30:00', 'YYYY-MM-DD HH24:MI:SS'));
INSERT INTO ATTENDANCE (ATTENDANCE_ID, STUDENT_ID, SESSION_ID, STATUS, DATE_TIME) VALUES (275, 55, 35, 'P', TO_DATE(TO_CHAR(TRUNC(SYSDATE, 'IW') + 4, 'YYYY-MM-DD') || ' 14:00:00', 'YYYY-MM-DD HH24:MI:SS'));
INSERT INTO ATTENDANCE (ATTENDANCE_ID, STUDENT_ID, SESSION_ID, STATUS, DATE_TIME) VALUES (276, 56, 36, 'E', TO_DATE(TO_CHAR(TRUNC(SYSDATE, 'IW') + 0, 'YYYY-MM-DD') || ' 08:45:00', 'YYYY-MM-DD HH24:MI:SS'));
INSERT INTO ATTENDANCE (ATTENDANCE_ID, STUDENT_ID, SESSION_ID, STATUS, DATE_TIME) VALUES (277, 56, 37, 'P', TO_DATE(TO_CHAR(TRUNC(SYSDATE, 'IW') + 1, 'YYYY-MM-DD') || ' 10:00:00', 'YYYY-MM-DD HH24:MI:SS'));
INSERT INTO ATTENDANCE (ATTENDANCE_ID, STUDENT_ID, SESSION_ID, STATUS, DATE_TIME) VALUES (278, 56, 38, 'P', TO_DATE(TO_CHAR(TRUNC(SYSDATE, 'IW') + 2, 'YYYY-MM-DD') || ' 11:15:00', 'YYYY-MM-DD HH24:MI:SS'));
INSERT INTO ATTENDANCE (ATTENDANCE_ID, STUDENT_ID, SESSION_ID, STATUS, DATE_TIME) VALUES (279, 56, 39, 'P', TO_DATE(TO_CHAR(TRUNC(SYSDATE, 'IW') + 3, 'YYYY-MM-DD') || ' 12:30:00', 'YYYY-MM-DD HH24:MI:SS'));
INSERT INTO ATTENDANCE (ATTENDANCE_ID, STUDENT_ID, SESSION_ID, STATUS, DATE_TIME) VALUES (280, 56, 40, 'P', TO_DATE(TO_CHAR(TRUNC(SYSDATE, 'IW') + 4, 'YYYY-MM-DD') || ' 14:00:00', 'YYYY-MM-DD HH24:MI:SS'));
INSERT INTO ATTENDANCE (ATTENDANCE_ID, STUDENT_ID, SESSION_ID, STATUS, DATE_TIME) VALUES (281, 57, 41, 'P', TO_DATE(TO_CHAR(TRUNC(SYSDATE, 'IW') + 0, 'YYYY-MM-DD') || ' 08:45:00', 'YYYY-MM-DD HH24:MI:SS'));
INSERT INTO ATTENDANCE (ATTENDANCE_ID, STUDENT_ID, SESSION_ID, STATUS, DATE_TIME) VALUES (282, 57, 42, 'P', TO_DATE(TO_CHAR(TRUNC(SYSDATE, 'IW') + 1, 'YYYY-MM-DD') || ' 10:00:00', 'YYYY-MM-DD HH24:MI:SS'));
INSERT INTO ATTENDANCE (ATTENDANCE_ID, STUDENT_ID, SESSION_ID, STATUS, DATE_TIME) VALUES (283, 57, 43, 'P', TO_DATE(TO_CHAR(TRUNC(SYSDATE, 'IW') + 2, 'YYYY-MM-DD') || ' 11:15:00', 'YYYY-MM-DD HH24:MI:SS'));
INSERT INTO ATTENDANCE (ATTENDANCE_ID, STUDENT_ID, SESSION_ID, STATUS, DATE_TIME) VALUES (284, 57, 44, 'A', TO_DATE(TO_CHAR(TRUNC(SYSDATE, 'IW') + 3, 'YYYY-MM-DD') || ' 12:30:00', 'YYYY-MM-DD HH24:MI:SS'));
INSERT INTO ATTENDANCE (ATTENDANCE_ID, STUDENT_ID, SESSION_ID, STATUS, DATE_TIME) VALUES (285, 57, 45, 'A', TO_DATE(TO_CHAR(TRUNC(SYSDATE, 'IW') + 4, 'YYYY-MM-DD') || ' 14:00:00', 'YYYY-MM-DD HH24:MI:SS'));
INSERT INTO ATTENDANCE (ATTENDANCE_ID, STUDENT_ID, SESSION_ID, STATUS, DATE_TIME) VALUES (286, 58, 46, 'P', TO_DATE(TO_CHAR(TRUNC(SYSDATE, 'IW') + 0, 'YYYY-MM-DD') || ' 08:45:00', 'YYYY-MM-DD HH24:MI:SS'));
INSERT INTO ATTENDANCE (ATTENDANCE_ID, STUDENT_ID, SESSION_ID, STATUS, DATE_TIME) VALUES (287, 58, 47, 'P', TO_DATE(TO_CHAR(TRUNC(SYSDATE, 'IW') + 1, 'YYYY-MM-DD') || ' 10:00:00', 'YYYY-MM-DD HH24:MI:SS'));
INSERT INTO ATTENDANCE (ATTENDANCE_ID, STUDENT_ID, SESSION_ID, STATUS, DATE_TIME) VALUES (288, 58, 48, 'P', TO_DATE(TO_CHAR(TRUNC(SYSDATE, 'IW') + 2, 'YYYY-MM-DD') || ' 11:15:00', 'YYYY-MM-DD HH24:MI:SS'));
INSERT INTO ATTENDANCE (ATTENDANCE_ID, STUDENT_ID, SESSION_ID, STATUS, DATE_TIME) VALUES (289, 58, 49, 'A', TO_DATE(TO_CHAR(TRUNC(SYSDATE, 'IW') + 3, 'YYYY-MM-DD') || ' 12:30:00', 'YYYY-MM-DD HH24:MI:SS'));
INSERT INTO ATTENDANCE (ATTENDANCE_ID, STUDENT_ID, SESSION_ID, STATUS, DATE_TIME) VALUES (290, 58, 50, 'P', TO_DATE(TO_CHAR(TRUNC(SYSDATE, 'IW') + 4, 'YYYY-MM-DD') || ' 14:00:00', 'YYYY-MM-DD HH24:MI:SS'));
INSERT INTO ATTENDANCE (ATTENDANCE_ID, STUDENT_ID, SESSION_ID, STATUS, DATE_TIME) VALUES (291, 59, 51, 'P', TO_DATE(TO_CHAR(TRUNC(SYSDATE, 'IW') + 0, 'YYYY-MM-DD') || ' 08:45:00', 'YYYY-MM-DD HH24:MI:SS'));
INSERT INTO ATTENDANCE (ATTENDANCE_ID, STUDENT_ID, SESSION_ID, STATUS, DATE_TIME) VALUES (292, 59, 52, 'A', TO_DATE(TO_CHAR(TRUNC(SYSDATE, 'IW') + 1, 'YYYY-MM-DD') || ' 10:00:00', 'YYYY-MM-DD HH24:MI:SS'));
INSERT INTO ATTENDANCE (ATTENDANCE_ID, STUDENT_ID, SESSION_ID, STATUS, DATE_TIME) VALUES (293, 59, 53, 'A', TO_DATE(TO_CHAR(TRUNC(SYSDATE, 'IW') + 2, 'YYYY-MM-DD') || ' 11:15:00', 'YYYY-MM-DD HH24:MI:SS'));
INSERT INTO ATTENDANCE (ATTENDANCE_ID, STUDENT_ID, SESSION_ID, STATUS, DATE_TIME) VALUES (294, 59, 54, 'E', TO_DATE(TO_CHAR(TRUNC(SYSDATE, 'IW') + 3, 'YYYY-MM-DD') || ' 12:30:00', 'YYYY-MM-DD HH24:MI:SS'));
INSERT INTO ATTENDANCE (ATTENDANCE_ID, STUDENT_ID, SESSION_ID, STATUS, DATE_TIME) VALUES (295, 59, 55, 'P', TO_DATE(TO_CHAR(TRUNC(SYSDATE, 'IW') + 4, 'YYYY-MM-DD') || ' 14:00:00', 'YYYY-MM-DD HH24:MI:SS'));
INSERT INTO ATTENDANCE (ATTENDANCE_ID, STUDENT_ID, SESSION_ID, STATUS, DATE_TIME) VALUES (296, 60, 56, 'P', TO_DATE(TO_CHAR(TRUNC(SYSDATE, 'IW') + 0, 'YYYY-MM-DD') || ' 08:45:00', 'YYYY-MM-DD HH24:MI:SS'));
INSERT INTO ATTENDANCE (ATTENDANCE_ID, STUDENT_ID, SESSION_ID, STATUS, DATE_TIME) VALUES (297, 60, 57, 'E', TO_DATE(TO_CHAR(TRUNC(SYSDATE, 'IW') + 1, 'YYYY-MM-DD') || ' 10:00:00', 'YYYY-MM-DD HH24:MI:SS'));
INSERT INTO ATTENDANCE (ATTENDANCE_ID, STUDENT_ID, SESSION_ID, STATUS, DATE_TIME) VALUES (298, 60, 58, 'A', TO_DATE(TO_CHAR(TRUNC(SYSDATE, 'IW') + 2, 'YYYY-MM-DD') || ' 11:15:00', 'YYYY-MM-DD HH24:MI:SS'));
INSERT INTO ATTENDANCE (ATTENDANCE_ID, STUDENT_ID, SESSION_ID, STATUS, DATE_TIME) VALUES (299, 60, 59, 'P', TO_DATE(TO_CHAR(TRUNC(SYSDATE, 'IW') + 3, 'YYYY-MM-DD') || ' 12:30:00', 'YYYY-MM-DD HH24:MI:SS'));
INSERT INTO ATTENDANCE (ATTENDANCE_ID, STUDENT_ID, SESSION_ID, STATUS, DATE_TIME) VALUES (300, 60, 60, 'P', TO_DATE(TO_CHAR(TRUNC(SYSDATE, 'IW') + 4, 'YYYY-MM-DD') || ' 14:00:00', 'YYYY-MM-DD HH24:MI:SS'));
INSERT INTO ATTENDANCE (ATTENDANCE_ID, STUDENT_ID, SESSION_ID, STATUS, DATE_TIME) VALUES (301, 61, 1, 'E', TO_DATE(TO_CHAR(TRUNC(SYSDATE, 'IW') + 0, 'YYYY-MM-DD') || ' 08:45:00', 'YYYY-MM-DD HH24:MI:SS'));
INSERT INTO ATTENDANCE (ATTENDANCE_ID, STUDENT_ID, SESSION_ID, STATUS, DATE_TIME) VALUES (302, 61, 2, 'P', TO_DATE(TO_CHAR(TRUNC(SYSDATE, 'IW') + 1, 'YYYY-MM-DD') || ' 10:00:00', 'YYYY-MM-DD HH24:MI:SS'));
INSERT INTO ATTENDANCE (ATTENDANCE_ID, STUDENT_ID, SESSION_ID, STATUS, DATE_TIME) VALUES (303, 61, 3, 'P', TO_DATE(TO_CHAR(TRUNC(SYSDATE, 'IW') + 2, 'YYYY-MM-DD') || ' 11:15:00', 'YYYY-MM-DD HH24:MI:SS'));
INSERT INTO ATTENDANCE (ATTENDANCE_ID, STUDENT_ID, SESSION_ID, STATUS, DATE_TIME) VALUES (304, 61, 4, 'P', TO_DATE(TO_CHAR(TRUNC(SYSDATE, 'IW') + 3, 'YYYY-MM-DD') || ' 12:30:00', 'YYYY-MM-DD HH24:MI:SS'));
INSERT INTO ATTENDANCE (ATTENDANCE_ID, STUDENT_ID, SESSION_ID, STATUS, DATE_TIME) VALUES (305, 61, 5, 'E', TO_DATE(TO_CHAR(TRUNC(SYSDATE, 'IW') + 4, 'YYYY-MM-DD') || ' 14:00:00', 'YYYY-MM-DD HH24:MI:SS'));
INSERT INTO ATTENDANCE (ATTENDANCE_ID, STUDENT_ID, SESSION_ID, STATUS, DATE_TIME) VALUES (306, 62, 6, 'P', TO_DATE(TO_CHAR(TRUNC(SYSDATE, 'IW') + 0, 'YYYY-MM-DD') || ' 08:45:00', 'YYYY-MM-DD HH24:MI:SS'));
INSERT INTO ATTENDANCE (ATTENDANCE_ID, STUDENT_ID, SESSION_ID, STATUS, DATE_TIME) VALUES (307, 62, 7, 'P', TO_DATE(TO_CHAR(TRUNC(SYSDATE, 'IW') + 1, 'YYYY-MM-DD') || ' 10:00:00', 'YYYY-MM-DD HH24:MI:SS'));
INSERT INTO ATTENDANCE (ATTENDANCE_ID, STUDENT_ID, SESSION_ID, STATUS, DATE_TIME) VALUES (308, 62, 8, 'A', TO_DATE(TO_CHAR(TRUNC(SYSDATE, 'IW') + 2, 'YYYY-MM-DD') || ' 11:15:00', 'YYYY-MM-DD HH24:MI:SS'));
INSERT INTO ATTENDANCE (ATTENDANCE_ID, STUDENT_ID, SESSION_ID, STATUS, DATE_TIME) VALUES (309, 62, 9, 'P', TO_DATE(TO_CHAR(TRUNC(SYSDATE, 'IW') + 3, 'YYYY-MM-DD') || ' 12:30:00', 'YYYY-MM-DD HH24:MI:SS'));
INSERT INTO ATTENDANCE (ATTENDANCE_ID, STUDENT_ID, SESSION_ID, STATUS, DATE_TIME) VALUES (310, 62, 10, 'P', TO_DATE(TO_CHAR(TRUNC(SYSDATE, 'IW') + 4, 'YYYY-MM-DD') || ' 14:00:00', 'YYYY-MM-DD HH24:MI:SS'));
INSERT INTO ATTENDANCE (ATTENDANCE_ID, STUDENT_ID, SESSION_ID, STATUS, DATE_TIME) VALUES (311, 63, 11, 'P', TO_DATE(TO_CHAR(TRUNC(SYSDATE, 'IW') + 0, 'YYYY-MM-DD') || ' 08:45:00', 'YYYY-MM-DD HH24:MI:SS'));
INSERT INTO ATTENDANCE (ATTENDANCE_ID, STUDENT_ID, SESSION_ID, STATUS, DATE_TIME) VALUES (312, 63, 12, 'P', TO_DATE(TO_CHAR(TRUNC(SYSDATE, 'IW') + 1, 'YYYY-MM-DD') || ' 10:00:00', 'YYYY-MM-DD HH24:MI:SS'));
INSERT INTO ATTENDANCE (ATTENDANCE_ID, STUDENT_ID, SESSION_ID, STATUS, DATE_TIME) VALUES (313, 63, 13, 'P', TO_DATE(TO_CHAR(TRUNC(SYSDATE, 'IW') + 2, 'YYYY-MM-DD') || ' 11:15:00', 'YYYY-MM-DD HH24:MI:SS'));
INSERT INTO ATTENDANCE (ATTENDANCE_ID, STUDENT_ID, SESSION_ID, STATUS, DATE_TIME) VALUES (314, 63, 14, 'P', TO_DATE(TO_CHAR(TRUNC(SYSDATE, 'IW') + 3, 'YYYY-MM-DD') || ' 12:30:00', 'YYYY-MM-DD HH24:MI:SS'));
INSERT INTO ATTENDANCE (ATTENDANCE_ID, STUDENT_ID, SESSION_ID, STATUS, DATE_TIME) VALUES (315, 63, 15, 'P', TO_DATE(TO_CHAR(TRUNC(SYSDATE, 'IW') + 4, 'YYYY-MM-DD') || ' 14:00:00', 'YYYY-MM-DD HH24:MI:SS'));
INSERT INTO ATTENDANCE (ATTENDANCE_ID, STUDENT_ID, SESSION_ID, STATUS, DATE_TIME) VALUES (316, 64, 16, 'P', TO_DATE(TO_CHAR(TRUNC(SYSDATE, 'IW') + 0, 'YYYY-MM-DD') || ' 08:45:00', 'YYYY-MM-DD HH24:MI:SS'));
INSERT INTO ATTENDANCE (ATTENDANCE_ID, STUDENT_ID, SESSION_ID, STATUS, DATE_TIME) VALUES (317, 64, 17, 'P', TO_DATE(TO_CHAR(TRUNC(SYSDATE, 'IW') + 1, 'YYYY-MM-DD') || ' 10:00:00', 'YYYY-MM-DD HH24:MI:SS'));
INSERT INTO ATTENDANCE (ATTENDANCE_ID, STUDENT_ID, SESSION_ID, STATUS, DATE_TIME) VALUES (318, 64, 18, 'P', TO_DATE(TO_CHAR(TRUNC(SYSDATE, 'IW') + 2, 'YYYY-MM-DD') || ' 11:15:00', 'YYYY-MM-DD HH24:MI:SS'));
INSERT INTO ATTENDANCE (ATTENDANCE_ID, STUDENT_ID, SESSION_ID, STATUS, DATE_TIME) VALUES (319, 64, 19, 'P', TO_DATE(TO_CHAR(TRUNC(SYSDATE, 'IW') + 3, 'YYYY-MM-DD') || ' 12:30:00', 'YYYY-MM-DD HH24:MI:SS'));
INSERT INTO ATTENDANCE (ATTENDANCE_ID, STUDENT_ID, SESSION_ID, STATUS, DATE_TIME) VALUES (320, 64, 20, 'P', TO_DATE(TO_CHAR(TRUNC(SYSDATE, 'IW') + 4, 'YYYY-MM-DD') || ' 14:00:00', 'YYYY-MM-DD HH24:MI:SS'));
INSERT INTO ATTENDANCE (ATTENDANCE_ID, STUDENT_ID, SESSION_ID, STATUS, DATE_TIME) VALUES (321, 65, 21, 'P', TO_DATE(TO_CHAR(TRUNC(SYSDATE, 'IW') + 0, 'YYYY-MM-DD') || ' 08:45:00', 'YYYY-MM-DD HH24:MI:SS'));
INSERT INTO ATTENDANCE (ATTENDANCE_ID, STUDENT_ID, SESSION_ID, STATUS, DATE_TIME) VALUES (322, 65, 22, 'P', TO_DATE(TO_CHAR(TRUNC(SYSDATE, 'IW') + 1, 'YYYY-MM-DD') || ' 10:00:00', 'YYYY-MM-DD HH24:MI:SS'));
INSERT INTO ATTENDANCE (ATTENDANCE_ID, STUDENT_ID, SESSION_ID, STATUS, DATE_TIME) VALUES (323, 65, 23, 'P', TO_DATE(TO_CHAR(TRUNC(SYSDATE, 'IW') + 2, 'YYYY-MM-DD') || ' 11:15:00', 'YYYY-MM-DD HH24:MI:SS'));
INSERT INTO ATTENDANCE (ATTENDANCE_ID, STUDENT_ID, SESSION_ID, STATUS, DATE_TIME) VALUES (324, 65, 24, 'P', TO_DATE(TO_CHAR(TRUNC(SYSDATE, 'IW') + 3, 'YYYY-MM-DD') || ' 12:30:00', 'YYYY-MM-DD HH24:MI:SS'));
INSERT INTO ATTENDANCE (ATTENDANCE_ID, STUDENT_ID, SESSION_ID, STATUS, DATE_TIME) VALUES (325, 65, 25, 'P', TO_DATE(TO_CHAR(TRUNC(SYSDATE, 'IW') + 4, 'YYYY-MM-DD') || ' 14:00:00', 'YYYY-MM-DD HH24:MI:SS'));
INSERT INTO ATTENDANCE (ATTENDANCE_ID, STUDENT_ID, SESSION_ID, STATUS, DATE_TIME) VALUES (326, 66, 26, 'E', TO_DATE(TO_CHAR(TRUNC(SYSDATE, 'IW') + 0, 'YYYY-MM-DD') || ' 08:45:00', 'YYYY-MM-DD HH24:MI:SS'));
INSERT INTO ATTENDANCE (ATTENDANCE_ID, STUDENT_ID, SESSION_ID, STATUS, DATE_TIME) VALUES (327, 66, 27, 'P', TO_DATE(TO_CHAR(TRUNC(SYSDATE, 'IW') + 1, 'YYYY-MM-DD') || ' 10:00:00', 'YYYY-MM-DD HH24:MI:SS'));
INSERT INTO ATTENDANCE (ATTENDANCE_ID, STUDENT_ID, SESSION_ID, STATUS, DATE_TIME) VALUES (328, 66, 28, 'P', TO_DATE(TO_CHAR(TRUNC(SYSDATE, 'IW') + 2, 'YYYY-MM-DD') || ' 11:15:00', 'YYYY-MM-DD HH24:MI:SS'));
INSERT INTO ATTENDANCE (ATTENDANCE_ID, STUDENT_ID, SESSION_ID, STATUS, DATE_TIME) VALUES (329, 66, 29, 'P', TO_DATE(TO_CHAR(TRUNC(SYSDATE, 'IW') + 3, 'YYYY-MM-DD') || ' 12:30:00', 'YYYY-MM-DD HH24:MI:SS'));
INSERT INTO ATTENDANCE (ATTENDANCE_ID, STUDENT_ID, SESSION_ID, STATUS, DATE_TIME) VALUES (330, 66, 30, 'P', TO_DATE(TO_CHAR(TRUNC(SYSDATE, 'IW') + 4, 'YYYY-MM-DD') || ' 14:00:00', 'YYYY-MM-DD HH24:MI:SS'));
INSERT INTO ATTENDANCE (ATTENDANCE_ID, STUDENT_ID, SESSION_ID, STATUS, DATE_TIME) VALUES (331, 67, 31, 'P', TO_DATE(TO_CHAR(TRUNC(SYSDATE, 'IW') + 0, 'YYYY-MM-DD') || ' 08:45:00', 'YYYY-MM-DD HH24:MI:SS'));
INSERT INTO ATTENDANCE (ATTENDANCE_ID, STUDENT_ID, SESSION_ID, STATUS, DATE_TIME) VALUES (332, 67, 32, 'P', TO_DATE(TO_CHAR(TRUNC(SYSDATE, 'IW') + 1, 'YYYY-MM-DD') || ' 10:00:00', 'YYYY-MM-DD HH24:MI:SS'));
INSERT INTO ATTENDANCE (ATTENDANCE_ID, STUDENT_ID, SESSION_ID, STATUS, DATE_TIME) VALUES (333, 67, 33, 'A', TO_DATE(TO_CHAR(TRUNC(SYSDATE, 'IW') + 2, 'YYYY-MM-DD') || ' 11:15:00', 'YYYY-MM-DD HH24:MI:SS'));
INSERT INTO ATTENDANCE (ATTENDANCE_ID, STUDENT_ID, SESSION_ID, STATUS, DATE_TIME) VALUES (334, 67, 34, 'E', TO_DATE(TO_CHAR(TRUNC(SYSDATE, 'IW') + 3, 'YYYY-MM-DD') || ' 12:30:00', 'YYYY-MM-DD HH24:MI:SS'));
INSERT INTO ATTENDANCE (ATTENDANCE_ID, STUDENT_ID, SESSION_ID, STATUS, DATE_TIME) VALUES (335, 67, 35, 'A', TO_DATE(TO_CHAR(TRUNC(SYSDATE, 'IW') + 4, 'YYYY-MM-DD') || ' 14:00:00', 'YYYY-MM-DD HH24:MI:SS'));
INSERT INTO ATTENDANCE (ATTENDANCE_ID, STUDENT_ID, SESSION_ID, STATUS, DATE_TIME) VALUES (336, 68, 36, 'P', TO_DATE(TO_CHAR(TRUNC(SYSDATE, 'IW') + 0, 'YYYY-MM-DD') || ' 08:45:00', 'YYYY-MM-DD HH24:MI:SS'));
INSERT INTO ATTENDANCE (ATTENDANCE_ID, STUDENT_ID, SESSION_ID, STATUS, DATE_TIME) VALUES (337, 68, 37, 'P', TO_DATE(TO_CHAR(TRUNC(SYSDATE, 'IW') + 1, 'YYYY-MM-DD') || ' 10:00:00', 'YYYY-MM-DD HH24:MI:SS'));
INSERT INTO ATTENDANCE (ATTENDANCE_ID, STUDENT_ID, SESSION_ID, STATUS, DATE_TIME) VALUES (338, 68, 38, 'P', TO_DATE(TO_CHAR(TRUNC(SYSDATE, 'IW') + 2, 'YYYY-MM-DD') || ' 11:15:00', 'YYYY-MM-DD HH24:MI:SS'));
INSERT INTO ATTENDANCE (ATTENDANCE_ID, STUDENT_ID, SESSION_ID, STATUS, DATE_TIME) VALUES (339, 68, 39, 'P', TO_DATE(TO_CHAR(TRUNC(SYSDATE, 'IW') + 3, 'YYYY-MM-DD') || ' 12:30:00', 'YYYY-MM-DD HH24:MI:SS'));
INSERT INTO ATTENDANCE (ATTENDANCE_ID, STUDENT_ID, SESSION_ID, STATUS, DATE_TIME) VALUES (340, 68, 40, 'P', TO_DATE(TO_CHAR(TRUNC(SYSDATE, 'IW') + 4, 'YYYY-MM-DD') || ' 14:00:00', 'YYYY-MM-DD HH24:MI:SS'));
INSERT INTO ATTENDANCE (ATTENDANCE_ID, STUDENT_ID, SESSION_ID, STATUS, DATE_TIME) VALUES (341, 69, 41, 'P', TO_DATE(TO_CHAR(TRUNC(SYSDATE, 'IW') + 0, 'YYYY-MM-DD') || ' 08:45:00', 'YYYY-MM-DD HH24:MI:SS'));
INSERT INTO ATTENDANCE (ATTENDANCE_ID, STUDENT_ID, SESSION_ID, STATUS, DATE_TIME) VALUES (342, 69, 42, 'P', TO_DATE(TO_CHAR(TRUNC(SYSDATE, 'IW') + 1, 'YYYY-MM-DD') || ' 10:00:00', 'YYYY-MM-DD HH24:MI:SS'));
INSERT INTO ATTENDANCE (ATTENDANCE_ID, STUDENT_ID, SESSION_ID, STATUS, DATE_TIME) VALUES (343, 69, 43, 'P', TO_DATE(TO_CHAR(TRUNC(SYSDATE, 'IW') + 2, 'YYYY-MM-DD') || ' 11:15:00', 'YYYY-MM-DD HH24:MI:SS'));
INSERT INTO ATTENDANCE (ATTENDANCE_ID, STUDENT_ID, SESSION_ID, STATUS, DATE_TIME) VALUES (344, 69, 44, 'P', TO_DATE(TO_CHAR(TRUNC(SYSDATE, 'IW') + 3, 'YYYY-MM-DD') || ' 12:30:00', 'YYYY-MM-DD HH24:MI:SS'));
INSERT INTO ATTENDANCE (ATTENDANCE_ID, STUDENT_ID, SESSION_ID, STATUS, DATE_TIME) VALUES (345, 69, 45, 'P', TO_DATE(TO_CHAR(TRUNC(SYSDATE, 'IW') + 4, 'YYYY-MM-DD') || ' 14:00:00', 'YYYY-MM-DD HH24:MI:SS'));
INSERT INTO ATTENDANCE (ATTENDANCE_ID, STUDENT_ID, SESSION_ID, STATUS, DATE_TIME) VALUES (346, 70, 46, 'P', TO_DATE(TO_CHAR(TRUNC(SYSDATE, 'IW') + 0, 'YYYY-MM-DD') || ' 08:45:00', 'YYYY-MM-DD HH24:MI:SS'));
INSERT INTO ATTENDANCE (ATTENDANCE_ID, STUDENT_ID, SESSION_ID, STATUS, DATE_TIME) VALUES (347, 70, 47, 'P', TO_DATE(TO_CHAR(TRUNC(SYSDATE, 'IW') + 1, 'YYYY-MM-DD') || ' 10:00:00', 'YYYY-MM-DD HH24:MI:SS'));
INSERT INTO ATTENDANCE (ATTENDANCE_ID, STUDENT_ID, SESSION_ID, STATUS, DATE_TIME) VALUES (348, 70, 48, 'P', TO_DATE(TO_CHAR(TRUNC(SYSDATE, 'IW') + 2, 'YYYY-MM-DD') || ' 11:15:00', 'YYYY-MM-DD HH24:MI:SS'));
INSERT INTO ATTENDANCE (ATTENDANCE_ID, STUDENT_ID, SESSION_ID, STATUS, DATE_TIME) VALUES (349, 70, 49, 'P', TO_DATE(TO_CHAR(TRUNC(SYSDATE, 'IW') + 3, 'YYYY-MM-DD') || ' 12:30:00', 'YYYY-MM-DD HH24:MI:SS'));
INSERT INTO ATTENDANCE (ATTENDANCE_ID, STUDENT_ID, SESSION_ID, STATUS, DATE_TIME) VALUES (350, 70, 50, 'A', TO_DATE(TO_CHAR(TRUNC(SYSDATE, 'IW') + 4, 'YYYY-MM-DD') || ' 14:00:00', 'YYYY-MM-DD HH24:MI:SS'));
INSERT INTO ATTENDANCE (ATTENDANCE_ID, STUDENT_ID, SESSION_ID, STATUS, DATE_TIME) VALUES (351, 71, 51, 'P', TO_DATE(TO_CHAR(TRUNC(SYSDATE, 'IW') + 0, 'YYYY-MM-DD') || ' 08:45:00', 'YYYY-MM-DD HH24:MI:SS'));
INSERT INTO ATTENDANCE (ATTENDANCE_ID, STUDENT_ID, SESSION_ID, STATUS, DATE_TIME) VALUES (352, 71, 52, 'P', TO_DATE(TO_CHAR(TRUNC(SYSDATE, 'IW') + 1, 'YYYY-MM-DD') || ' 10:00:00', 'YYYY-MM-DD HH24:MI:SS'));
INSERT INTO ATTENDANCE (ATTENDANCE_ID, STUDENT_ID, SESSION_ID, STATUS, DATE_TIME) VALUES (353, 71, 53, 'P', TO_DATE(TO_CHAR(TRUNC(SYSDATE, 'IW') + 2, 'YYYY-MM-DD') || ' 11:15:00', 'YYYY-MM-DD HH24:MI:SS'));
INSERT INTO ATTENDANCE (ATTENDANCE_ID, STUDENT_ID, SESSION_ID, STATUS, DATE_TIME) VALUES (354, 71, 54, 'A', TO_DATE(TO_CHAR(TRUNC(SYSDATE, 'IW') + 3, 'YYYY-MM-DD') || ' 12:30:00', 'YYYY-MM-DD HH24:MI:SS'));
INSERT INTO ATTENDANCE (ATTENDANCE_ID, STUDENT_ID, SESSION_ID, STATUS, DATE_TIME) VALUES (355, 71, 55, 'A', TO_DATE(TO_CHAR(TRUNC(SYSDATE, 'IW') + 4, 'YYYY-MM-DD') || ' 14:00:00', 'YYYY-MM-DD HH24:MI:SS'));
INSERT INTO ATTENDANCE (ATTENDANCE_ID, STUDENT_ID, SESSION_ID, STATUS, DATE_TIME) VALUES (356, 72, 56, 'P', TO_DATE(TO_CHAR(TRUNC(SYSDATE, 'IW') + 0, 'YYYY-MM-DD') || ' 08:45:00', 'YYYY-MM-DD HH24:MI:SS'));
INSERT INTO ATTENDANCE (ATTENDANCE_ID, STUDENT_ID, SESSION_ID, STATUS, DATE_TIME) VALUES (357, 72, 57, 'P', TO_DATE(TO_CHAR(TRUNC(SYSDATE, 'IW') + 1, 'YYYY-MM-DD') || ' 10:00:00', 'YYYY-MM-DD HH24:MI:SS'));
INSERT INTO ATTENDANCE (ATTENDANCE_ID, STUDENT_ID, SESSION_ID, STATUS, DATE_TIME) VALUES (358, 72, 58, 'E', TO_DATE(TO_CHAR(TRUNC(SYSDATE, 'IW') + 2, 'YYYY-MM-DD') || ' 11:15:00', 'YYYY-MM-DD HH24:MI:SS'));
INSERT INTO ATTENDANCE (ATTENDANCE_ID, STUDENT_ID, SESSION_ID, STATUS, DATE_TIME) VALUES (359, 72, 59, 'P', TO_DATE(TO_CHAR(TRUNC(SYSDATE, 'IW') + 3, 'YYYY-MM-DD') || ' 12:30:00', 'YYYY-MM-DD HH24:MI:SS'));
INSERT INTO ATTENDANCE (ATTENDANCE_ID, STUDENT_ID, SESSION_ID, STATUS, DATE_TIME) VALUES (360, 72, 60, 'P', TO_DATE(TO_CHAR(TRUNC(SYSDATE, 'IW') + 4, 'YYYY-MM-DD') || ' 14:00:00', 'YYYY-MM-DD HH24:MI:SS'));
INSERT INTO ATTENDANCE (ATTENDANCE_ID, STUDENT_ID, SESSION_ID, STATUS, DATE_TIME) VALUES (361, 73, 1, 'E', TO_DATE(TO_CHAR(TRUNC(SYSDATE, 'IW') + 0, 'YYYY-MM-DD') || ' 08:45:00', 'YYYY-MM-DD HH24:MI:SS'));
INSERT INTO ATTENDANCE (ATTENDANCE_ID, STUDENT_ID, SESSION_ID, STATUS, DATE_TIME) VALUES (362, 73, 2, 'P', TO_DATE(TO_CHAR(TRUNC(SYSDATE, 'IW') + 1, 'YYYY-MM-DD') || ' 10:00:00', 'YYYY-MM-DD HH24:MI:SS'));
INSERT INTO ATTENDANCE (ATTENDANCE_ID, STUDENT_ID, SESSION_ID, STATUS, DATE_TIME) VALUES (363, 73, 3, 'P', TO_DATE(TO_CHAR(TRUNC(SYSDATE, 'IW') + 2, 'YYYY-MM-DD') || ' 11:15:00', 'YYYY-MM-DD HH24:MI:SS'));
INSERT INTO ATTENDANCE (ATTENDANCE_ID, STUDENT_ID, SESSION_ID, STATUS, DATE_TIME) VALUES (364, 73, 4, 'P', TO_DATE(TO_CHAR(TRUNC(SYSDATE, 'IW') + 3, 'YYYY-MM-DD') || ' 12:30:00', 'YYYY-MM-DD HH24:MI:SS'));
INSERT INTO ATTENDANCE (ATTENDANCE_ID, STUDENT_ID, SESSION_ID, STATUS, DATE_TIME) VALUES (365, 73, 5, 'P', TO_DATE(TO_CHAR(TRUNC(SYSDATE, 'IW') + 4, 'YYYY-MM-DD') || ' 14:00:00', 'YYYY-MM-DD HH24:MI:SS'));
INSERT INTO ATTENDANCE (ATTENDANCE_ID, STUDENT_ID, SESSION_ID, STATUS, DATE_TIME) VALUES (366, 74, 6, 'P', TO_DATE(TO_CHAR(TRUNC(SYSDATE, 'IW') + 0, 'YYYY-MM-DD') || ' 08:45:00', 'YYYY-MM-DD HH24:MI:SS'));
INSERT INTO ATTENDANCE (ATTENDANCE_ID, STUDENT_ID, SESSION_ID, STATUS, DATE_TIME) VALUES (367, 74, 7, 'P', TO_DATE(TO_CHAR(TRUNC(SYSDATE, 'IW') + 1, 'YYYY-MM-DD') || ' 10:00:00', 'YYYY-MM-DD HH24:MI:SS'));
INSERT INTO ATTENDANCE (ATTENDANCE_ID, STUDENT_ID, SESSION_ID, STATUS, DATE_TIME) VALUES (368, 74, 8, 'P', TO_DATE(TO_CHAR(TRUNC(SYSDATE, 'IW') + 2, 'YYYY-MM-DD') || ' 11:15:00', 'YYYY-MM-DD HH24:MI:SS'));
INSERT INTO ATTENDANCE (ATTENDANCE_ID, STUDENT_ID, SESSION_ID, STATUS, DATE_TIME) VALUES (369, 74, 9, 'E', TO_DATE(TO_CHAR(TRUNC(SYSDATE, 'IW') + 3, 'YYYY-MM-DD') || ' 12:30:00', 'YYYY-MM-DD HH24:MI:SS'));
INSERT INTO ATTENDANCE (ATTENDANCE_ID, STUDENT_ID, SESSION_ID, STATUS, DATE_TIME) VALUES (370, 74, 10, 'E', TO_DATE(TO_CHAR(TRUNC(SYSDATE, 'IW') + 4, 'YYYY-MM-DD') || ' 14:00:00', 'YYYY-MM-DD HH24:MI:SS'));
INSERT INTO ATTENDANCE (ATTENDANCE_ID, STUDENT_ID, SESSION_ID, STATUS, DATE_TIME) VALUES (371, 75, 11, 'P', TO_DATE(TO_CHAR(TRUNC(SYSDATE, 'IW') + 0, 'YYYY-MM-DD') || ' 08:45:00', 'YYYY-MM-DD HH24:MI:SS'));
INSERT INTO ATTENDANCE (ATTENDANCE_ID, STUDENT_ID, SESSION_ID, STATUS, DATE_TIME) VALUES (372, 75, 12, 'P', TO_DATE(TO_CHAR(TRUNC(SYSDATE, 'IW') + 1, 'YYYY-MM-DD') || ' 10:00:00', 'YYYY-MM-DD HH24:MI:SS'));
INSERT INTO ATTENDANCE (ATTENDANCE_ID, STUDENT_ID, SESSION_ID, STATUS, DATE_TIME) VALUES (373, 75, 13, 'P', TO_DATE(TO_CHAR(TRUNC(SYSDATE, 'IW') + 2, 'YYYY-MM-DD') || ' 11:15:00', 'YYYY-MM-DD HH24:MI:SS'));
INSERT INTO ATTENDANCE (ATTENDANCE_ID, STUDENT_ID, SESSION_ID, STATUS, DATE_TIME) VALUES (374, 75, 14, 'P', TO_DATE(TO_CHAR(TRUNC(SYSDATE, 'IW') + 3, 'YYYY-MM-DD') || ' 12:30:00', 'YYYY-MM-DD HH24:MI:SS'));
INSERT INTO ATTENDANCE (ATTENDANCE_ID, STUDENT_ID, SESSION_ID, STATUS, DATE_TIME) VALUES (375, 75, 15, 'P', TO_DATE(TO_CHAR(TRUNC(SYSDATE, 'IW') + 4, 'YYYY-MM-DD') || ' 14:00:00', 'YYYY-MM-DD HH24:MI:SS'));
INSERT INTO ATTENDANCE (ATTENDANCE_ID, STUDENT_ID, SESSION_ID, STATUS, DATE_TIME) VALUES (376, 76, 16, 'P', TO_DATE(TO_CHAR(TRUNC(SYSDATE, 'IW') + 0, 'YYYY-MM-DD') || ' 08:45:00', 'YYYY-MM-DD HH24:MI:SS'));
INSERT INTO ATTENDANCE (ATTENDANCE_ID, STUDENT_ID, SESSION_ID, STATUS, DATE_TIME) VALUES (377, 76, 17, 'P', TO_DATE(TO_CHAR(TRUNC(SYSDATE, 'IW') + 1, 'YYYY-MM-DD') || ' 10:00:00', 'YYYY-MM-DD HH24:MI:SS'));
INSERT INTO ATTENDANCE (ATTENDANCE_ID, STUDENT_ID, SESSION_ID, STATUS, DATE_TIME) VALUES (378, 76, 18, 'P', TO_DATE(TO_CHAR(TRUNC(SYSDATE, 'IW') + 2, 'YYYY-MM-DD') || ' 11:15:00', 'YYYY-MM-DD HH24:MI:SS'));
INSERT INTO ATTENDANCE (ATTENDANCE_ID, STUDENT_ID, SESSION_ID, STATUS, DATE_TIME) VALUES (379, 76, 19, 'P', TO_DATE(TO_CHAR(TRUNC(SYSDATE, 'IW') + 3, 'YYYY-MM-DD') || ' 12:30:00', 'YYYY-MM-DD HH24:MI:SS'));
INSERT INTO ATTENDANCE (ATTENDANCE_ID, STUDENT_ID, SESSION_ID, STATUS, DATE_TIME) VALUES (380, 76, 20, 'A', TO_DATE(TO_CHAR(TRUNC(SYSDATE, 'IW') + 4, 'YYYY-MM-DD') || ' 14:00:00', 'YYYY-MM-DD HH24:MI:SS'));
INSERT INTO ATTENDANCE (ATTENDANCE_ID, STUDENT_ID, SESSION_ID, STATUS, DATE_TIME) VALUES (381, 77, 21, 'P', TO_DATE(TO_CHAR(TRUNC(SYSDATE, 'IW') + 0, 'YYYY-MM-DD') || ' 08:45:00', 'YYYY-MM-DD HH24:MI:SS'));
INSERT INTO ATTENDANCE (ATTENDANCE_ID, STUDENT_ID, SESSION_ID, STATUS, DATE_TIME) VALUES (382, 77, 22, 'P', TO_DATE(TO_CHAR(TRUNC(SYSDATE, 'IW') + 1, 'YYYY-MM-DD') || ' 10:00:00', 'YYYY-MM-DD HH24:MI:SS'));
INSERT INTO ATTENDANCE (ATTENDANCE_ID, STUDENT_ID, SESSION_ID, STATUS, DATE_TIME) VALUES (383, 77, 23, 'P', TO_DATE(TO_CHAR(TRUNC(SYSDATE, 'IW') + 2, 'YYYY-MM-DD') || ' 11:15:00', 'YYYY-MM-DD HH24:MI:SS'));
INSERT INTO ATTENDANCE (ATTENDANCE_ID, STUDENT_ID, SESSION_ID, STATUS, DATE_TIME) VALUES (384, 77, 24, 'P', TO_DATE(TO_CHAR(TRUNC(SYSDATE, 'IW') + 3, 'YYYY-MM-DD') || ' 12:30:00', 'YYYY-MM-DD HH24:MI:SS'));
INSERT INTO ATTENDANCE (ATTENDANCE_ID, STUDENT_ID, SESSION_ID, STATUS, DATE_TIME) VALUES (385, 77, 25, 'E', TO_DATE(TO_CHAR(TRUNC(SYSDATE, 'IW') + 4, 'YYYY-MM-DD') || ' 14:00:00', 'YYYY-MM-DD HH24:MI:SS'));
INSERT INTO ATTENDANCE (ATTENDANCE_ID, STUDENT_ID, SESSION_ID, STATUS, DATE_TIME) VALUES (386, 78, 26, 'P', TO_DATE(TO_CHAR(TRUNC(SYSDATE, 'IW') + 0, 'YYYY-MM-DD') || ' 08:45:00', 'YYYY-MM-DD HH24:MI:SS'));
INSERT INTO ATTENDANCE (ATTENDANCE_ID, STUDENT_ID, SESSION_ID, STATUS, DATE_TIME) VALUES (387, 78, 27, 'A', TO_DATE(TO_CHAR(TRUNC(SYSDATE, 'IW') + 1, 'YYYY-MM-DD') || ' 10:00:00', 'YYYY-MM-DD HH24:MI:SS'));
INSERT INTO ATTENDANCE (ATTENDANCE_ID, STUDENT_ID, SESSION_ID, STATUS, DATE_TIME) VALUES (388, 78, 28, 'P', TO_DATE(TO_CHAR(TRUNC(SYSDATE, 'IW') + 2, 'YYYY-MM-DD') || ' 11:15:00', 'YYYY-MM-DD HH24:MI:SS'));
INSERT INTO ATTENDANCE (ATTENDANCE_ID, STUDENT_ID, SESSION_ID, STATUS, DATE_TIME) VALUES (389, 78, 29, 'P', TO_DATE(TO_CHAR(TRUNC(SYSDATE, 'IW') + 3, 'YYYY-MM-DD') || ' 12:30:00', 'YYYY-MM-DD HH24:MI:SS'));
INSERT INTO ATTENDANCE (ATTENDANCE_ID, STUDENT_ID, SESSION_ID, STATUS, DATE_TIME) VALUES (390, 78, 30, 'P', TO_DATE(TO_CHAR(TRUNC(SYSDATE, 'IW') + 4, 'YYYY-MM-DD') || ' 14:00:00', 'YYYY-MM-DD HH24:MI:SS'));
INSERT INTO ATTENDANCE (ATTENDANCE_ID, STUDENT_ID, SESSION_ID, STATUS, DATE_TIME) VALUES (391, 79, 31, 'P', TO_DATE(TO_CHAR(TRUNC(SYSDATE, 'IW') + 0, 'YYYY-MM-DD') || ' 08:45:00', 'YYYY-MM-DD HH24:MI:SS'));
INSERT INTO ATTENDANCE (ATTENDANCE_ID, STUDENT_ID, SESSION_ID, STATUS, DATE_TIME) VALUES (392, 79, 32, 'P', TO_DATE(TO_CHAR(TRUNC(SYSDATE, 'IW') + 1, 'YYYY-MM-DD') || ' 10:00:00', 'YYYY-MM-DD HH24:MI:SS'));
INSERT INTO ATTENDANCE (ATTENDANCE_ID, STUDENT_ID, SESSION_ID, STATUS, DATE_TIME) VALUES (393, 79, 33, 'P', TO_DATE(TO_CHAR(TRUNC(SYSDATE, 'IW') + 2, 'YYYY-MM-DD') || ' 11:15:00', 'YYYY-MM-DD HH24:MI:SS'));
INSERT INTO ATTENDANCE (ATTENDANCE_ID, STUDENT_ID, SESSION_ID, STATUS, DATE_TIME) VALUES (394, 79, 34, 'P', TO_DATE(TO_CHAR(TRUNC(SYSDATE, 'IW') + 3, 'YYYY-MM-DD') || ' 12:30:00', 'YYYY-MM-DD HH24:MI:SS'));
INSERT INTO ATTENDANCE (ATTENDANCE_ID, STUDENT_ID, SESSION_ID, STATUS, DATE_TIME) VALUES (395, 79, 35, 'P', TO_DATE(TO_CHAR(TRUNC(SYSDATE, 'IW') + 4, 'YYYY-MM-DD') || ' 14:00:00', 'YYYY-MM-DD HH24:MI:SS'));
INSERT INTO ATTENDANCE (ATTENDANCE_ID, STUDENT_ID, SESSION_ID, STATUS, DATE_TIME) VALUES (396, 80, 36, 'P', TO_DATE(TO_CHAR(TRUNC(SYSDATE, 'IW') + 0, 'YYYY-MM-DD') || ' 08:45:00', 'YYYY-MM-DD HH24:MI:SS'));
INSERT INTO ATTENDANCE (ATTENDANCE_ID, STUDENT_ID, SESSION_ID, STATUS, DATE_TIME) VALUES (397, 80, 37, 'P', TO_DATE(TO_CHAR(TRUNC(SYSDATE, 'IW') + 1, 'YYYY-MM-DD') || ' 10:00:00', 'YYYY-MM-DD HH24:MI:SS'));
INSERT INTO ATTENDANCE (ATTENDANCE_ID, STUDENT_ID, SESSION_ID, STATUS, DATE_TIME) VALUES (398, 80, 38, 'P', TO_DATE(TO_CHAR(TRUNC(SYSDATE, 'IW') + 2, 'YYYY-MM-DD') || ' 11:15:00', 'YYYY-MM-DD HH24:MI:SS'));
INSERT INTO ATTENDANCE (ATTENDANCE_ID, STUDENT_ID, SESSION_ID, STATUS, DATE_TIME) VALUES (399, 80, 39, 'P', TO_DATE(TO_CHAR(TRUNC(SYSDATE, 'IW') + 3, 'YYYY-MM-DD') || ' 12:30:00', 'YYYY-MM-DD HH24:MI:SS'));
INSERT INTO ATTENDANCE (ATTENDANCE_ID, STUDENT_ID, SESSION_ID, STATUS, DATE_TIME) VALUES (400, 80, 40, 'P', TO_DATE(TO_CHAR(TRUNC(SYSDATE, 'IW') + 4, 'YYYY-MM-DD') || ' 14:00:00', 'YYYY-MM-DD HH24:MI:SS'));
INSERT INTO ATTENDANCE (ATTENDANCE_ID, STUDENT_ID, SESSION_ID, STATUS, DATE_TIME) VALUES (401, 81, 41, 'A', TO_DATE(TO_CHAR(TRUNC(SYSDATE, 'IW') + 0, 'YYYY-MM-DD') || ' 08:45:00', 'YYYY-MM-DD HH24:MI:SS'));
INSERT INTO ATTENDANCE (ATTENDANCE_ID, STUDENT_ID, SESSION_ID, STATUS, DATE_TIME) VALUES (402, 81, 42, 'P', TO_DATE(TO_CHAR(TRUNC(SYSDATE, 'IW') + 1, 'YYYY-MM-DD') || ' 10:00:00', 'YYYY-MM-DD HH24:MI:SS'));
INSERT INTO ATTENDANCE (ATTENDANCE_ID, STUDENT_ID, SESSION_ID, STATUS, DATE_TIME) VALUES (403, 81, 43, 'P', TO_DATE(TO_CHAR(TRUNC(SYSDATE, 'IW') + 2, 'YYYY-MM-DD') || ' 11:15:00', 'YYYY-MM-DD HH24:MI:SS'));
INSERT INTO ATTENDANCE (ATTENDANCE_ID, STUDENT_ID, SESSION_ID, STATUS, DATE_TIME) VALUES (404, 81, 44, 'P', TO_DATE(TO_CHAR(TRUNC(SYSDATE, 'IW') + 3, 'YYYY-MM-DD') || ' 12:30:00', 'YYYY-MM-DD HH24:MI:SS'));
INSERT INTO ATTENDANCE (ATTENDANCE_ID, STUDENT_ID, SESSION_ID, STATUS, DATE_TIME) VALUES (405, 81, 45, 'P', TO_DATE(TO_CHAR(TRUNC(SYSDATE, 'IW') + 4, 'YYYY-MM-DD') || ' 14:00:00', 'YYYY-MM-DD HH24:MI:SS'));
INSERT INTO ATTENDANCE (ATTENDANCE_ID, STUDENT_ID, SESSION_ID, STATUS, DATE_TIME) VALUES (406, 82, 46, 'A', TO_DATE(TO_CHAR(TRUNC(SYSDATE, 'IW') + 0, 'YYYY-MM-DD') || ' 08:45:00', 'YYYY-MM-DD HH24:MI:SS'));
INSERT INTO ATTENDANCE (ATTENDANCE_ID, STUDENT_ID, SESSION_ID, STATUS, DATE_TIME) VALUES (407, 82, 47, 'P', TO_DATE(TO_CHAR(TRUNC(SYSDATE, 'IW') + 1, 'YYYY-MM-DD') || ' 10:00:00', 'YYYY-MM-DD HH24:MI:SS'));
INSERT INTO ATTENDANCE (ATTENDANCE_ID, STUDENT_ID, SESSION_ID, STATUS, DATE_TIME) VALUES (408, 82, 48, 'P', TO_DATE(TO_CHAR(TRUNC(SYSDATE, 'IW') + 2, 'YYYY-MM-DD') || ' 11:15:00', 'YYYY-MM-DD HH24:MI:SS'));
INSERT INTO ATTENDANCE (ATTENDANCE_ID, STUDENT_ID, SESSION_ID, STATUS, DATE_TIME) VALUES (409, 82, 49, 'P', TO_DATE(TO_CHAR(TRUNC(SYSDATE, 'IW') + 3, 'YYYY-MM-DD') || ' 12:30:00', 'YYYY-MM-DD HH24:MI:SS'));
INSERT INTO ATTENDANCE (ATTENDANCE_ID, STUDENT_ID, SESSION_ID, STATUS, DATE_TIME) VALUES (410, 82, 50, 'P', TO_DATE(TO_CHAR(TRUNC(SYSDATE, 'IW') + 4, 'YYYY-MM-DD') || ' 14:00:00', 'YYYY-MM-DD HH24:MI:SS'));
INSERT INTO ATTENDANCE (ATTENDANCE_ID, STUDENT_ID, SESSION_ID, STATUS, DATE_TIME) VALUES (411, 83, 51, 'P', TO_DATE(TO_CHAR(TRUNC(SYSDATE, 'IW') + 0, 'YYYY-MM-DD') || ' 08:45:00', 'YYYY-MM-DD HH24:MI:SS'));
INSERT INTO ATTENDANCE (ATTENDANCE_ID, STUDENT_ID, SESSION_ID, STATUS, DATE_TIME) VALUES (412, 83, 52, 'P', TO_DATE(TO_CHAR(TRUNC(SYSDATE, 'IW') + 1, 'YYYY-MM-DD') || ' 10:00:00', 'YYYY-MM-DD HH24:MI:SS'));
INSERT INTO ATTENDANCE (ATTENDANCE_ID, STUDENT_ID, SESSION_ID, STATUS, DATE_TIME) VALUES (413, 83, 53, 'A', TO_DATE(TO_CHAR(TRUNC(SYSDATE, 'IW') + 2, 'YYYY-MM-DD') || ' 11:15:00', 'YYYY-MM-DD HH24:MI:SS'));
INSERT INTO ATTENDANCE (ATTENDANCE_ID, STUDENT_ID, SESSION_ID, STATUS, DATE_TIME) VALUES (414, 83, 54, 'P', TO_DATE(TO_CHAR(TRUNC(SYSDATE, 'IW') + 3, 'YYYY-MM-DD') || ' 12:30:00', 'YYYY-MM-DD HH24:MI:SS'));
INSERT INTO ATTENDANCE (ATTENDANCE_ID, STUDENT_ID, SESSION_ID, STATUS, DATE_TIME) VALUES (415, 83, 55, 'P', TO_DATE(TO_CHAR(TRUNC(SYSDATE, 'IW') + 4, 'YYYY-MM-DD') || ' 14:00:00', 'YYYY-MM-DD HH24:MI:SS'));
INSERT INTO ATTENDANCE (ATTENDANCE_ID, STUDENT_ID, SESSION_ID, STATUS, DATE_TIME) VALUES (416, 84, 56, 'P', TO_DATE(TO_CHAR(TRUNC(SYSDATE, 'IW') + 0, 'YYYY-MM-DD') || ' 08:45:00', 'YYYY-MM-DD HH24:MI:SS'));
INSERT INTO ATTENDANCE (ATTENDANCE_ID, STUDENT_ID, SESSION_ID, STATUS, DATE_TIME) VALUES (417, 84, 57, 'P', TO_DATE(TO_CHAR(TRUNC(SYSDATE, 'IW') + 1, 'YYYY-MM-DD') || ' 10:00:00', 'YYYY-MM-DD HH24:MI:SS'));
INSERT INTO ATTENDANCE (ATTENDANCE_ID, STUDENT_ID, SESSION_ID, STATUS, DATE_TIME) VALUES (418, 84, 58, 'P', TO_DATE(TO_CHAR(TRUNC(SYSDATE, 'IW') + 2, 'YYYY-MM-DD') || ' 11:15:00', 'YYYY-MM-DD HH24:MI:SS'));
INSERT INTO ATTENDANCE (ATTENDANCE_ID, STUDENT_ID, SESSION_ID, STATUS, DATE_TIME) VALUES (419, 84, 59, 'A', TO_DATE(TO_CHAR(TRUNC(SYSDATE, 'IW') + 3, 'YYYY-MM-DD') || ' 12:30:00', 'YYYY-MM-DD HH24:MI:SS'));
INSERT INTO ATTENDANCE (ATTENDANCE_ID, STUDENT_ID, SESSION_ID, STATUS, DATE_TIME) VALUES (420, 84, 60, 'P', TO_DATE(TO_CHAR(TRUNC(SYSDATE, 'IW') + 4, 'YYYY-MM-DD') || ' 14:00:00', 'YYYY-MM-DD HH24:MI:SS'));
INSERT INTO ATTENDANCE (ATTENDANCE_ID, STUDENT_ID, SESSION_ID, STATUS, DATE_TIME) VALUES (421, 85, 1, 'P', TO_DATE(TO_CHAR(TRUNC(SYSDATE, 'IW') + 0, 'YYYY-MM-DD') || ' 08:45:00', 'YYYY-MM-DD HH24:MI:SS'));
INSERT INTO ATTENDANCE (ATTENDANCE_ID, STUDENT_ID, SESSION_ID, STATUS, DATE_TIME) VALUES (422, 85, 2, 'P', TO_DATE(TO_CHAR(TRUNC(SYSDATE, 'IW') + 1, 'YYYY-MM-DD') || ' 10:00:00', 'YYYY-MM-DD HH24:MI:SS'));
INSERT INTO ATTENDANCE (ATTENDANCE_ID, STUDENT_ID, SESSION_ID, STATUS, DATE_TIME) VALUES (423, 85, 3, 'P', TO_DATE(TO_CHAR(TRUNC(SYSDATE, 'IW') + 2, 'YYYY-MM-DD') || ' 11:15:00', 'YYYY-MM-DD HH24:MI:SS'));
INSERT INTO ATTENDANCE (ATTENDANCE_ID, STUDENT_ID, SESSION_ID, STATUS, DATE_TIME) VALUES (424, 85, 4, 'P', TO_DATE(TO_CHAR(TRUNC(SYSDATE, 'IW') + 3, 'YYYY-MM-DD') || ' 12:30:00', 'YYYY-MM-DD HH24:MI:SS'));
INSERT INTO ATTENDANCE (ATTENDANCE_ID, STUDENT_ID, SESSION_ID, STATUS, DATE_TIME) VALUES (425, 85, 5, 'P', TO_DATE(TO_CHAR(TRUNC(SYSDATE, 'IW') + 4, 'YYYY-MM-DD') || ' 14:00:00', 'YYYY-MM-DD HH24:MI:SS'));
INSERT INTO ATTENDANCE (ATTENDANCE_ID, STUDENT_ID, SESSION_ID, STATUS, DATE_TIME) VALUES (426, 86, 6, 'P', TO_DATE(TO_CHAR(TRUNC(SYSDATE, 'IW') + 0, 'YYYY-MM-DD') || ' 08:45:00', 'YYYY-MM-DD HH24:MI:SS'));
INSERT INTO ATTENDANCE (ATTENDANCE_ID, STUDENT_ID, SESSION_ID, STATUS, DATE_TIME) VALUES (427, 86, 7, 'P', TO_DATE(TO_CHAR(TRUNC(SYSDATE, 'IW') + 1, 'YYYY-MM-DD') || ' 10:00:00', 'YYYY-MM-DD HH24:MI:SS'));
INSERT INTO ATTENDANCE (ATTENDANCE_ID, STUDENT_ID, SESSION_ID, STATUS, DATE_TIME) VALUES (428, 86, 8, 'P', TO_DATE(TO_CHAR(TRUNC(SYSDATE, 'IW') + 2, 'YYYY-MM-DD') || ' 11:15:00', 'YYYY-MM-DD HH24:MI:SS'));
INSERT INTO ATTENDANCE (ATTENDANCE_ID, STUDENT_ID, SESSION_ID, STATUS, DATE_TIME) VALUES (429, 86, 9, 'P', TO_DATE(TO_CHAR(TRUNC(SYSDATE, 'IW') + 3, 'YYYY-MM-DD') || ' 12:30:00', 'YYYY-MM-DD HH24:MI:SS'));
INSERT INTO ATTENDANCE (ATTENDANCE_ID, STUDENT_ID, SESSION_ID, STATUS, DATE_TIME) VALUES (430, 86, 10, 'A', TO_DATE(TO_CHAR(TRUNC(SYSDATE, 'IW') + 4, 'YYYY-MM-DD') || ' 14:00:00', 'YYYY-MM-DD HH24:MI:SS'));
INSERT INTO ATTENDANCE (ATTENDANCE_ID, STUDENT_ID, SESSION_ID, STATUS, DATE_TIME) VALUES (431, 87, 11, 'P', TO_DATE(TO_CHAR(TRUNC(SYSDATE, 'IW') + 0, 'YYYY-MM-DD') || ' 08:45:00', 'YYYY-MM-DD HH24:MI:SS'));
INSERT INTO ATTENDANCE (ATTENDANCE_ID, STUDENT_ID, SESSION_ID, STATUS, DATE_TIME) VALUES (432, 87, 12, 'P', TO_DATE(TO_CHAR(TRUNC(SYSDATE, 'IW') + 1, 'YYYY-MM-DD') || ' 10:00:00', 'YYYY-MM-DD HH24:MI:SS'));
INSERT INTO ATTENDANCE (ATTENDANCE_ID, STUDENT_ID, SESSION_ID, STATUS, DATE_TIME) VALUES (433, 87, 13, 'A', TO_DATE(TO_CHAR(TRUNC(SYSDATE, 'IW') + 2, 'YYYY-MM-DD') || ' 11:15:00', 'YYYY-MM-DD HH24:MI:SS'));
INSERT INTO ATTENDANCE (ATTENDANCE_ID, STUDENT_ID, SESSION_ID, STATUS, DATE_TIME) VALUES (434, 87, 14, 'P', TO_DATE(TO_CHAR(TRUNC(SYSDATE, 'IW') + 3, 'YYYY-MM-DD') || ' 12:30:00', 'YYYY-MM-DD HH24:MI:SS'));
INSERT INTO ATTENDANCE (ATTENDANCE_ID, STUDENT_ID, SESSION_ID, STATUS, DATE_TIME) VALUES (435, 87, 15, 'E', TO_DATE(TO_CHAR(TRUNC(SYSDATE, 'IW') + 4, 'YYYY-MM-DD') || ' 14:00:00', 'YYYY-MM-DD HH24:MI:SS'));
INSERT INTO ATTENDANCE (ATTENDANCE_ID, STUDENT_ID, SESSION_ID, STATUS, DATE_TIME) VALUES (436, 88, 16, 'P', TO_DATE(TO_CHAR(TRUNC(SYSDATE, 'IW') + 0, 'YYYY-MM-DD') || ' 08:45:00', 'YYYY-MM-DD HH24:MI:SS'));
INSERT INTO ATTENDANCE (ATTENDANCE_ID, STUDENT_ID, SESSION_ID, STATUS, DATE_TIME) VALUES (437, 88, 17, 'P', TO_DATE(TO_CHAR(TRUNC(SYSDATE, 'IW') + 1, 'YYYY-MM-DD') || ' 10:00:00', 'YYYY-MM-DD HH24:MI:SS'));
INSERT INTO ATTENDANCE (ATTENDANCE_ID, STUDENT_ID, SESSION_ID, STATUS, DATE_TIME) VALUES (438, 88, 18, 'P', TO_DATE(TO_CHAR(TRUNC(SYSDATE, 'IW') + 2, 'YYYY-MM-DD') || ' 11:15:00', 'YYYY-MM-DD HH24:MI:SS'));
INSERT INTO ATTENDANCE (ATTENDANCE_ID, STUDENT_ID, SESSION_ID, STATUS, DATE_TIME) VALUES (439, 88, 19, 'P', TO_DATE(TO_CHAR(TRUNC(SYSDATE, 'IW') + 3, 'YYYY-MM-DD') || ' 12:30:00', 'YYYY-MM-DD HH24:MI:SS'));
INSERT INTO ATTENDANCE (ATTENDANCE_ID, STUDENT_ID, SESSION_ID, STATUS, DATE_TIME) VALUES (440, 88, 20, 'P', TO_DATE(TO_CHAR(TRUNC(SYSDATE, 'IW') + 4, 'YYYY-MM-DD') || ' 14:00:00', 'YYYY-MM-DD HH24:MI:SS'));
INSERT INTO ATTENDANCE (ATTENDANCE_ID, STUDENT_ID, SESSION_ID, STATUS, DATE_TIME) VALUES (441, 89, 21, 'P', TO_DATE(TO_CHAR(TRUNC(SYSDATE, 'IW') + 0, 'YYYY-MM-DD') || ' 08:45:00', 'YYYY-MM-DD HH24:MI:SS'));
INSERT INTO ATTENDANCE (ATTENDANCE_ID, STUDENT_ID, SESSION_ID, STATUS, DATE_TIME) VALUES (442, 89, 22, 'P', TO_DATE(TO_CHAR(TRUNC(SYSDATE, 'IW') + 1, 'YYYY-MM-DD') || ' 10:00:00', 'YYYY-MM-DD HH24:MI:SS'));
INSERT INTO ATTENDANCE (ATTENDANCE_ID, STUDENT_ID, SESSION_ID, STATUS, DATE_TIME) VALUES (443, 89, 23, 'A', TO_DATE(TO_CHAR(TRUNC(SYSDATE, 'IW') + 2, 'YYYY-MM-DD') || ' 11:15:00', 'YYYY-MM-DD HH24:MI:SS'));
INSERT INTO ATTENDANCE (ATTENDANCE_ID, STUDENT_ID, SESSION_ID, STATUS, DATE_TIME) VALUES (444, 89, 24, 'P', TO_DATE(TO_CHAR(TRUNC(SYSDATE, 'IW') + 3, 'YYYY-MM-DD') || ' 12:30:00', 'YYYY-MM-DD HH24:MI:SS'));
INSERT INTO ATTENDANCE (ATTENDANCE_ID, STUDENT_ID, SESSION_ID, STATUS, DATE_TIME) VALUES (445, 89, 25, 'P', TO_DATE(TO_CHAR(TRUNC(SYSDATE, 'IW') + 4, 'YYYY-MM-DD') || ' 14:00:00', 'YYYY-MM-DD HH24:MI:SS'));
INSERT INTO ATTENDANCE (ATTENDANCE_ID, STUDENT_ID, SESSION_ID, STATUS, DATE_TIME) VALUES (446, 90, 26, 'P', TO_DATE(TO_CHAR(TRUNC(SYSDATE, 'IW') + 0, 'YYYY-MM-DD') || ' 08:45:00', 'YYYY-MM-DD HH24:MI:SS'));
INSERT INTO ATTENDANCE (ATTENDANCE_ID, STUDENT_ID, SESSION_ID, STATUS, DATE_TIME) VALUES (447, 90, 27, 'P', TO_DATE(TO_CHAR(TRUNC(SYSDATE, 'IW') + 1, 'YYYY-MM-DD') || ' 10:00:00', 'YYYY-MM-DD HH24:MI:SS'));
INSERT INTO ATTENDANCE (ATTENDANCE_ID, STUDENT_ID, SESSION_ID, STATUS, DATE_TIME) VALUES (448, 90, 28, 'P', TO_DATE(TO_CHAR(TRUNC(SYSDATE, 'IW') + 2, 'YYYY-MM-DD') || ' 11:15:00', 'YYYY-MM-DD HH24:MI:SS'));
INSERT INTO ATTENDANCE (ATTENDANCE_ID, STUDENT_ID, SESSION_ID, STATUS, DATE_TIME) VALUES (449, 90, 29, 'P', TO_DATE(TO_CHAR(TRUNC(SYSDATE, 'IW') + 3, 'YYYY-MM-DD') || ' 12:30:00', 'YYYY-MM-DD HH24:MI:SS'));
INSERT INTO ATTENDANCE (ATTENDANCE_ID, STUDENT_ID, SESSION_ID, STATUS, DATE_TIME) VALUES (450, 90, 30, 'A', TO_DATE(TO_CHAR(TRUNC(SYSDATE, 'IW') + 4, 'YYYY-MM-DD') || ' 14:00:00', 'YYYY-MM-DD HH24:MI:SS'));
INSERT INTO ATTENDANCE (ATTENDANCE_ID, STUDENT_ID, SESSION_ID, STATUS, DATE_TIME) VALUES (451, 91, 31, 'P', TO_DATE(TO_CHAR(TRUNC(SYSDATE, 'IW') + 0, 'YYYY-MM-DD') || ' 08:45:00', 'YYYY-MM-DD HH24:MI:SS'));
INSERT INTO ATTENDANCE (ATTENDANCE_ID, STUDENT_ID, SESSION_ID, STATUS, DATE_TIME) VALUES (452, 91, 32, 'P', TO_DATE(TO_CHAR(TRUNC(SYSDATE, 'IW') + 1, 'YYYY-MM-DD') || ' 10:00:00', 'YYYY-MM-DD HH24:MI:SS'));
INSERT INTO ATTENDANCE (ATTENDANCE_ID, STUDENT_ID, SESSION_ID, STATUS, DATE_TIME) VALUES (453, 91, 33, 'P', TO_DATE(TO_CHAR(TRUNC(SYSDATE, 'IW') + 2, 'YYYY-MM-DD') || ' 11:15:00', 'YYYY-MM-DD HH24:MI:SS'));
INSERT INTO ATTENDANCE (ATTENDANCE_ID, STUDENT_ID, SESSION_ID, STATUS, DATE_TIME) VALUES (454, 91, 34, 'P', TO_DATE(TO_CHAR(TRUNC(SYSDATE, 'IW') + 3, 'YYYY-MM-DD') || ' 12:30:00', 'YYYY-MM-DD HH24:MI:SS'));
INSERT INTO ATTENDANCE (ATTENDANCE_ID, STUDENT_ID, SESSION_ID, STATUS, DATE_TIME) VALUES (455, 91, 35, 'P', TO_DATE(TO_CHAR(TRUNC(SYSDATE, 'IW') + 4, 'YYYY-MM-DD') || ' 14:00:00', 'YYYY-MM-DD HH24:MI:SS'));
INSERT INTO ATTENDANCE (ATTENDANCE_ID, STUDENT_ID, SESSION_ID, STATUS, DATE_TIME) VALUES (456, 92, 36, 'P', TO_DATE(TO_CHAR(TRUNC(SYSDATE, 'IW') + 0, 'YYYY-MM-DD') || ' 08:45:00', 'YYYY-MM-DD HH24:MI:SS'));
INSERT INTO ATTENDANCE (ATTENDANCE_ID, STUDENT_ID, SESSION_ID, STATUS, DATE_TIME) VALUES (457, 92, 37, 'E', TO_DATE(TO_CHAR(TRUNC(SYSDATE, 'IW') + 1, 'YYYY-MM-DD') || ' 10:00:00', 'YYYY-MM-DD HH24:MI:SS'));
INSERT INTO ATTENDANCE (ATTENDANCE_ID, STUDENT_ID, SESSION_ID, STATUS, DATE_TIME) VALUES (458, 92, 38, 'P', TO_DATE(TO_CHAR(TRUNC(SYSDATE, 'IW') + 2, 'YYYY-MM-DD') || ' 11:15:00', 'YYYY-MM-DD HH24:MI:SS'));
INSERT INTO ATTENDANCE (ATTENDANCE_ID, STUDENT_ID, SESSION_ID, STATUS, DATE_TIME) VALUES (459, 92, 39, 'P', TO_DATE(TO_CHAR(TRUNC(SYSDATE, 'IW') + 3, 'YYYY-MM-DD') || ' 12:30:00', 'YYYY-MM-DD HH24:MI:SS'));
INSERT INTO ATTENDANCE (ATTENDANCE_ID, STUDENT_ID, SESSION_ID, STATUS, DATE_TIME) VALUES (460, 92, 40, 'P', TO_DATE(TO_CHAR(TRUNC(SYSDATE, 'IW') + 4, 'YYYY-MM-DD') || ' 14:00:00', 'YYYY-MM-DD HH24:MI:SS'));
INSERT INTO ATTENDANCE (ATTENDANCE_ID, STUDENT_ID, SESSION_ID, STATUS, DATE_TIME) VALUES (461, 93, 41, 'P', TO_DATE(TO_CHAR(TRUNC(SYSDATE, 'IW') + 0, 'YYYY-MM-DD') || ' 08:45:00', 'YYYY-MM-DD HH24:MI:SS'));
INSERT INTO ATTENDANCE (ATTENDANCE_ID, STUDENT_ID, SESSION_ID, STATUS, DATE_TIME) VALUES (462, 93, 42, 'P', TO_DATE(TO_CHAR(TRUNC(SYSDATE, 'IW') + 1, 'YYYY-MM-DD') || ' 10:00:00', 'YYYY-MM-DD HH24:MI:SS'));
INSERT INTO ATTENDANCE (ATTENDANCE_ID, STUDENT_ID, SESSION_ID, STATUS, DATE_TIME) VALUES (463, 93, 43, 'P', TO_DATE(TO_CHAR(TRUNC(SYSDATE, 'IW') + 2, 'YYYY-MM-DD') || ' 11:15:00', 'YYYY-MM-DD HH24:MI:SS'));
INSERT INTO ATTENDANCE (ATTENDANCE_ID, STUDENT_ID, SESSION_ID, STATUS, DATE_TIME) VALUES (464, 93, 44, 'P', TO_DATE(TO_CHAR(TRUNC(SYSDATE, 'IW') + 3, 'YYYY-MM-DD') || ' 12:30:00', 'YYYY-MM-DD HH24:MI:SS'));
INSERT INTO ATTENDANCE (ATTENDANCE_ID, STUDENT_ID, SESSION_ID, STATUS, DATE_TIME) VALUES (465, 93, 45, 'P', TO_DATE(TO_CHAR(TRUNC(SYSDATE, 'IW') + 4, 'YYYY-MM-DD') || ' 14:00:00', 'YYYY-MM-DD HH24:MI:SS'));
INSERT INTO ATTENDANCE (ATTENDANCE_ID, STUDENT_ID, SESSION_ID, STATUS, DATE_TIME) VALUES (466, 94, 46, 'A', TO_DATE(TO_CHAR(TRUNC(SYSDATE, 'IW') + 0, 'YYYY-MM-DD') || ' 08:45:00', 'YYYY-MM-DD HH24:MI:SS'));
INSERT INTO ATTENDANCE (ATTENDANCE_ID, STUDENT_ID, SESSION_ID, STATUS, DATE_TIME) VALUES (467, 94, 47, 'P', TO_DATE(TO_CHAR(TRUNC(SYSDATE, 'IW') + 1, 'YYYY-MM-DD') || ' 10:00:00', 'YYYY-MM-DD HH24:MI:SS'));
INSERT INTO ATTENDANCE (ATTENDANCE_ID, STUDENT_ID, SESSION_ID, STATUS, DATE_TIME) VALUES (468, 94, 48, 'P', TO_DATE(TO_CHAR(TRUNC(SYSDATE, 'IW') + 2, 'YYYY-MM-DD') || ' 11:15:00', 'YYYY-MM-DD HH24:MI:SS'));
INSERT INTO ATTENDANCE (ATTENDANCE_ID, STUDENT_ID, SESSION_ID, STATUS, DATE_TIME) VALUES (469, 94, 49, 'P', TO_DATE(TO_CHAR(TRUNC(SYSDATE, 'IW') + 3, 'YYYY-MM-DD') || ' 12:30:00', 'YYYY-MM-DD HH24:MI:SS'));
INSERT INTO ATTENDANCE (ATTENDANCE_ID, STUDENT_ID, SESSION_ID, STATUS, DATE_TIME) VALUES (470, 94, 50, 'P', TO_DATE(TO_CHAR(TRUNC(SYSDATE, 'IW') + 4, 'YYYY-MM-DD') || ' 14:00:00', 'YYYY-MM-DD HH24:MI:SS'));
INSERT INTO ATTENDANCE (ATTENDANCE_ID, STUDENT_ID, SESSION_ID, STATUS, DATE_TIME) VALUES (471, 95, 51, 'P', TO_DATE(TO_CHAR(TRUNC(SYSDATE, 'IW') + 0, 'YYYY-MM-DD') || ' 08:45:00', 'YYYY-MM-DD HH24:MI:SS'));
INSERT INTO ATTENDANCE (ATTENDANCE_ID, STUDENT_ID, SESSION_ID, STATUS, DATE_TIME) VALUES (472, 95, 52, 'P', TO_DATE(TO_CHAR(TRUNC(SYSDATE, 'IW') + 1, 'YYYY-MM-DD') || ' 10:00:00', 'YYYY-MM-DD HH24:MI:SS'));
INSERT INTO ATTENDANCE (ATTENDANCE_ID, STUDENT_ID, SESSION_ID, STATUS, DATE_TIME) VALUES (473, 95, 53, 'P', TO_DATE(TO_CHAR(TRUNC(SYSDATE, 'IW') + 2, 'YYYY-MM-DD') || ' 11:15:00', 'YYYY-MM-DD HH24:MI:SS'));
INSERT INTO ATTENDANCE (ATTENDANCE_ID, STUDENT_ID, SESSION_ID, STATUS, DATE_TIME) VALUES (474, 95, 54, 'P', TO_DATE(TO_CHAR(TRUNC(SYSDATE, 'IW') + 3, 'YYYY-MM-DD') || ' 12:30:00', 'YYYY-MM-DD HH24:MI:SS'));
INSERT INTO ATTENDANCE (ATTENDANCE_ID, STUDENT_ID, SESSION_ID, STATUS, DATE_TIME) VALUES (475, 95, 55, 'P', TO_DATE(TO_CHAR(TRUNC(SYSDATE, 'IW') + 4, 'YYYY-MM-DD') || ' 14:00:00', 'YYYY-MM-DD HH24:MI:SS'));
INSERT INTO ATTENDANCE (ATTENDANCE_ID, STUDENT_ID, SESSION_ID, STATUS, DATE_TIME) VALUES (476, 96, 56, 'P', TO_DATE(TO_CHAR(TRUNC(SYSDATE, 'IW') + 0, 'YYYY-MM-DD') || ' 08:45:00', 'YYYY-MM-DD HH24:MI:SS'));
INSERT INTO ATTENDANCE (ATTENDANCE_ID, STUDENT_ID, SESSION_ID, STATUS, DATE_TIME) VALUES (477, 96, 57, 'A', TO_DATE(TO_CHAR(TRUNC(SYSDATE, 'IW') + 1, 'YYYY-MM-DD') || ' 10:00:00', 'YYYY-MM-DD HH24:MI:SS'));
INSERT INTO ATTENDANCE (ATTENDANCE_ID, STUDENT_ID, SESSION_ID, STATUS, DATE_TIME) VALUES (478, 96, 58, 'P', TO_DATE(TO_CHAR(TRUNC(SYSDATE, 'IW') + 2, 'YYYY-MM-DD') || ' 11:15:00', 'YYYY-MM-DD HH24:MI:SS'));
INSERT INTO ATTENDANCE (ATTENDANCE_ID, STUDENT_ID, SESSION_ID, STATUS, DATE_TIME) VALUES (479, 96, 59, 'P', TO_DATE(TO_CHAR(TRUNC(SYSDATE, 'IW') + 3, 'YYYY-MM-DD') || ' 12:30:00', 'YYYY-MM-DD HH24:MI:SS'));
INSERT INTO ATTENDANCE (ATTENDANCE_ID, STUDENT_ID, SESSION_ID, STATUS, DATE_TIME) VALUES (480, 96, 60, 'A', TO_DATE(TO_CHAR(TRUNC(SYSDATE, 'IW') + 4, 'YYYY-MM-DD') || ' 14:00:00', 'YYYY-MM-DD HH24:MI:SS'));
INSERT INTO ATTENDANCE (ATTENDANCE_ID, STUDENT_ID, SESSION_ID, STATUS, DATE_TIME) VALUES (481, 97, 1, 'P', TO_DATE(TO_CHAR(TRUNC(SYSDATE, 'IW') + 0, 'YYYY-MM-DD') || ' 08:45:00', 'YYYY-MM-DD HH24:MI:SS'));
INSERT INTO ATTENDANCE (ATTENDANCE_ID, STUDENT_ID, SESSION_ID, STATUS, DATE_TIME) VALUES (482, 97, 2, 'A', TO_DATE(TO_CHAR(TRUNC(SYSDATE, 'IW') + 1, 'YYYY-MM-DD') || ' 10:00:00', 'YYYY-MM-DD HH24:MI:SS'));
INSERT INTO ATTENDANCE (ATTENDANCE_ID, STUDENT_ID, SESSION_ID, STATUS, DATE_TIME) VALUES (483, 97, 3, 'P', TO_DATE(TO_CHAR(TRUNC(SYSDATE, 'IW') + 2, 'YYYY-MM-DD') || ' 11:15:00', 'YYYY-MM-DD HH24:MI:SS'));
INSERT INTO ATTENDANCE (ATTENDANCE_ID, STUDENT_ID, SESSION_ID, STATUS, DATE_TIME) VALUES (484, 97, 4, 'P', TO_DATE(TO_CHAR(TRUNC(SYSDATE, 'IW') + 3, 'YYYY-MM-DD') || ' 12:30:00', 'YYYY-MM-DD HH24:MI:SS'));
INSERT INTO ATTENDANCE (ATTENDANCE_ID, STUDENT_ID, SESSION_ID, STATUS, DATE_TIME) VALUES (485, 97, 5, 'P', TO_DATE(TO_CHAR(TRUNC(SYSDATE, 'IW') + 4, 'YYYY-MM-DD') || ' 14:00:00', 'YYYY-MM-DD HH24:MI:SS'));
INSERT INTO ATTENDANCE (ATTENDANCE_ID, STUDENT_ID, SESSION_ID, STATUS, DATE_TIME) VALUES (486, 98, 6, 'P', TO_DATE(TO_CHAR(TRUNC(SYSDATE, 'IW') + 0, 'YYYY-MM-DD') || ' 08:45:00', 'YYYY-MM-DD HH24:MI:SS'));
INSERT INTO ATTENDANCE (ATTENDANCE_ID, STUDENT_ID, SESSION_ID, STATUS, DATE_TIME) VALUES (487, 98, 7, 'P', TO_DATE(TO_CHAR(TRUNC(SYSDATE, 'IW') + 1, 'YYYY-MM-DD') || ' 10:00:00', 'YYYY-MM-DD HH24:MI:SS'));
INSERT INTO ATTENDANCE (ATTENDANCE_ID, STUDENT_ID, SESSION_ID, STATUS, DATE_TIME) VALUES (488, 98, 8, 'P', TO_DATE(TO_CHAR(TRUNC(SYSDATE, 'IW') + 2, 'YYYY-MM-DD') || ' 11:15:00', 'YYYY-MM-DD HH24:MI:SS'));
INSERT INTO ATTENDANCE (ATTENDANCE_ID, STUDENT_ID, SESSION_ID, STATUS, DATE_TIME) VALUES (489, 98, 9, 'P', TO_DATE(TO_CHAR(TRUNC(SYSDATE, 'IW') + 3, 'YYYY-MM-DD') || ' 12:30:00', 'YYYY-MM-DD HH24:MI:SS'));
INSERT INTO ATTENDANCE (ATTENDANCE_ID, STUDENT_ID, SESSION_ID, STATUS, DATE_TIME) VALUES (490, 98, 10, 'P', TO_DATE(TO_CHAR(TRUNC(SYSDATE, 'IW') + 4, 'YYYY-MM-DD') || ' 14:00:00', 'YYYY-MM-DD HH24:MI:SS'));
INSERT INTO ATTENDANCE (ATTENDANCE_ID, STUDENT_ID, SESSION_ID, STATUS, DATE_TIME) VALUES (491, 99, 11, 'P', TO_DATE(TO_CHAR(TRUNC(SYSDATE, 'IW') + 0, 'YYYY-MM-DD') || ' 08:45:00', 'YYYY-MM-DD HH24:MI:SS'));
INSERT INTO ATTENDANCE (ATTENDANCE_ID, STUDENT_ID, SESSION_ID, STATUS, DATE_TIME) VALUES (492, 99, 12, 'P', TO_DATE(TO_CHAR(TRUNC(SYSDATE, 'IW') + 1, 'YYYY-MM-DD') || ' 10:00:00', 'YYYY-MM-DD HH24:MI:SS'));
INSERT INTO ATTENDANCE (ATTENDANCE_ID, STUDENT_ID, SESSION_ID, STATUS, DATE_TIME) VALUES (493, 99, 13, 'P', TO_DATE(TO_CHAR(TRUNC(SYSDATE, 'IW') + 2, 'YYYY-MM-DD') || ' 11:15:00', 'YYYY-MM-DD HH24:MI:SS'));
INSERT INTO ATTENDANCE (ATTENDANCE_ID, STUDENT_ID, SESSION_ID, STATUS, DATE_TIME) VALUES (494, 99, 14, 'P', TO_DATE(TO_CHAR(TRUNC(SYSDATE, 'IW') + 3, 'YYYY-MM-DD') || ' 12:30:00', 'YYYY-MM-DD HH24:MI:SS'));
INSERT INTO ATTENDANCE (ATTENDANCE_ID, STUDENT_ID, SESSION_ID, STATUS, DATE_TIME) VALUES (495, 99, 15, 'P', TO_DATE(TO_CHAR(TRUNC(SYSDATE, 'IW') + 4, 'YYYY-MM-DD') || ' 14:00:00', 'YYYY-MM-DD HH24:MI:SS'));
INSERT INTO ATTENDANCE (ATTENDANCE_ID, STUDENT_ID, SESSION_ID, STATUS, DATE_TIME) VALUES (496, 100, 16, 'P', TO_DATE(TO_CHAR(TRUNC(SYSDATE, 'IW') + 0, 'YYYY-MM-DD') || ' 08:45:00', 'YYYY-MM-DD HH24:MI:SS'));
INSERT INTO ATTENDANCE (ATTENDANCE_ID, STUDENT_ID, SESSION_ID, STATUS, DATE_TIME) VALUES (497, 100, 17, 'P', TO_DATE(TO_CHAR(TRUNC(SYSDATE, 'IW') + 1, 'YYYY-MM-DD') || ' 10:00:00', 'YYYY-MM-DD HH24:MI:SS'));
INSERT INTO ATTENDANCE (ATTENDANCE_ID, STUDENT_ID, SESSION_ID, STATUS, DATE_TIME) VALUES (498, 100, 18, 'P', TO_DATE(TO_CHAR(TRUNC(SYSDATE, 'IW') + 2, 'YYYY-MM-DD') || ' 11:15:00', 'YYYY-MM-DD HH24:MI:SS'));
INSERT INTO ATTENDANCE (ATTENDANCE_ID, STUDENT_ID, SESSION_ID, STATUS, DATE_TIME) VALUES (499, 100, 19, 'P', TO_DATE(TO_CHAR(TRUNC(SYSDATE, 'IW') + 3, 'YYYY-MM-DD') || ' 12:30:00', 'YYYY-MM-DD HH24:MI:SS'));
INSERT INTO ATTENDANCE (ATTENDANCE_ID, STUDENT_ID, SESSION_ID, STATUS, DATE_TIME) VALUES (500, 100, 20, 'P', TO_DATE(TO_CHAR(TRUNC(SYSDATE, 'IW') + 4, 'YYYY-MM-DD') || ' 14:00:00', 'YYYY-MM-DD HH24:MI:SS'));
INSERT INTO ATTENDANCE (ATTENDANCE_ID, STUDENT_ID, SESSION_ID, STATUS, DATE_TIME) VALUES (501, 101, 21, 'P', TO_DATE(TO_CHAR(TRUNC(SYSDATE, 'IW') + 0, 'YYYY-MM-DD') || ' 08:45:00', 'YYYY-MM-DD HH24:MI:SS'));
INSERT INTO ATTENDANCE (ATTENDANCE_ID, STUDENT_ID, SESSION_ID, STATUS, DATE_TIME) VALUES (502, 101, 22, 'P', TO_DATE(TO_CHAR(TRUNC(SYSDATE, 'IW') + 1, 'YYYY-MM-DD') || ' 10:00:00', 'YYYY-MM-DD HH24:MI:SS'));
INSERT INTO ATTENDANCE (ATTENDANCE_ID, STUDENT_ID, SESSION_ID, STATUS, DATE_TIME) VALUES (503, 101, 23, 'P', TO_DATE(TO_CHAR(TRUNC(SYSDATE, 'IW') + 2, 'YYYY-MM-DD') || ' 11:15:00', 'YYYY-MM-DD HH24:MI:SS'));
INSERT INTO ATTENDANCE (ATTENDANCE_ID, STUDENT_ID, SESSION_ID, STATUS, DATE_TIME) VALUES (504, 101, 24, 'P', TO_DATE(TO_CHAR(TRUNC(SYSDATE, 'IW') + 3, 'YYYY-MM-DD') || ' 12:30:00', 'YYYY-MM-DD HH24:MI:SS'));
INSERT INTO ATTENDANCE (ATTENDANCE_ID, STUDENT_ID, SESSION_ID, STATUS, DATE_TIME) VALUES (505, 101, 25, 'P', TO_DATE(TO_CHAR(TRUNC(SYSDATE, 'IW') + 4, 'YYYY-MM-DD') || ' 14:00:00', 'YYYY-MM-DD HH24:MI:SS'));
INSERT INTO ATTENDANCE (ATTENDANCE_ID, STUDENT_ID, SESSION_ID, STATUS, DATE_TIME) VALUES (506, 102, 26, 'P', TO_DATE(TO_CHAR(TRUNC(SYSDATE, 'IW') + 0, 'YYYY-MM-DD') || ' 08:45:00', 'YYYY-MM-DD HH24:MI:SS'));
INSERT INTO ATTENDANCE (ATTENDANCE_ID, STUDENT_ID, SESSION_ID, STATUS, DATE_TIME) VALUES (507, 102, 27, 'E', TO_DATE(TO_CHAR(TRUNC(SYSDATE, 'IW') + 1, 'YYYY-MM-DD') || ' 10:00:00', 'YYYY-MM-DD HH24:MI:SS'));
INSERT INTO ATTENDANCE (ATTENDANCE_ID, STUDENT_ID, SESSION_ID, STATUS, DATE_TIME) VALUES (508, 102, 28, 'P', TO_DATE(TO_CHAR(TRUNC(SYSDATE, 'IW') + 2, 'YYYY-MM-DD') || ' 11:15:00', 'YYYY-MM-DD HH24:MI:SS'));
INSERT INTO ATTENDANCE (ATTENDANCE_ID, STUDENT_ID, SESSION_ID, STATUS, DATE_TIME) VALUES (509, 102, 29, 'A', TO_DATE(TO_CHAR(TRUNC(SYSDATE, 'IW') + 3, 'YYYY-MM-DD') || ' 12:30:00', 'YYYY-MM-DD HH24:MI:SS'));
INSERT INTO ATTENDANCE (ATTENDANCE_ID, STUDENT_ID, SESSION_ID, STATUS, DATE_TIME) VALUES (510, 102, 30, 'P', TO_DATE(TO_CHAR(TRUNC(SYSDATE, 'IW') + 4, 'YYYY-MM-DD') || ' 14:00:00', 'YYYY-MM-DD HH24:MI:SS'));
INSERT INTO ATTENDANCE (ATTENDANCE_ID, STUDENT_ID, SESSION_ID, STATUS, DATE_TIME) VALUES (511, 103, 31, 'P', TO_DATE(TO_CHAR(TRUNC(SYSDATE, 'IW') + 0, 'YYYY-MM-DD') || ' 08:45:00', 'YYYY-MM-DD HH24:MI:SS'));
INSERT INTO ATTENDANCE (ATTENDANCE_ID, STUDENT_ID, SESSION_ID, STATUS, DATE_TIME) VALUES (512, 103, 32, 'P', TO_DATE(TO_CHAR(TRUNC(SYSDATE, 'IW') + 1, 'YYYY-MM-DD') || ' 10:00:00', 'YYYY-MM-DD HH24:MI:SS'));
INSERT INTO ATTENDANCE (ATTENDANCE_ID, STUDENT_ID, SESSION_ID, STATUS, DATE_TIME) VALUES (513, 103, 33, 'P', TO_DATE(TO_CHAR(TRUNC(SYSDATE, 'IW') + 2, 'YYYY-MM-DD') || ' 11:15:00', 'YYYY-MM-DD HH24:MI:SS'));
INSERT INTO ATTENDANCE (ATTENDANCE_ID, STUDENT_ID, SESSION_ID, STATUS, DATE_TIME) VALUES (514, 103, 34, 'P', TO_DATE(TO_CHAR(TRUNC(SYSDATE, 'IW') + 3, 'YYYY-MM-DD') || ' 12:30:00', 'YYYY-MM-DD HH24:MI:SS'));
INSERT INTO ATTENDANCE (ATTENDANCE_ID, STUDENT_ID, SESSION_ID, STATUS, DATE_TIME) VALUES (515, 103, 35, 'A', TO_DATE(TO_CHAR(TRUNC(SYSDATE, 'IW') + 4, 'YYYY-MM-DD') || ' 14:00:00', 'YYYY-MM-DD HH24:MI:SS'));
INSERT INTO ATTENDANCE (ATTENDANCE_ID, STUDENT_ID, SESSION_ID, STATUS, DATE_TIME) VALUES (516, 104, 36, 'P', TO_DATE(TO_CHAR(TRUNC(SYSDATE, 'IW') + 0, 'YYYY-MM-DD') || ' 08:45:00', 'YYYY-MM-DD HH24:MI:SS'));
INSERT INTO ATTENDANCE (ATTENDANCE_ID, STUDENT_ID, SESSION_ID, STATUS, DATE_TIME) VALUES (517, 104, 37, 'A', TO_DATE(TO_CHAR(TRUNC(SYSDATE, 'IW') + 1, 'YYYY-MM-DD') || ' 10:00:00', 'YYYY-MM-DD HH24:MI:SS'));
INSERT INTO ATTENDANCE (ATTENDANCE_ID, STUDENT_ID, SESSION_ID, STATUS, DATE_TIME) VALUES (518, 104, 38, 'P', TO_DATE(TO_CHAR(TRUNC(SYSDATE, 'IW') + 2, 'YYYY-MM-DD') || ' 11:15:00', 'YYYY-MM-DD HH24:MI:SS'));
INSERT INTO ATTENDANCE (ATTENDANCE_ID, STUDENT_ID, SESSION_ID, STATUS, DATE_TIME) VALUES (519, 104, 39, 'P', TO_DATE(TO_CHAR(TRUNC(SYSDATE, 'IW') + 3, 'YYYY-MM-DD') || ' 12:30:00', 'YYYY-MM-DD HH24:MI:SS'));
INSERT INTO ATTENDANCE (ATTENDANCE_ID, STUDENT_ID, SESSION_ID, STATUS, DATE_TIME) VALUES (520, 104, 40, 'P', TO_DATE(TO_CHAR(TRUNC(SYSDATE, 'IW') + 4, 'YYYY-MM-DD') || ' 14:00:00', 'YYYY-MM-DD HH24:MI:SS'));
INSERT INTO ATTENDANCE (ATTENDANCE_ID, STUDENT_ID, SESSION_ID, STATUS, DATE_TIME) VALUES (521, 105, 41, 'P', TO_DATE(TO_CHAR(TRUNC(SYSDATE, 'IW') + 0, 'YYYY-MM-DD') || ' 08:45:00', 'YYYY-MM-DD HH24:MI:SS'));
INSERT INTO ATTENDANCE (ATTENDANCE_ID, STUDENT_ID, SESSION_ID, STATUS, DATE_TIME) VALUES (522, 105, 42, 'P', TO_DATE(TO_CHAR(TRUNC(SYSDATE, 'IW') + 1, 'YYYY-MM-DD') || ' 10:00:00', 'YYYY-MM-DD HH24:MI:SS'));
INSERT INTO ATTENDANCE (ATTENDANCE_ID, STUDENT_ID, SESSION_ID, STATUS, DATE_TIME) VALUES (523, 105, 43, 'P', TO_DATE(TO_CHAR(TRUNC(SYSDATE, 'IW') + 2, 'YYYY-MM-DD') || ' 11:15:00', 'YYYY-MM-DD HH24:MI:SS'));
INSERT INTO ATTENDANCE (ATTENDANCE_ID, STUDENT_ID, SESSION_ID, STATUS, DATE_TIME) VALUES (524, 105, 44, 'P', TO_DATE(TO_CHAR(TRUNC(SYSDATE, 'IW') + 3, 'YYYY-MM-DD') || ' 12:30:00', 'YYYY-MM-DD HH24:MI:SS'));
INSERT INTO ATTENDANCE (ATTENDANCE_ID, STUDENT_ID, SESSION_ID, STATUS, DATE_TIME) VALUES (525, 105, 45, 'P', TO_DATE(TO_CHAR(TRUNC(SYSDATE, 'IW') + 4, 'YYYY-MM-DD') || ' 14:00:00', 'YYYY-MM-DD HH24:MI:SS'));
INSERT INTO ATTENDANCE (ATTENDANCE_ID, STUDENT_ID, SESSION_ID, STATUS, DATE_TIME) VALUES (526, 106, 46, 'P', TO_DATE(TO_CHAR(TRUNC(SYSDATE, 'IW') + 0, 'YYYY-MM-DD') || ' 08:45:00', 'YYYY-MM-DD HH24:MI:SS'));
INSERT INTO ATTENDANCE (ATTENDANCE_ID, STUDENT_ID, SESSION_ID, STATUS, DATE_TIME) VALUES (527, 106, 47, 'P', TO_DATE(TO_CHAR(TRUNC(SYSDATE, 'IW') + 1, 'YYYY-MM-DD') || ' 10:00:00', 'YYYY-MM-DD HH24:MI:SS'));
INSERT INTO ATTENDANCE (ATTENDANCE_ID, STUDENT_ID, SESSION_ID, STATUS, DATE_TIME) VALUES (528, 106, 48, 'P', TO_DATE(TO_CHAR(TRUNC(SYSDATE, 'IW') + 2, 'YYYY-MM-DD') || ' 11:15:00', 'YYYY-MM-DD HH24:MI:SS'));
INSERT INTO ATTENDANCE (ATTENDANCE_ID, STUDENT_ID, SESSION_ID, STATUS, DATE_TIME) VALUES (529, 106, 49, 'P', TO_DATE(TO_CHAR(TRUNC(SYSDATE, 'IW') + 3, 'YYYY-MM-DD') || ' 12:30:00', 'YYYY-MM-DD HH24:MI:SS'));
INSERT INTO ATTENDANCE (ATTENDANCE_ID, STUDENT_ID, SESSION_ID, STATUS, DATE_TIME) VALUES (530, 106, 50, 'P', TO_DATE(TO_CHAR(TRUNC(SYSDATE, 'IW') + 4, 'YYYY-MM-DD') || ' 14:00:00', 'YYYY-MM-DD HH24:MI:SS'));
INSERT INTO ATTENDANCE (ATTENDANCE_ID, STUDENT_ID, SESSION_ID, STATUS, DATE_TIME) VALUES (531, 107, 51, 'P', TO_DATE(TO_CHAR(TRUNC(SYSDATE, 'IW') + 0, 'YYYY-MM-DD') || ' 08:45:00', 'YYYY-MM-DD HH24:MI:SS'));
INSERT INTO ATTENDANCE (ATTENDANCE_ID, STUDENT_ID, SESSION_ID, STATUS, DATE_TIME) VALUES (532, 107, 52, 'P', TO_DATE(TO_CHAR(TRUNC(SYSDATE, 'IW') + 1, 'YYYY-MM-DD') || ' 10:00:00', 'YYYY-MM-DD HH24:MI:SS'));
INSERT INTO ATTENDANCE (ATTENDANCE_ID, STUDENT_ID, SESSION_ID, STATUS, DATE_TIME) VALUES (533, 107, 53, 'P', TO_DATE(TO_CHAR(TRUNC(SYSDATE, 'IW') + 2, 'YYYY-MM-DD') || ' 11:15:00', 'YYYY-MM-DD HH24:MI:SS'));
INSERT INTO ATTENDANCE (ATTENDANCE_ID, STUDENT_ID, SESSION_ID, STATUS, DATE_TIME) VALUES (534, 107, 54, 'P', TO_DATE(TO_CHAR(TRUNC(SYSDATE, 'IW') + 3, 'YYYY-MM-DD') || ' 12:30:00', 'YYYY-MM-DD HH24:MI:SS'));
INSERT INTO ATTENDANCE (ATTENDANCE_ID, STUDENT_ID, SESSION_ID, STATUS, DATE_TIME) VALUES (535, 107, 55, 'P', TO_DATE(TO_CHAR(TRUNC(SYSDATE, 'IW') + 4, 'YYYY-MM-DD') || ' 14:00:00', 'YYYY-MM-DD HH24:MI:SS'));
INSERT INTO ATTENDANCE (ATTENDANCE_ID, STUDENT_ID, SESSION_ID, STATUS, DATE_TIME) VALUES (536, 108, 56, 'A', TO_DATE(TO_CHAR(TRUNC(SYSDATE, 'IW') + 0, 'YYYY-MM-DD') || ' 08:45:00', 'YYYY-MM-DD HH24:MI:SS'));
INSERT INTO ATTENDANCE (ATTENDANCE_ID, STUDENT_ID, SESSION_ID, STATUS, DATE_TIME) VALUES (537, 108, 57, 'P', TO_DATE(TO_CHAR(TRUNC(SYSDATE, 'IW') + 1, 'YYYY-MM-DD') || ' 10:00:00', 'YYYY-MM-DD HH24:MI:SS'));
INSERT INTO ATTENDANCE (ATTENDANCE_ID, STUDENT_ID, SESSION_ID, STATUS, DATE_TIME) VALUES (538, 108, 58, 'A', TO_DATE(TO_CHAR(TRUNC(SYSDATE, 'IW') + 2, 'YYYY-MM-DD') || ' 11:15:00', 'YYYY-MM-DD HH24:MI:SS'));
INSERT INTO ATTENDANCE (ATTENDANCE_ID, STUDENT_ID, SESSION_ID, STATUS, DATE_TIME) VALUES (539, 108, 59, 'P', TO_DATE(TO_CHAR(TRUNC(SYSDATE, 'IW') + 3, 'YYYY-MM-DD') || ' 12:30:00', 'YYYY-MM-DD HH24:MI:SS'));
INSERT INTO ATTENDANCE (ATTENDANCE_ID, STUDENT_ID, SESSION_ID, STATUS, DATE_TIME) VALUES (540, 108, 60, 'P', TO_DATE(TO_CHAR(TRUNC(SYSDATE, 'IW') + 4, 'YYYY-MM-DD') || ' 14:00:00', 'YYYY-MM-DD HH24:MI:SS'));
INSERT INTO ATTENDANCE (ATTENDANCE_ID, STUDENT_ID, SESSION_ID, STATUS, DATE_TIME) VALUES (541, 109, 1, 'P', TO_DATE(TO_CHAR(TRUNC(SYSDATE, 'IW') + 0, 'YYYY-MM-DD') || ' 08:45:00', 'YYYY-MM-DD HH24:MI:SS'));
INSERT INTO ATTENDANCE (ATTENDANCE_ID, STUDENT_ID, SESSION_ID, STATUS, DATE_TIME) VALUES (542, 109, 2, 'P', TO_DATE(TO_CHAR(TRUNC(SYSDATE, 'IW') + 1, 'YYYY-MM-DD') || ' 10:00:00', 'YYYY-MM-DD HH24:MI:SS'));
INSERT INTO ATTENDANCE (ATTENDANCE_ID, STUDENT_ID, SESSION_ID, STATUS, DATE_TIME) VALUES (543, 109, 3, 'P', TO_DATE(TO_CHAR(TRUNC(SYSDATE, 'IW') + 2, 'YYYY-MM-DD') || ' 11:15:00', 'YYYY-MM-DD HH24:MI:SS'));
INSERT INTO ATTENDANCE (ATTENDANCE_ID, STUDENT_ID, SESSION_ID, STATUS, DATE_TIME) VALUES (544, 109, 4, 'P', TO_DATE(TO_CHAR(TRUNC(SYSDATE, 'IW') + 3, 'YYYY-MM-DD') || ' 12:30:00', 'YYYY-MM-DD HH24:MI:SS'));
INSERT INTO ATTENDANCE (ATTENDANCE_ID, STUDENT_ID, SESSION_ID, STATUS, DATE_TIME) VALUES (545, 109, 5, 'P', TO_DATE(TO_CHAR(TRUNC(SYSDATE, 'IW') + 4, 'YYYY-MM-DD') || ' 14:00:00', 'YYYY-MM-DD HH24:MI:SS'));
INSERT INTO ATTENDANCE (ATTENDANCE_ID, STUDENT_ID, SESSION_ID, STATUS, DATE_TIME) VALUES (546, 110, 6, 'P', TO_DATE(TO_CHAR(TRUNC(SYSDATE, 'IW') + 0, 'YYYY-MM-DD') || ' 08:45:00', 'YYYY-MM-DD HH24:MI:SS'));
INSERT INTO ATTENDANCE (ATTENDANCE_ID, STUDENT_ID, SESSION_ID, STATUS, DATE_TIME) VALUES (547, 110, 7, 'P', TO_DATE(TO_CHAR(TRUNC(SYSDATE, 'IW') + 1, 'YYYY-MM-DD') || ' 10:00:00', 'YYYY-MM-DD HH24:MI:SS'));
INSERT INTO ATTENDANCE (ATTENDANCE_ID, STUDENT_ID, SESSION_ID, STATUS, DATE_TIME) VALUES (548, 110, 8, 'P', TO_DATE(TO_CHAR(TRUNC(SYSDATE, 'IW') + 2, 'YYYY-MM-DD') || ' 11:15:00', 'YYYY-MM-DD HH24:MI:SS'));
INSERT INTO ATTENDANCE (ATTENDANCE_ID, STUDENT_ID, SESSION_ID, STATUS, DATE_TIME) VALUES (549, 110, 9, 'P', TO_DATE(TO_CHAR(TRUNC(SYSDATE, 'IW') + 3, 'YYYY-MM-DD') || ' 12:30:00', 'YYYY-MM-DD HH24:MI:SS'));
INSERT INTO ATTENDANCE (ATTENDANCE_ID, STUDENT_ID, SESSION_ID, STATUS, DATE_TIME) VALUES (550, 110, 10, 'P', TO_DATE(TO_CHAR(TRUNC(SYSDATE, 'IW') + 4, 'YYYY-MM-DD') || ' 14:00:00', 'YYYY-MM-DD HH24:MI:SS'));
INSERT INTO ATTENDANCE (ATTENDANCE_ID, STUDENT_ID, SESSION_ID, STATUS, DATE_TIME) VALUES (551, 111, 11, 'P', TO_DATE(TO_CHAR(TRUNC(SYSDATE, 'IW') + 0, 'YYYY-MM-DD') || ' 08:45:00', 'YYYY-MM-DD HH24:MI:SS'));
INSERT INTO ATTENDANCE (ATTENDANCE_ID, STUDENT_ID, SESSION_ID, STATUS, DATE_TIME) VALUES (552, 111, 12, 'P', TO_DATE(TO_CHAR(TRUNC(SYSDATE, 'IW') + 1, 'YYYY-MM-DD') || ' 10:00:00', 'YYYY-MM-DD HH24:MI:SS'));
INSERT INTO ATTENDANCE (ATTENDANCE_ID, STUDENT_ID, SESSION_ID, STATUS, DATE_TIME) VALUES (553, 111, 13, 'P', TO_DATE(TO_CHAR(TRUNC(SYSDATE, 'IW') + 2, 'YYYY-MM-DD') || ' 11:15:00', 'YYYY-MM-DD HH24:MI:SS'));
INSERT INTO ATTENDANCE (ATTENDANCE_ID, STUDENT_ID, SESSION_ID, STATUS, DATE_TIME) VALUES (554, 111, 14, 'A', TO_DATE(TO_CHAR(TRUNC(SYSDATE, 'IW') + 3, 'YYYY-MM-DD') || ' 12:30:00', 'YYYY-MM-DD HH24:MI:SS'));
INSERT INTO ATTENDANCE (ATTENDANCE_ID, STUDENT_ID, SESSION_ID, STATUS, DATE_TIME) VALUES (555, 111, 15, 'P', TO_DATE(TO_CHAR(TRUNC(SYSDATE, 'IW') + 4, 'YYYY-MM-DD') || ' 14:00:00', 'YYYY-MM-DD HH24:MI:SS'));
INSERT INTO ATTENDANCE (ATTENDANCE_ID, STUDENT_ID, SESSION_ID, STATUS, DATE_TIME) VALUES (556, 112, 16, 'P', TO_DATE(TO_CHAR(TRUNC(SYSDATE, 'IW') + 0, 'YYYY-MM-DD') || ' 08:45:00', 'YYYY-MM-DD HH24:MI:SS'));
INSERT INTO ATTENDANCE (ATTENDANCE_ID, STUDENT_ID, SESSION_ID, STATUS, DATE_TIME) VALUES (557, 112, 17, 'P', TO_DATE(TO_CHAR(TRUNC(SYSDATE, 'IW') + 1, 'YYYY-MM-DD') || ' 10:00:00', 'YYYY-MM-DD HH24:MI:SS'));
INSERT INTO ATTENDANCE (ATTENDANCE_ID, STUDENT_ID, SESSION_ID, STATUS, DATE_TIME) VALUES (558, 112, 18, 'P', TO_DATE(TO_CHAR(TRUNC(SYSDATE, 'IW') + 2, 'YYYY-MM-DD') || ' 11:15:00', 'YYYY-MM-DD HH24:MI:SS'));
INSERT INTO ATTENDANCE (ATTENDANCE_ID, STUDENT_ID, SESSION_ID, STATUS, DATE_TIME) VALUES (559, 112, 19, 'P', TO_DATE(TO_CHAR(TRUNC(SYSDATE, 'IW') + 3, 'YYYY-MM-DD') || ' 12:30:00', 'YYYY-MM-DD HH24:MI:SS'));
INSERT INTO ATTENDANCE (ATTENDANCE_ID, STUDENT_ID, SESSION_ID, STATUS, DATE_TIME) VALUES (560, 112, 20, 'P', TO_DATE(TO_CHAR(TRUNC(SYSDATE, 'IW') + 4, 'YYYY-MM-DD') || ' 14:00:00', 'YYYY-MM-DD HH24:MI:SS'));
INSERT INTO ATTENDANCE (ATTENDANCE_ID, STUDENT_ID, SESSION_ID, STATUS, DATE_TIME) VALUES (561, 113, 21, 'P', TO_DATE(TO_CHAR(TRUNC(SYSDATE, 'IW') + 0, 'YYYY-MM-DD') || ' 08:45:00', 'YYYY-MM-DD HH24:MI:SS'));
INSERT INTO ATTENDANCE (ATTENDANCE_ID, STUDENT_ID, SESSION_ID, STATUS, DATE_TIME) VALUES (562, 113, 22, 'P', TO_DATE(TO_CHAR(TRUNC(SYSDATE, 'IW') + 1, 'YYYY-MM-DD') || ' 10:00:00', 'YYYY-MM-DD HH24:MI:SS'));
INSERT INTO ATTENDANCE (ATTENDANCE_ID, STUDENT_ID, SESSION_ID, STATUS, DATE_TIME) VALUES (563, 113, 23, 'P', TO_DATE(TO_CHAR(TRUNC(SYSDATE, 'IW') + 2, 'YYYY-MM-DD') || ' 11:15:00', 'YYYY-MM-DD HH24:MI:SS'));
INSERT INTO ATTENDANCE (ATTENDANCE_ID, STUDENT_ID, SESSION_ID, STATUS, DATE_TIME) VALUES (564, 113, 24, 'P', TO_DATE(TO_CHAR(TRUNC(SYSDATE, 'IW') + 3, 'YYYY-MM-DD') || ' 12:30:00', 'YYYY-MM-DD HH24:MI:SS'));
INSERT INTO ATTENDANCE (ATTENDANCE_ID, STUDENT_ID, SESSION_ID, STATUS, DATE_TIME) VALUES (565, 113, 25, 'P', TO_DATE(TO_CHAR(TRUNC(SYSDATE, 'IW') + 4, 'YYYY-MM-DD') || ' 14:00:00', 'YYYY-MM-DD HH24:MI:SS'));
INSERT INTO ATTENDANCE (ATTENDANCE_ID, STUDENT_ID, SESSION_ID, STATUS, DATE_TIME) VALUES (566, 114, 26, 'P', TO_DATE(TO_CHAR(TRUNC(SYSDATE, 'IW') + 0, 'YYYY-MM-DD') || ' 08:45:00', 'YYYY-MM-DD HH24:MI:SS'));
INSERT INTO ATTENDANCE (ATTENDANCE_ID, STUDENT_ID, SESSION_ID, STATUS, DATE_TIME) VALUES (567, 114, 27, 'E', TO_DATE(TO_CHAR(TRUNC(SYSDATE, 'IW') + 1, 'YYYY-MM-DD') || ' 10:00:00', 'YYYY-MM-DD HH24:MI:SS'));
INSERT INTO ATTENDANCE (ATTENDANCE_ID, STUDENT_ID, SESSION_ID, STATUS, DATE_TIME) VALUES (568, 114, 28, 'P', TO_DATE(TO_CHAR(TRUNC(SYSDATE, 'IW') + 2, 'YYYY-MM-DD') || ' 11:15:00', 'YYYY-MM-DD HH24:MI:SS'));
INSERT INTO ATTENDANCE (ATTENDANCE_ID, STUDENT_ID, SESSION_ID, STATUS, DATE_TIME) VALUES (569, 114, 29, 'E', TO_DATE(TO_CHAR(TRUNC(SYSDATE, 'IW') + 3, 'YYYY-MM-DD') || ' 12:30:00', 'YYYY-MM-DD HH24:MI:SS'));
INSERT INTO ATTENDANCE (ATTENDANCE_ID, STUDENT_ID, SESSION_ID, STATUS, DATE_TIME) VALUES (570, 114, 30, 'P', TO_DATE(TO_CHAR(TRUNC(SYSDATE, 'IW') + 4, 'YYYY-MM-DD') || ' 14:00:00', 'YYYY-MM-DD HH24:MI:SS'));
INSERT INTO ATTENDANCE (ATTENDANCE_ID, STUDENT_ID, SESSION_ID, STATUS, DATE_TIME) VALUES (571, 115, 31, 'P', TO_DATE(TO_CHAR(TRUNC(SYSDATE, 'IW') + 0, 'YYYY-MM-DD') || ' 08:45:00', 'YYYY-MM-DD HH24:MI:SS'));
INSERT INTO ATTENDANCE (ATTENDANCE_ID, STUDENT_ID, SESSION_ID, STATUS, DATE_TIME) VALUES (572, 115, 32, 'P', TO_DATE(TO_CHAR(TRUNC(SYSDATE, 'IW') + 1, 'YYYY-MM-DD') || ' 10:00:00', 'YYYY-MM-DD HH24:MI:SS'));
INSERT INTO ATTENDANCE (ATTENDANCE_ID, STUDENT_ID, SESSION_ID, STATUS, DATE_TIME) VALUES (573, 115, 33, 'P', TO_DATE(TO_CHAR(TRUNC(SYSDATE, 'IW') + 2, 'YYYY-MM-DD') || ' 11:15:00', 'YYYY-MM-DD HH24:MI:SS'));
INSERT INTO ATTENDANCE (ATTENDANCE_ID, STUDENT_ID, SESSION_ID, STATUS, DATE_TIME) VALUES (574, 115, 34, 'P', TO_DATE(TO_CHAR(TRUNC(SYSDATE, 'IW') + 3, 'YYYY-MM-DD') || ' 12:30:00', 'YYYY-MM-DD HH24:MI:SS'));
INSERT INTO ATTENDANCE (ATTENDANCE_ID, STUDENT_ID, SESSION_ID, STATUS, DATE_TIME) VALUES (575, 115, 35, 'P', TO_DATE(TO_CHAR(TRUNC(SYSDATE, 'IW') + 4, 'YYYY-MM-DD') || ' 14:00:00', 'YYYY-MM-DD HH24:MI:SS'));
INSERT INTO ATTENDANCE (ATTENDANCE_ID, STUDENT_ID, SESSION_ID, STATUS, DATE_TIME) VALUES (576, 116, 36, 'P', TO_DATE(TO_CHAR(TRUNC(SYSDATE, 'IW') + 0, 'YYYY-MM-DD') || ' 08:45:00', 'YYYY-MM-DD HH24:MI:SS'));
INSERT INTO ATTENDANCE (ATTENDANCE_ID, STUDENT_ID, SESSION_ID, STATUS, DATE_TIME) VALUES (577, 116, 37, 'P', TO_DATE(TO_CHAR(TRUNC(SYSDATE, 'IW') + 1, 'YYYY-MM-DD') || ' 10:00:00', 'YYYY-MM-DD HH24:MI:SS'));
INSERT INTO ATTENDANCE (ATTENDANCE_ID, STUDENT_ID, SESSION_ID, STATUS, DATE_TIME) VALUES (578, 116, 38, 'P', TO_DATE(TO_CHAR(TRUNC(SYSDATE, 'IW') + 2, 'YYYY-MM-DD') || ' 11:15:00', 'YYYY-MM-DD HH24:MI:SS'));
INSERT INTO ATTENDANCE (ATTENDANCE_ID, STUDENT_ID, SESSION_ID, STATUS, DATE_TIME) VALUES (579, 116, 39, 'P', TO_DATE(TO_CHAR(TRUNC(SYSDATE, 'IW') + 3, 'YYYY-MM-DD') || ' 12:30:00', 'YYYY-MM-DD HH24:MI:SS'));
INSERT INTO ATTENDANCE (ATTENDANCE_ID, STUDENT_ID, SESSION_ID, STATUS, DATE_TIME) VALUES (580, 116, 40, 'P', TO_DATE(TO_CHAR(TRUNC(SYSDATE, 'IW') + 4, 'YYYY-MM-DD') || ' 14:00:00', 'YYYY-MM-DD HH24:MI:SS'));
INSERT INTO ATTENDANCE (ATTENDANCE_ID, STUDENT_ID, SESSION_ID, STATUS, DATE_TIME) VALUES (581, 117, 41, 'A', TO_DATE(TO_CHAR(TRUNC(SYSDATE, 'IW') + 0, 'YYYY-MM-DD') || ' 08:45:00', 'YYYY-MM-DD HH24:MI:SS'));
INSERT INTO ATTENDANCE (ATTENDANCE_ID, STUDENT_ID, SESSION_ID, STATUS, DATE_TIME) VALUES (582, 117, 42, 'P', TO_DATE(TO_CHAR(TRUNC(SYSDATE, 'IW') + 1, 'YYYY-MM-DD') || ' 10:00:00', 'YYYY-MM-DD HH24:MI:SS'));
INSERT INTO ATTENDANCE (ATTENDANCE_ID, STUDENT_ID, SESSION_ID, STATUS, DATE_TIME) VALUES (583, 117, 43, 'P', TO_DATE(TO_CHAR(TRUNC(SYSDATE, 'IW') + 2, 'YYYY-MM-DD') || ' 11:15:00', 'YYYY-MM-DD HH24:MI:SS'));
INSERT INTO ATTENDANCE (ATTENDANCE_ID, STUDENT_ID, SESSION_ID, STATUS, DATE_TIME) VALUES (584, 117, 44, 'P', TO_DATE(TO_CHAR(TRUNC(SYSDATE, 'IW') + 3, 'YYYY-MM-DD') || ' 12:30:00', 'YYYY-MM-DD HH24:MI:SS'));
INSERT INTO ATTENDANCE (ATTENDANCE_ID, STUDENT_ID, SESSION_ID, STATUS, DATE_TIME) VALUES (585, 117, 45, 'A', TO_DATE(TO_CHAR(TRUNC(SYSDATE, 'IW') + 4, 'YYYY-MM-DD') || ' 14:00:00', 'YYYY-MM-DD HH24:MI:SS'));
INSERT INTO ATTENDANCE (ATTENDANCE_ID, STUDENT_ID, SESSION_ID, STATUS, DATE_TIME) VALUES (586, 118, 46, 'P', TO_DATE(TO_CHAR(TRUNC(SYSDATE, 'IW') + 0, 'YYYY-MM-DD') || ' 08:45:00', 'YYYY-MM-DD HH24:MI:SS'));
INSERT INTO ATTENDANCE (ATTENDANCE_ID, STUDENT_ID, SESSION_ID, STATUS, DATE_TIME) VALUES (587, 118, 47, 'P', TO_DATE(TO_CHAR(TRUNC(SYSDATE, 'IW') + 1, 'YYYY-MM-DD') || ' 10:00:00', 'YYYY-MM-DD HH24:MI:SS'));
INSERT INTO ATTENDANCE (ATTENDANCE_ID, STUDENT_ID, SESSION_ID, STATUS, DATE_TIME) VALUES (588, 118, 48, 'P', TO_DATE(TO_CHAR(TRUNC(SYSDATE, 'IW') + 2, 'YYYY-MM-DD') || ' 11:15:00', 'YYYY-MM-DD HH24:MI:SS'));
INSERT INTO ATTENDANCE (ATTENDANCE_ID, STUDENT_ID, SESSION_ID, STATUS, DATE_TIME) VALUES (589, 118, 49, 'P', TO_DATE(TO_CHAR(TRUNC(SYSDATE, 'IW') + 3, 'YYYY-MM-DD') || ' 12:30:00', 'YYYY-MM-DD HH24:MI:SS'));
INSERT INTO ATTENDANCE (ATTENDANCE_ID, STUDENT_ID, SESSION_ID, STATUS, DATE_TIME) VALUES (590, 118, 50, 'P', TO_DATE(TO_CHAR(TRUNC(SYSDATE, 'IW') + 4, 'YYYY-MM-DD') || ' 14:00:00', 'YYYY-MM-DD HH24:MI:SS'));
INSERT INTO ATTENDANCE (ATTENDANCE_ID, STUDENT_ID, SESSION_ID, STATUS, DATE_TIME) VALUES (591, 119, 51, 'A', TO_DATE(TO_CHAR(TRUNC(SYSDATE, 'IW') + 0, 'YYYY-MM-DD') || ' 08:45:00', 'YYYY-MM-DD HH24:MI:SS'));
INSERT INTO ATTENDANCE (ATTENDANCE_ID, STUDENT_ID, SESSION_ID, STATUS, DATE_TIME) VALUES (592, 119, 52, 'P', TO_DATE(TO_CHAR(TRUNC(SYSDATE, 'IW') + 1, 'YYYY-MM-DD') || ' 10:00:00', 'YYYY-MM-DD HH24:MI:SS'));
INSERT INTO ATTENDANCE (ATTENDANCE_ID, STUDENT_ID, SESSION_ID, STATUS, DATE_TIME) VALUES (593, 119, 53, 'P', TO_DATE(TO_CHAR(TRUNC(SYSDATE, 'IW') + 2, 'YYYY-MM-DD') || ' 11:15:00', 'YYYY-MM-DD HH24:MI:SS'));
INSERT INTO ATTENDANCE (ATTENDANCE_ID, STUDENT_ID, SESSION_ID, STATUS, DATE_TIME) VALUES (594, 119, 54, 'P', TO_DATE(TO_CHAR(TRUNC(SYSDATE, 'IW') + 3, 'YYYY-MM-DD') || ' 12:30:00', 'YYYY-MM-DD HH24:MI:SS'));
INSERT INTO ATTENDANCE (ATTENDANCE_ID, STUDENT_ID, SESSION_ID, STATUS, DATE_TIME) VALUES (595, 119, 55, 'P', TO_DATE(TO_CHAR(TRUNC(SYSDATE, 'IW') + 4, 'YYYY-MM-DD') || ' 14:00:00', 'YYYY-MM-DD HH24:MI:SS'));
INSERT INTO ATTENDANCE (ATTENDANCE_ID, STUDENT_ID, SESSION_ID, STATUS, DATE_TIME) VALUES (596, 120, 56, 'P', TO_DATE(TO_CHAR(TRUNC(SYSDATE, 'IW') + 0, 'YYYY-MM-DD') || ' 08:45:00', 'YYYY-MM-DD HH24:MI:SS'));
INSERT INTO ATTENDANCE (ATTENDANCE_ID, STUDENT_ID, SESSION_ID, STATUS, DATE_TIME) VALUES (597, 120, 57, 'P', TO_DATE(TO_CHAR(TRUNC(SYSDATE, 'IW') + 1, 'YYYY-MM-DD') || ' 10:00:00', 'YYYY-MM-DD HH24:MI:SS'));
INSERT INTO ATTENDANCE (ATTENDANCE_ID, STUDENT_ID, SESSION_ID, STATUS, DATE_TIME) VALUES (598, 120, 58, 'P', TO_DATE(TO_CHAR(TRUNC(SYSDATE, 'IW') + 2, 'YYYY-MM-DD') || ' 11:15:00', 'YYYY-MM-DD HH24:MI:SS'));
INSERT INTO ATTENDANCE (ATTENDANCE_ID, STUDENT_ID, SESSION_ID, STATUS, DATE_TIME) VALUES (599, 120, 59, 'P', TO_DATE(TO_CHAR(TRUNC(SYSDATE, 'IW') + 3, 'YYYY-MM-DD') || ' 12:30:00', 'YYYY-MM-DD HH24:MI:SS'));
INSERT INTO ATTENDANCE (ATTENDANCE_ID, STUDENT_ID, SESSION_ID, STATUS, DATE_TIME) VALUES (600, 120, 60, 'P', TO_DATE(TO_CHAR(TRUNC(SYSDATE, 'IW') + 4, 'YYYY-MM-DD') || ' 14:00:00', 'YYYY-MM-DD HH24:MI:SS'));

-- 14. Insert Marks Type
INSERT INTO MARKS_TYPE (TYPE_ID, "TYPE") VALUES (1, 'Monthly');
INSERT INTO MARKS_TYPE (TYPE_ID, "TYPE") VALUES (2, 'Midterm');
INSERT INTO MARKS_TYPE (TYPE_ID, "TYPE") VALUES (3, 'Final');
INSERT INTO MARKS_TYPE (TYPE_ID, "TYPE") VALUES (4, 'Homework');

-- 15. Insert Marks
INSERT INTO MARKS (MARK_ID, CREATED_AT, COURSE_ID, STUDENT_ID, TYPE_ID, SCORE, MAX_SCORE, ACADEMIC_YEAR, MONTH_NO, IS_APPROVED) VALUES (1, DATE '2025-10-15', 1, 1, 4, 15, 20, 2025, 10, 1);
INSERT INTO MARKS (MARK_ID, CREATED_AT, COURSE_ID, STUDENT_ID, TYPE_ID, SCORE, MAX_SCORE, ACADEMIC_YEAR, MONTH_NO, IS_APPROVED) VALUES (2, DATE '2025-11-20', 1, 1, 2, 35, 50, 2025, 11, 1);
INSERT INTO MARKS (MARK_ID, CREATED_AT, COURSE_ID, STUDENT_ID, TYPE_ID, SCORE, MAX_SCORE, ACADEMIC_YEAR, MONTH_NO, IS_APPROVED) VALUES (3, DATE '2025-10-15', 2, 1, 4, 15, 20, 2025, 10, 1);
INSERT INTO MARKS (MARK_ID, CREATED_AT, COURSE_ID, STUDENT_ID, TYPE_ID, SCORE, MAX_SCORE, ACADEMIC_YEAR, MONTH_NO, IS_APPROVED) VALUES (4, DATE '2025-11-20', 2, 1, 2, 35, 50, 2025, 11, 1);
INSERT INTO MARKS (MARK_ID, CREATED_AT, COURSE_ID, STUDENT_ID, TYPE_ID, SCORE, MAX_SCORE, ACADEMIC_YEAR, MONTH_NO, IS_APPROVED) VALUES (5, DATE '2025-10-15', 1, 2, 4, 16, 20, 2025, 10, 1);
INSERT INTO MARKS (MARK_ID, CREATED_AT, COURSE_ID, STUDENT_ID, TYPE_ID, SCORE, MAX_SCORE, ACADEMIC_YEAR, MONTH_NO, IS_APPROVED) VALUES (6, DATE '2025-11-20', 1, 2, 2, 36, 50, 2025, 11, 1);
INSERT INTO MARKS (MARK_ID, CREATED_AT, COURSE_ID, STUDENT_ID, TYPE_ID, SCORE, MAX_SCORE, ACADEMIC_YEAR, MONTH_NO, IS_APPROVED) VALUES (7, DATE '2025-10-15', 2, 2, 4, 16, 20, 2025, 10, 1);
INSERT INTO MARKS (MARK_ID, CREATED_AT, COURSE_ID, STUDENT_ID, TYPE_ID, SCORE, MAX_SCORE, ACADEMIC_YEAR, MONTH_NO, IS_APPROVED) VALUES (8, DATE '2025-11-20', 2, 2, 2, 36, 50, 2025, 11, 1);
INSERT INTO MARKS (MARK_ID, CREATED_AT, COURSE_ID, STUDENT_ID, TYPE_ID, SCORE, MAX_SCORE, ACADEMIC_YEAR, MONTH_NO, IS_APPROVED) VALUES (9, DATE '2025-10-15', 1, 3, 4, 17, 20, 2025, 10, 1);
INSERT INTO MARKS (MARK_ID, CREATED_AT, COURSE_ID, STUDENT_ID, TYPE_ID, SCORE, MAX_SCORE, ACADEMIC_YEAR, MONTH_NO, IS_APPROVED) VALUES (10, DATE '2025-11-20', 1, 3, 2, 37, 50, 2025, 11, 1);
INSERT INTO MARKS (MARK_ID, CREATED_AT, COURSE_ID, STUDENT_ID, TYPE_ID, SCORE, MAX_SCORE, ACADEMIC_YEAR, MONTH_NO, IS_APPROVED) VALUES (11, DATE '2025-10-15', 2, 3, 4, 17, 20, 2025, 10, 1);
INSERT INTO MARKS (MARK_ID, CREATED_AT, COURSE_ID, STUDENT_ID, TYPE_ID, SCORE, MAX_SCORE, ACADEMIC_YEAR, MONTH_NO, IS_APPROVED) VALUES (12, DATE '2025-11-20', 2, 3, 2, 37, 50, 2025, 11, 1);
INSERT INTO MARKS (MARK_ID, CREATED_AT, COURSE_ID, STUDENT_ID, TYPE_ID, SCORE, MAX_SCORE, ACADEMIC_YEAR, MONTH_NO, IS_APPROVED) VALUES (13, DATE '2025-10-15', 1, 4, 4, 18, 20, 2025, 10, 1);
INSERT INTO MARKS (MARK_ID, CREATED_AT, COURSE_ID, STUDENT_ID, TYPE_ID, SCORE, MAX_SCORE, ACADEMIC_YEAR, MONTH_NO, IS_APPROVED) VALUES (14, DATE '2025-11-20', 1, 4, 2, 38, 50, 2025, 11, 1);
INSERT INTO MARKS (MARK_ID, CREATED_AT, COURSE_ID, STUDENT_ID, TYPE_ID, SCORE, MAX_SCORE, ACADEMIC_YEAR, MONTH_NO, IS_APPROVED) VALUES (15, DATE '2025-10-15', 2, 4, 4, 18, 20, 2025, 10, 1);
INSERT INTO MARKS (MARK_ID, CREATED_AT, COURSE_ID, STUDENT_ID, TYPE_ID, SCORE, MAX_SCORE, ACADEMIC_YEAR, MONTH_NO, IS_APPROVED) VALUES (16, DATE '2025-11-20', 2, 4, 2, 38, 50, 2025, 11, 1);
INSERT INTO MARKS (MARK_ID, CREATED_AT, COURSE_ID, STUDENT_ID, TYPE_ID, SCORE, MAX_SCORE, ACADEMIC_YEAR, MONTH_NO, IS_APPROVED) VALUES (17, DATE '2025-10-15', 9, 5, 4, 19, 20, 2025, 10, 1);
INSERT INTO MARKS (MARK_ID, CREATED_AT, COURSE_ID, STUDENT_ID, TYPE_ID, SCORE, MAX_SCORE, ACADEMIC_YEAR, MONTH_NO, IS_APPROVED) VALUES (18, DATE '2025-11-20', 9, 5, 2, 39, 50, 2025, 11, 1);
INSERT INTO MARKS (MARK_ID, CREATED_AT, COURSE_ID, STUDENT_ID, TYPE_ID, SCORE, MAX_SCORE, ACADEMIC_YEAR, MONTH_NO, IS_APPROVED) VALUES (19, DATE '2025-10-15', 10, 5, 4, 19, 20, 2025, 10, 1);
INSERT INTO MARKS (MARK_ID, CREATED_AT, COURSE_ID, STUDENT_ID, TYPE_ID, SCORE, MAX_SCORE, ACADEMIC_YEAR, MONTH_NO, IS_APPROVED) VALUES (20, DATE '2025-11-20', 10, 5, 2, 39, 50, 2025, 11, 1);
INSERT INTO MARKS (MARK_ID, CREATED_AT, COURSE_ID, STUDENT_ID, TYPE_ID, SCORE, MAX_SCORE, ACADEMIC_YEAR, MONTH_NO, IS_APPROVED) VALUES (21, DATE '2025-10-15', 9, 6, 4, 20, 20, 2025, 10, 1);
INSERT INTO MARKS (MARK_ID, CREATED_AT, COURSE_ID, STUDENT_ID, TYPE_ID, SCORE, MAX_SCORE, ACADEMIC_YEAR, MONTH_NO, IS_APPROVED) VALUES (22, DATE '2025-11-20', 9, 6, 2, 40, 50, 2025, 11, 1);
INSERT INTO MARKS (MARK_ID, CREATED_AT, COURSE_ID, STUDENT_ID, TYPE_ID, SCORE, MAX_SCORE, ACADEMIC_YEAR, MONTH_NO, IS_APPROVED) VALUES (23, DATE '2025-10-15', 10, 6, 4, 20, 20, 2025, 10, 1);
INSERT INTO MARKS (MARK_ID, CREATED_AT, COURSE_ID, STUDENT_ID, TYPE_ID, SCORE, MAX_SCORE, ACADEMIC_YEAR, MONTH_NO, IS_APPROVED) VALUES (24, DATE '2025-11-20', 10, 6, 2, 40, 50, 2025, 11, 1);
INSERT INTO MARKS (MARK_ID, CREATED_AT, COURSE_ID, STUDENT_ID, TYPE_ID, SCORE, MAX_SCORE, ACADEMIC_YEAR, MONTH_NO, IS_APPROVED) VALUES (25, DATE '2025-10-15', 9, 7, 4, 15, 20, 2025, 10, 1);
INSERT INTO MARKS (MARK_ID, CREATED_AT, COURSE_ID, STUDENT_ID, TYPE_ID, SCORE, MAX_SCORE, ACADEMIC_YEAR, MONTH_NO, IS_APPROVED) VALUES (26, DATE '2025-11-20', 9, 7, 2, 41, 50, 2025, 11, 1);
INSERT INTO MARKS (MARK_ID, CREATED_AT, COURSE_ID, STUDENT_ID, TYPE_ID, SCORE, MAX_SCORE, ACADEMIC_YEAR, MONTH_NO, IS_APPROVED) VALUES (27, DATE '2025-10-15', 10, 7, 4, 15, 20, 2025, 10, 1);
INSERT INTO MARKS (MARK_ID, CREATED_AT, COURSE_ID, STUDENT_ID, TYPE_ID, SCORE, MAX_SCORE, ACADEMIC_YEAR, MONTH_NO, IS_APPROVED) VALUES (28, DATE '2025-11-20', 10, 7, 2, 41, 50, 2025, 11, 1);
INSERT INTO MARKS (MARK_ID, CREATED_AT, COURSE_ID, STUDENT_ID, TYPE_ID, SCORE, MAX_SCORE, ACADEMIC_YEAR, MONTH_NO, IS_APPROVED) VALUES (29, DATE '2025-10-15', 9, 8, 4, 16, 20, 2025, 10, 1);
INSERT INTO MARKS (MARK_ID, CREATED_AT, COURSE_ID, STUDENT_ID, TYPE_ID, SCORE, MAX_SCORE, ACADEMIC_YEAR, MONTH_NO, IS_APPROVED) VALUES (30, DATE '2025-11-20', 9, 8, 2, 42, 50, 2025, 11, 1);
INSERT INTO MARKS (MARK_ID, CREATED_AT, COURSE_ID, STUDENT_ID, TYPE_ID, SCORE, MAX_SCORE, ACADEMIC_YEAR, MONTH_NO, IS_APPROVED) VALUES (31, DATE '2025-10-15', 10, 8, 4, 16, 20, 2025, 10, 1);
INSERT INTO MARKS (MARK_ID, CREATED_AT, COURSE_ID, STUDENT_ID, TYPE_ID, SCORE, MAX_SCORE, ACADEMIC_YEAR, MONTH_NO, IS_APPROVED) VALUES (32, DATE '2025-11-20', 10, 8, 2, 42, 50, 2025, 11, 1);
INSERT INTO MARKS (MARK_ID, CREATED_AT, COURSE_ID, STUDENT_ID, TYPE_ID, SCORE, MAX_SCORE, ACADEMIC_YEAR, MONTH_NO, IS_APPROVED) VALUES (33, DATE '2025-10-15', 17, 9, 4, 17, 20, 2025, 10, 1);
INSERT INTO MARKS (MARK_ID, CREATED_AT, COURSE_ID, STUDENT_ID, TYPE_ID, SCORE, MAX_SCORE, ACADEMIC_YEAR, MONTH_NO, IS_APPROVED) VALUES (34, DATE '2025-11-20', 17, 9, 2, 43, 50, 2025, 11, 1);
INSERT INTO MARKS (MARK_ID, CREATED_AT, COURSE_ID, STUDENT_ID, TYPE_ID, SCORE, MAX_SCORE, ACADEMIC_YEAR, MONTH_NO, IS_APPROVED) VALUES (35, DATE '2025-10-15', 18, 9, 4, 17, 20, 2025, 10, 1);
INSERT INTO MARKS (MARK_ID, CREATED_AT, COURSE_ID, STUDENT_ID, TYPE_ID, SCORE, MAX_SCORE, ACADEMIC_YEAR, MONTH_NO, IS_APPROVED) VALUES (36, DATE '2025-11-20', 18, 9, 2, 43, 50, 2025, 11, 1);
INSERT INTO MARKS (MARK_ID, CREATED_AT, COURSE_ID, STUDENT_ID, TYPE_ID, SCORE, MAX_SCORE, ACADEMIC_YEAR, MONTH_NO, IS_APPROVED) VALUES (37, DATE '2025-10-15', 17, 10, 4, 18, 20, 2025, 10, 1);
INSERT INTO MARKS (MARK_ID, CREATED_AT, COURSE_ID, STUDENT_ID, TYPE_ID, SCORE, MAX_SCORE, ACADEMIC_YEAR, MONTH_NO, IS_APPROVED) VALUES (38, DATE '2025-11-20', 17, 10, 2, 44, 50, 2025, 11, 1);
INSERT INTO MARKS (MARK_ID, CREATED_AT, COURSE_ID, STUDENT_ID, TYPE_ID, SCORE, MAX_SCORE, ACADEMIC_YEAR, MONTH_NO, IS_APPROVED) VALUES (39, DATE '2025-10-15', 18, 10, 4, 18, 20, 2025, 10, 1);
INSERT INTO MARKS (MARK_ID, CREATED_AT, COURSE_ID, STUDENT_ID, TYPE_ID, SCORE, MAX_SCORE, ACADEMIC_YEAR, MONTH_NO, IS_APPROVED) VALUES (40, DATE '2025-11-20', 18, 10, 2, 44, 50, 2025, 11, 1);
INSERT INTO MARKS (MARK_ID, CREATED_AT, COURSE_ID, STUDENT_ID, TYPE_ID, SCORE, MAX_SCORE, ACADEMIC_YEAR, MONTH_NO, IS_APPROVED) VALUES (41, DATE '2025-10-15', 17, 11, 4, 19, 20, 2025, 10, 1);
INSERT INTO MARKS (MARK_ID, CREATED_AT, COURSE_ID, STUDENT_ID, TYPE_ID, SCORE, MAX_SCORE, ACADEMIC_YEAR, MONTH_NO, IS_APPROVED) VALUES (42, DATE '2025-11-20', 17, 11, 2, 45, 50, 2025, 11, 1);
INSERT INTO MARKS (MARK_ID, CREATED_AT, COURSE_ID, STUDENT_ID, TYPE_ID, SCORE, MAX_SCORE, ACADEMIC_YEAR, MONTH_NO, IS_APPROVED) VALUES (43, DATE '2025-10-15', 18, 11, 4, 19, 20, 2025, 10, 1);
INSERT INTO MARKS (MARK_ID, CREATED_AT, COURSE_ID, STUDENT_ID, TYPE_ID, SCORE, MAX_SCORE, ACADEMIC_YEAR, MONTH_NO, IS_APPROVED) VALUES (44, DATE '2025-11-20', 18, 11, 2, 45, 50, 2025, 11, 1);
INSERT INTO MARKS (MARK_ID, CREATED_AT, COURSE_ID, STUDENT_ID, TYPE_ID, SCORE, MAX_SCORE, ACADEMIC_YEAR, MONTH_NO, IS_APPROVED) VALUES (45, DATE '2025-10-15', 17, 12, 4, 20, 20, 2025, 10, 1);
INSERT INTO MARKS (MARK_ID, CREATED_AT, COURSE_ID, STUDENT_ID, TYPE_ID, SCORE, MAX_SCORE, ACADEMIC_YEAR, MONTH_NO, IS_APPROVED) VALUES (46, DATE '2025-11-20', 17, 12, 2, 46, 50, 2025, 11, 1);
INSERT INTO MARKS (MARK_ID, CREATED_AT, COURSE_ID, STUDENT_ID, TYPE_ID, SCORE, MAX_SCORE, ACADEMIC_YEAR, MONTH_NO, IS_APPROVED) VALUES (47, DATE '2025-10-15', 18, 12, 4, 20, 20, 2025, 10, 1);
INSERT INTO MARKS (MARK_ID, CREATED_AT, COURSE_ID, STUDENT_ID, TYPE_ID, SCORE, MAX_SCORE, ACADEMIC_YEAR, MONTH_NO, IS_APPROVED) VALUES (48, DATE '2025-11-20', 18, 12, 2, 46, 50, 2025, 11, 1);
INSERT INTO MARKS (MARK_ID, CREATED_AT, COURSE_ID, STUDENT_ID, TYPE_ID, SCORE, MAX_SCORE, ACADEMIC_YEAR, MONTH_NO, IS_APPROVED) VALUES (49, DATE '2025-10-15', 1, 13, 4, 15, 20, 2025, 10, 1);
INSERT INTO MARKS (MARK_ID, CREATED_AT, COURSE_ID, STUDENT_ID, TYPE_ID, SCORE, MAX_SCORE, ACADEMIC_YEAR, MONTH_NO, IS_APPROVED) VALUES (50, DATE '2025-11-20', 1, 13, 2, 47, 50, 2025, 11, 1);
INSERT INTO MARKS (MARK_ID, CREATED_AT, COURSE_ID, STUDENT_ID, TYPE_ID, SCORE, MAX_SCORE, ACADEMIC_YEAR, MONTH_NO, IS_APPROVED) VALUES (51, DATE '2025-10-15', 2, 13, 4, 15, 20, 2025, 10, 1);
INSERT INTO MARKS (MARK_ID, CREATED_AT, COURSE_ID, STUDENT_ID, TYPE_ID, SCORE, MAX_SCORE, ACADEMIC_YEAR, MONTH_NO, IS_APPROVED) VALUES (52, DATE '2025-11-20', 2, 13, 2, 47, 50, 2025, 11, 1);
INSERT INTO MARKS (MARK_ID, CREATED_AT, COURSE_ID, STUDENT_ID, TYPE_ID, SCORE, MAX_SCORE, ACADEMIC_YEAR, MONTH_NO, IS_APPROVED) VALUES (53, DATE '2025-10-15', 1, 14, 4, 16, 20, 2025, 10, 1);
INSERT INTO MARKS (MARK_ID, CREATED_AT, COURSE_ID, STUDENT_ID, TYPE_ID, SCORE, MAX_SCORE, ACADEMIC_YEAR, MONTH_NO, IS_APPROVED) VALUES (54, DATE '2025-11-20', 1, 14, 2, 48, 50, 2025, 11, 1);
INSERT INTO MARKS (MARK_ID, CREATED_AT, COURSE_ID, STUDENT_ID, TYPE_ID, SCORE, MAX_SCORE, ACADEMIC_YEAR, MONTH_NO, IS_APPROVED) VALUES (55, DATE '2025-10-15', 2, 14, 4, 16, 20, 2025, 10, 1);
INSERT INTO MARKS (MARK_ID, CREATED_AT, COURSE_ID, STUDENT_ID, TYPE_ID, SCORE, MAX_SCORE, ACADEMIC_YEAR, MONTH_NO, IS_APPROVED) VALUES (56, DATE '2025-11-20', 2, 14, 2, 48, 50, 2025, 11, 1);
INSERT INTO MARKS (MARK_ID, CREATED_AT, COURSE_ID, STUDENT_ID, TYPE_ID, SCORE, MAX_SCORE, ACADEMIC_YEAR, MONTH_NO, IS_APPROVED) VALUES (57, DATE '2025-10-15', 1, 15, 4, 17, 20, 2025, 10, 1);
INSERT INTO MARKS (MARK_ID, CREATED_AT, COURSE_ID, STUDENT_ID, TYPE_ID, SCORE, MAX_SCORE, ACADEMIC_YEAR, MONTH_NO, IS_APPROVED) VALUES (58, DATE '2025-11-20', 1, 15, 2, 49, 50, 2025, 11, 1);
INSERT INTO MARKS (MARK_ID, CREATED_AT, COURSE_ID, STUDENT_ID, TYPE_ID, SCORE, MAX_SCORE, ACADEMIC_YEAR, MONTH_NO, IS_APPROVED) VALUES (59, DATE '2025-10-15', 2, 15, 4, 17, 20, 2025, 10, 1);
INSERT INTO MARKS (MARK_ID, CREATED_AT, COURSE_ID, STUDENT_ID, TYPE_ID, SCORE, MAX_SCORE, ACADEMIC_YEAR, MONTH_NO, IS_APPROVED) VALUES (60, DATE '2025-11-20', 2, 15, 2, 49, 50, 2025, 11, 1);
INSERT INTO MARKS (MARK_ID, CREATED_AT, COURSE_ID, STUDENT_ID, TYPE_ID, SCORE, MAX_SCORE, ACADEMIC_YEAR, MONTH_NO, IS_APPROVED) VALUES (61, DATE '2025-10-15', 1, 16, 4, 18, 20, 2025, 10, 1);
INSERT INTO MARKS (MARK_ID, CREATED_AT, COURSE_ID, STUDENT_ID, TYPE_ID, SCORE, MAX_SCORE, ACADEMIC_YEAR, MONTH_NO, IS_APPROVED) VALUES (62, DATE '2025-11-20', 1, 16, 2, 50, 50, 2025, 11, 1);
INSERT INTO MARKS (MARK_ID, CREATED_AT, COURSE_ID, STUDENT_ID, TYPE_ID, SCORE, MAX_SCORE, ACADEMIC_YEAR, MONTH_NO, IS_APPROVED) VALUES (63, DATE '2025-10-15', 2, 16, 4, 18, 20, 2025, 10, 1);
INSERT INTO MARKS (MARK_ID, CREATED_AT, COURSE_ID, STUDENT_ID, TYPE_ID, SCORE, MAX_SCORE, ACADEMIC_YEAR, MONTH_NO, IS_APPROVED) VALUES (64, DATE '2025-11-20', 2, 16, 2, 50, 50, 2025, 11, 1);
INSERT INTO MARKS (MARK_ID, CREATED_AT, COURSE_ID, STUDENT_ID, TYPE_ID, SCORE, MAX_SCORE, ACADEMIC_YEAR, MONTH_NO, IS_APPROVED) VALUES (65, DATE '2025-10-15', 9, 17, 4, 19, 20, 2025, 10, 1);
INSERT INTO MARKS (MARK_ID, CREATED_AT, COURSE_ID, STUDENT_ID, TYPE_ID, SCORE, MAX_SCORE, ACADEMIC_YEAR, MONTH_NO, IS_APPROVED) VALUES (66, DATE '2025-11-20', 9, 17, 2, 35, 50, 2025, 11, 1);
INSERT INTO MARKS (MARK_ID, CREATED_AT, COURSE_ID, STUDENT_ID, TYPE_ID, SCORE, MAX_SCORE, ACADEMIC_YEAR, MONTH_NO, IS_APPROVED) VALUES (67, DATE '2025-10-15', 10, 17, 4, 19, 20, 2025, 10, 1);
INSERT INTO MARKS (MARK_ID, CREATED_AT, COURSE_ID, STUDENT_ID, TYPE_ID, SCORE, MAX_SCORE, ACADEMIC_YEAR, MONTH_NO, IS_APPROVED) VALUES (68, DATE '2025-11-20', 10, 17, 2, 35, 50, 2025, 11, 1);
INSERT INTO MARKS (MARK_ID, CREATED_AT, COURSE_ID, STUDENT_ID, TYPE_ID, SCORE, MAX_SCORE, ACADEMIC_YEAR, MONTH_NO, IS_APPROVED) VALUES (69, DATE '2025-10-15', 9, 18, 4, 20, 20, 2025, 10, 1);
INSERT INTO MARKS (MARK_ID, CREATED_AT, COURSE_ID, STUDENT_ID, TYPE_ID, SCORE, MAX_SCORE, ACADEMIC_YEAR, MONTH_NO, IS_APPROVED) VALUES (70, DATE '2025-11-20', 9, 18, 2, 36, 50, 2025, 11, 1);
INSERT INTO MARKS (MARK_ID, CREATED_AT, COURSE_ID, STUDENT_ID, TYPE_ID, SCORE, MAX_SCORE, ACADEMIC_YEAR, MONTH_NO, IS_APPROVED) VALUES (71, DATE '2025-10-15', 10, 18, 4, 20, 20, 2025, 10, 1);
INSERT INTO MARKS (MARK_ID, CREATED_AT, COURSE_ID, STUDENT_ID, TYPE_ID, SCORE, MAX_SCORE, ACADEMIC_YEAR, MONTH_NO, IS_APPROVED) VALUES (72, DATE '2025-11-20', 10, 18, 2, 36, 50, 2025, 11, 1);
INSERT INTO MARKS (MARK_ID, CREATED_AT, COURSE_ID, STUDENT_ID, TYPE_ID, SCORE, MAX_SCORE, ACADEMIC_YEAR, MONTH_NO, IS_APPROVED) VALUES (73, DATE '2025-10-15', 9, 19, 4, 15, 20, 2025, 10, 1);
INSERT INTO MARKS (MARK_ID, CREATED_AT, COURSE_ID, STUDENT_ID, TYPE_ID, SCORE, MAX_SCORE, ACADEMIC_YEAR, MONTH_NO, IS_APPROVED) VALUES (74, DATE '2025-11-20', 9, 19, 2, 37, 50, 2025, 11, 1);
INSERT INTO MARKS (MARK_ID, CREATED_AT, COURSE_ID, STUDENT_ID, TYPE_ID, SCORE, MAX_SCORE, ACADEMIC_YEAR, MONTH_NO, IS_APPROVED) VALUES (75, DATE '2025-10-15', 10, 19, 4, 15, 20, 2025, 10, 1);
INSERT INTO MARKS (MARK_ID, CREATED_AT, COURSE_ID, STUDENT_ID, TYPE_ID, SCORE, MAX_SCORE, ACADEMIC_YEAR, MONTH_NO, IS_APPROVED) VALUES (76, DATE '2025-11-20', 10, 19, 2, 37, 50, 2025, 11, 1);
INSERT INTO MARKS (MARK_ID, CREATED_AT, COURSE_ID, STUDENT_ID, TYPE_ID, SCORE, MAX_SCORE, ACADEMIC_YEAR, MONTH_NO, IS_APPROVED) VALUES (77, DATE '2025-10-15', 9, 20, 4, 16, 20, 2025, 10, 1);
INSERT INTO MARKS (MARK_ID, CREATED_AT, COURSE_ID, STUDENT_ID, TYPE_ID, SCORE, MAX_SCORE, ACADEMIC_YEAR, MONTH_NO, IS_APPROVED) VALUES (78, DATE '2025-11-20', 9, 20, 2, 38, 50, 2025, 11, 1);
INSERT INTO MARKS (MARK_ID, CREATED_AT, COURSE_ID, STUDENT_ID, TYPE_ID, SCORE, MAX_SCORE, ACADEMIC_YEAR, MONTH_NO, IS_APPROVED) VALUES (79, DATE '2025-10-15', 10, 20, 4, 16, 20, 2025, 10, 1);
INSERT INTO MARKS (MARK_ID, CREATED_AT, COURSE_ID, STUDENT_ID, TYPE_ID, SCORE, MAX_SCORE, ACADEMIC_YEAR, MONTH_NO, IS_APPROVED) VALUES (80, DATE '2025-11-20', 10, 20, 2, 38, 50, 2025, 11, 1);
INSERT INTO MARKS (MARK_ID, CREATED_AT, COURSE_ID, STUDENT_ID, TYPE_ID, SCORE, MAX_SCORE, ACADEMIC_YEAR, MONTH_NO, IS_APPROVED) VALUES (81, DATE '2025-10-15', 17, 21, 4, 17, 20, 2025, 10, 1);
INSERT INTO MARKS (MARK_ID, CREATED_AT, COURSE_ID, STUDENT_ID, TYPE_ID, SCORE, MAX_SCORE, ACADEMIC_YEAR, MONTH_NO, IS_APPROVED) VALUES (82, DATE '2025-11-20', 17, 21, 2, 39, 50, 2025, 11, 1);
INSERT INTO MARKS (MARK_ID, CREATED_AT, COURSE_ID, STUDENT_ID, TYPE_ID, SCORE, MAX_SCORE, ACADEMIC_YEAR, MONTH_NO, IS_APPROVED) VALUES (83, DATE '2025-10-15', 18, 21, 4, 17, 20, 2025, 10, 1);
INSERT INTO MARKS (MARK_ID, CREATED_AT, COURSE_ID, STUDENT_ID, TYPE_ID, SCORE, MAX_SCORE, ACADEMIC_YEAR, MONTH_NO, IS_APPROVED) VALUES (84, DATE '2025-11-20', 18, 21, 2, 39, 50, 2025, 11, 1);
INSERT INTO MARKS (MARK_ID, CREATED_AT, COURSE_ID, STUDENT_ID, TYPE_ID, SCORE, MAX_SCORE, ACADEMIC_YEAR, MONTH_NO, IS_APPROVED) VALUES (85, DATE '2025-10-15', 17, 22, 4, 18, 20, 2025, 10, 1);
INSERT INTO MARKS (MARK_ID, CREATED_AT, COURSE_ID, STUDENT_ID, TYPE_ID, SCORE, MAX_SCORE, ACADEMIC_YEAR, MONTH_NO, IS_APPROVED) VALUES (86, DATE '2025-11-20', 17, 22, 2, 40, 50, 2025, 11, 1);
INSERT INTO MARKS (MARK_ID, CREATED_AT, COURSE_ID, STUDENT_ID, TYPE_ID, SCORE, MAX_SCORE, ACADEMIC_YEAR, MONTH_NO, IS_APPROVED) VALUES (87, DATE '2025-10-15', 18, 22, 4, 18, 20, 2025, 10, 1);
INSERT INTO MARKS (MARK_ID, CREATED_AT, COURSE_ID, STUDENT_ID, TYPE_ID, SCORE, MAX_SCORE, ACADEMIC_YEAR, MONTH_NO, IS_APPROVED) VALUES (88, DATE '2025-11-20', 18, 22, 2, 40, 50, 2025, 11, 1);
INSERT INTO MARKS (MARK_ID, CREATED_AT, COURSE_ID, STUDENT_ID, TYPE_ID, SCORE, MAX_SCORE, ACADEMIC_YEAR, MONTH_NO, IS_APPROVED) VALUES (89, DATE '2025-10-15', 17, 23, 4, 19, 20, 2025, 10, 1);
INSERT INTO MARKS (MARK_ID, CREATED_AT, COURSE_ID, STUDENT_ID, TYPE_ID, SCORE, MAX_SCORE, ACADEMIC_YEAR, MONTH_NO, IS_APPROVED) VALUES (90, DATE '2025-11-20', 17, 23, 2, 41, 50, 2025, 11, 1);
INSERT INTO MARKS (MARK_ID, CREATED_AT, COURSE_ID, STUDENT_ID, TYPE_ID, SCORE, MAX_SCORE, ACADEMIC_YEAR, MONTH_NO, IS_APPROVED) VALUES (91, DATE '2025-10-15', 18, 23, 4, 19, 20, 2025, 10, 1);
INSERT INTO MARKS (MARK_ID, CREATED_AT, COURSE_ID, STUDENT_ID, TYPE_ID, SCORE, MAX_SCORE, ACADEMIC_YEAR, MONTH_NO, IS_APPROVED) VALUES (92, DATE '2025-11-20', 18, 23, 2, 41, 50, 2025, 11, 1);
INSERT INTO MARKS (MARK_ID, CREATED_AT, COURSE_ID, STUDENT_ID, TYPE_ID, SCORE, MAX_SCORE, ACADEMIC_YEAR, MONTH_NO, IS_APPROVED) VALUES (93, DATE '2025-10-15', 17, 24, 4, 20, 20, 2025, 10, 1);
INSERT INTO MARKS (MARK_ID, CREATED_AT, COURSE_ID, STUDENT_ID, TYPE_ID, SCORE, MAX_SCORE, ACADEMIC_YEAR, MONTH_NO, IS_APPROVED) VALUES (94, DATE '2025-11-20', 17, 24, 2, 42, 50, 2025, 11, 1);
INSERT INTO MARKS (MARK_ID, CREATED_AT, COURSE_ID, STUDENT_ID, TYPE_ID, SCORE, MAX_SCORE, ACADEMIC_YEAR, MONTH_NO, IS_APPROVED) VALUES (95, DATE '2025-10-15', 18, 24, 4, 20, 20, 2025, 10, 1);
INSERT INTO MARKS (MARK_ID, CREATED_AT, COURSE_ID, STUDENT_ID, TYPE_ID, SCORE, MAX_SCORE, ACADEMIC_YEAR, MONTH_NO, IS_APPROVED) VALUES (96, DATE '2025-11-20', 18, 24, 2, 42, 50, 2025, 11, 1);
INSERT INTO MARKS (MARK_ID, CREATED_AT, COURSE_ID, STUDENT_ID, TYPE_ID, SCORE, MAX_SCORE, ACADEMIC_YEAR, MONTH_NO, IS_APPROVED) VALUES (97, DATE '2025-10-15', 1, 25, 4, 15, 20, 2025, 10, 1);
INSERT INTO MARKS (MARK_ID, CREATED_AT, COURSE_ID, STUDENT_ID, TYPE_ID, SCORE, MAX_SCORE, ACADEMIC_YEAR, MONTH_NO, IS_APPROVED) VALUES (98, DATE '2025-11-20', 1, 25, 2, 43, 50, 2025, 11, 1);
INSERT INTO MARKS (MARK_ID, CREATED_AT, COURSE_ID, STUDENT_ID, TYPE_ID, SCORE, MAX_SCORE, ACADEMIC_YEAR, MONTH_NO, IS_APPROVED) VALUES (99, DATE '2025-10-15', 2, 25, 4, 15, 20, 2025, 10, 1);
INSERT INTO MARKS (MARK_ID, CREATED_AT, COURSE_ID, STUDENT_ID, TYPE_ID, SCORE, MAX_SCORE, ACADEMIC_YEAR, MONTH_NO, IS_APPROVED) VALUES (100, DATE '2025-11-20', 2, 25, 2, 43, 50, 2025, 11, 1);
INSERT INTO MARKS (MARK_ID, CREATED_AT, COURSE_ID, STUDENT_ID, TYPE_ID, SCORE, MAX_SCORE, ACADEMIC_YEAR, MONTH_NO, IS_APPROVED) VALUES (101, DATE '2025-10-15', 1, 26, 4, 16, 20, 2025, 10, 1);
INSERT INTO MARKS (MARK_ID, CREATED_AT, COURSE_ID, STUDENT_ID, TYPE_ID, SCORE, MAX_SCORE, ACADEMIC_YEAR, MONTH_NO, IS_APPROVED) VALUES (102, DATE '2025-11-20', 1, 26, 2, 44, 50, 2025, 11, 1);
INSERT INTO MARKS (MARK_ID, CREATED_AT, COURSE_ID, STUDENT_ID, TYPE_ID, SCORE, MAX_SCORE, ACADEMIC_YEAR, MONTH_NO, IS_APPROVED) VALUES (103, DATE '2025-10-15', 2, 26, 4, 16, 20, 2025, 10, 1);
INSERT INTO MARKS (MARK_ID, CREATED_AT, COURSE_ID, STUDENT_ID, TYPE_ID, SCORE, MAX_SCORE, ACADEMIC_YEAR, MONTH_NO, IS_APPROVED) VALUES (104, DATE '2025-11-20', 2, 26, 2, 44, 50, 2025, 11, 1);
INSERT INTO MARKS (MARK_ID, CREATED_AT, COURSE_ID, STUDENT_ID, TYPE_ID, SCORE, MAX_SCORE, ACADEMIC_YEAR, MONTH_NO, IS_APPROVED) VALUES (105, DATE '2025-10-15', 1, 27, 4, 17, 20, 2025, 10, 1);
INSERT INTO MARKS (MARK_ID, CREATED_AT, COURSE_ID, STUDENT_ID, TYPE_ID, SCORE, MAX_SCORE, ACADEMIC_YEAR, MONTH_NO, IS_APPROVED) VALUES (106, DATE '2025-11-20', 1, 27, 2, 45, 50, 2025, 11, 1);
INSERT INTO MARKS (MARK_ID, CREATED_AT, COURSE_ID, STUDENT_ID, TYPE_ID, SCORE, MAX_SCORE, ACADEMIC_YEAR, MONTH_NO, IS_APPROVED) VALUES (107, DATE '2025-10-15', 2, 27, 4, 17, 20, 2025, 10, 1);
INSERT INTO MARKS (MARK_ID, CREATED_AT, COURSE_ID, STUDENT_ID, TYPE_ID, SCORE, MAX_SCORE, ACADEMIC_YEAR, MONTH_NO, IS_APPROVED) VALUES (108, DATE '2025-11-20', 2, 27, 2, 45, 50, 2025, 11, 1);
INSERT INTO MARKS (MARK_ID, CREATED_AT, COURSE_ID, STUDENT_ID, TYPE_ID, SCORE, MAX_SCORE, ACADEMIC_YEAR, MONTH_NO, IS_APPROVED) VALUES (109, DATE '2025-10-15', 1, 28, 4, 18, 20, 2025, 10, 1);
INSERT INTO MARKS (MARK_ID, CREATED_AT, COURSE_ID, STUDENT_ID, TYPE_ID, SCORE, MAX_SCORE, ACADEMIC_YEAR, MONTH_NO, IS_APPROVED) VALUES (110, DATE '2025-11-20', 1, 28, 2, 46, 50, 2025, 11, 1);
INSERT INTO MARKS (MARK_ID, CREATED_AT, COURSE_ID, STUDENT_ID, TYPE_ID, SCORE, MAX_SCORE, ACADEMIC_YEAR, MONTH_NO, IS_APPROVED) VALUES (111, DATE '2025-10-15', 2, 28, 4, 18, 20, 2025, 10, 1);
INSERT INTO MARKS (MARK_ID, CREATED_AT, COURSE_ID, STUDENT_ID, TYPE_ID, SCORE, MAX_SCORE, ACADEMIC_YEAR, MONTH_NO, IS_APPROVED) VALUES (112, DATE '2025-11-20', 2, 28, 2, 46, 50, 2025, 11, 1);
INSERT INTO MARKS (MARK_ID, CREATED_AT, COURSE_ID, STUDENT_ID, TYPE_ID, SCORE, MAX_SCORE, ACADEMIC_YEAR, MONTH_NO, IS_APPROVED) VALUES (113, DATE '2025-10-15', 9, 29, 4, 19, 20, 2025, 10, 1);
INSERT INTO MARKS (MARK_ID, CREATED_AT, COURSE_ID, STUDENT_ID, TYPE_ID, SCORE, MAX_SCORE, ACADEMIC_YEAR, MONTH_NO, IS_APPROVED) VALUES (114, DATE '2025-11-20', 9, 29, 2, 47, 50, 2025, 11, 1);
INSERT INTO MARKS (MARK_ID, CREATED_AT, COURSE_ID, STUDENT_ID, TYPE_ID, SCORE, MAX_SCORE, ACADEMIC_YEAR, MONTH_NO, IS_APPROVED) VALUES (115, DATE '2025-10-15', 10, 29, 4, 19, 20, 2025, 10, 1);
INSERT INTO MARKS (MARK_ID, CREATED_AT, COURSE_ID, STUDENT_ID, TYPE_ID, SCORE, MAX_SCORE, ACADEMIC_YEAR, MONTH_NO, IS_APPROVED) VALUES (116, DATE '2025-11-20', 10, 29, 2, 47, 50, 2025, 11, 1);
INSERT INTO MARKS (MARK_ID, CREATED_AT, COURSE_ID, STUDENT_ID, TYPE_ID, SCORE, MAX_SCORE, ACADEMIC_YEAR, MONTH_NO, IS_APPROVED) VALUES (117, DATE '2025-10-15', 9, 30, 4, 20, 20, 2025, 10, 1);
INSERT INTO MARKS (MARK_ID, CREATED_AT, COURSE_ID, STUDENT_ID, TYPE_ID, SCORE, MAX_SCORE, ACADEMIC_YEAR, MONTH_NO, IS_APPROVED) VALUES (118, DATE '2025-11-20', 9, 30, 2, 48, 50, 2025, 11, 1);
INSERT INTO MARKS (MARK_ID, CREATED_AT, COURSE_ID, STUDENT_ID, TYPE_ID, SCORE, MAX_SCORE, ACADEMIC_YEAR, MONTH_NO, IS_APPROVED) VALUES (119, DATE '2025-10-15', 10, 30, 4, 20, 20, 2025, 10, 1);
INSERT INTO MARKS (MARK_ID, CREATED_AT, COURSE_ID, STUDENT_ID, TYPE_ID, SCORE, MAX_SCORE, ACADEMIC_YEAR, MONTH_NO, IS_APPROVED) VALUES (120, DATE '2025-11-20', 10, 30, 2, 48, 50, 2025, 11, 1);
INSERT INTO MARKS (MARK_ID, CREATED_AT, COURSE_ID, STUDENT_ID, TYPE_ID, SCORE, MAX_SCORE, ACADEMIC_YEAR, MONTH_NO, IS_APPROVED) VALUES (121, DATE '2025-10-15', 9, 31, 4, 15, 20, 2025, 10, 1);
INSERT INTO MARKS (MARK_ID, CREATED_AT, COURSE_ID, STUDENT_ID, TYPE_ID, SCORE, MAX_SCORE, ACADEMIC_YEAR, MONTH_NO, IS_APPROVED) VALUES (122, DATE '2025-11-20', 9, 31, 2, 49, 50, 2025, 11, 1);
INSERT INTO MARKS (MARK_ID, CREATED_AT, COURSE_ID, STUDENT_ID, TYPE_ID, SCORE, MAX_SCORE, ACADEMIC_YEAR, MONTH_NO, IS_APPROVED) VALUES (123, DATE '2025-10-15', 10, 31, 4, 15, 20, 2025, 10, 1);
INSERT INTO MARKS (MARK_ID, CREATED_AT, COURSE_ID, STUDENT_ID, TYPE_ID, SCORE, MAX_SCORE, ACADEMIC_YEAR, MONTH_NO, IS_APPROVED) VALUES (124, DATE '2025-11-20', 10, 31, 2, 49, 50, 2025, 11, 1);
INSERT INTO MARKS (MARK_ID, CREATED_AT, COURSE_ID, STUDENT_ID, TYPE_ID, SCORE, MAX_SCORE, ACADEMIC_YEAR, MONTH_NO, IS_APPROVED) VALUES (125, DATE '2025-10-15', 9, 32, 4, 16, 20, 2025, 10, 1);
INSERT INTO MARKS (MARK_ID, CREATED_AT, COURSE_ID, STUDENT_ID, TYPE_ID, SCORE, MAX_SCORE, ACADEMIC_YEAR, MONTH_NO, IS_APPROVED) VALUES (126, DATE '2025-11-20', 9, 32, 2, 50, 50, 2025, 11, 1);
INSERT INTO MARKS (MARK_ID, CREATED_AT, COURSE_ID, STUDENT_ID, TYPE_ID, SCORE, MAX_SCORE, ACADEMIC_YEAR, MONTH_NO, IS_APPROVED) VALUES (127, DATE '2025-10-15', 10, 32, 4, 16, 20, 2025, 10, 1);
INSERT INTO MARKS (MARK_ID, CREATED_AT, COURSE_ID, STUDENT_ID, TYPE_ID, SCORE, MAX_SCORE, ACADEMIC_YEAR, MONTH_NO, IS_APPROVED) VALUES (128, DATE '2025-11-20', 10, 32, 2, 50, 50, 2025, 11, 1);
INSERT INTO MARKS (MARK_ID, CREATED_AT, COURSE_ID, STUDENT_ID, TYPE_ID, SCORE, MAX_SCORE, ACADEMIC_YEAR, MONTH_NO, IS_APPROVED) VALUES (129, DATE '2025-10-15', 17, 33, 4, 17, 20, 2025, 10, 1);
INSERT INTO MARKS (MARK_ID, CREATED_AT, COURSE_ID, STUDENT_ID, TYPE_ID, SCORE, MAX_SCORE, ACADEMIC_YEAR, MONTH_NO, IS_APPROVED) VALUES (130, DATE '2025-11-20', 17, 33, 2, 35, 50, 2025, 11, 1);
INSERT INTO MARKS (MARK_ID, CREATED_AT, COURSE_ID, STUDENT_ID, TYPE_ID, SCORE, MAX_SCORE, ACADEMIC_YEAR, MONTH_NO, IS_APPROVED) VALUES (131, DATE '2025-10-15', 18, 33, 4, 17, 20, 2025, 10, 1);
INSERT INTO MARKS (MARK_ID, CREATED_AT, COURSE_ID, STUDENT_ID, TYPE_ID, SCORE, MAX_SCORE, ACADEMIC_YEAR, MONTH_NO, IS_APPROVED) VALUES (132, DATE '2025-11-20', 18, 33, 2, 35, 50, 2025, 11, 1);
INSERT INTO MARKS (MARK_ID, CREATED_AT, COURSE_ID, STUDENT_ID, TYPE_ID, SCORE, MAX_SCORE, ACADEMIC_YEAR, MONTH_NO, IS_APPROVED) VALUES (133, DATE '2025-10-15', 17, 34, 4, 18, 20, 2025, 10, 1);
INSERT INTO MARKS (MARK_ID, CREATED_AT, COURSE_ID, STUDENT_ID, TYPE_ID, SCORE, MAX_SCORE, ACADEMIC_YEAR, MONTH_NO, IS_APPROVED) VALUES (134, DATE '2025-11-20', 17, 34, 2, 36, 50, 2025, 11, 1);
INSERT INTO MARKS (MARK_ID, CREATED_AT, COURSE_ID, STUDENT_ID, TYPE_ID, SCORE, MAX_SCORE, ACADEMIC_YEAR, MONTH_NO, IS_APPROVED) VALUES (135, DATE '2025-10-15', 18, 34, 4, 18, 20, 2025, 10, 1);
INSERT INTO MARKS (MARK_ID, CREATED_AT, COURSE_ID, STUDENT_ID, TYPE_ID, SCORE, MAX_SCORE, ACADEMIC_YEAR, MONTH_NO, IS_APPROVED) VALUES (136, DATE '2025-11-20', 18, 34, 2, 36, 50, 2025, 11, 1);
INSERT INTO MARKS (MARK_ID, CREATED_AT, COURSE_ID, STUDENT_ID, TYPE_ID, SCORE, MAX_SCORE, ACADEMIC_YEAR, MONTH_NO, IS_APPROVED) VALUES (137, DATE '2025-10-15', 17, 35, 4, 19, 20, 2025, 10, 1);
INSERT INTO MARKS (MARK_ID, CREATED_AT, COURSE_ID, STUDENT_ID, TYPE_ID, SCORE, MAX_SCORE, ACADEMIC_YEAR, MONTH_NO, IS_APPROVED) VALUES (138, DATE '2025-11-20', 17, 35, 2, 37, 50, 2025, 11, 1);
INSERT INTO MARKS (MARK_ID, CREATED_AT, COURSE_ID, STUDENT_ID, TYPE_ID, SCORE, MAX_SCORE, ACADEMIC_YEAR, MONTH_NO, IS_APPROVED) VALUES (139, DATE '2025-10-15', 18, 35, 4, 19, 20, 2025, 10, 1);
INSERT INTO MARKS (MARK_ID, CREATED_AT, COURSE_ID, STUDENT_ID, TYPE_ID, SCORE, MAX_SCORE, ACADEMIC_YEAR, MONTH_NO, IS_APPROVED) VALUES (140, DATE '2025-11-20', 18, 35, 2, 37, 50, 2025, 11, 1);
INSERT INTO MARKS (MARK_ID, CREATED_AT, COURSE_ID, STUDENT_ID, TYPE_ID, SCORE, MAX_SCORE, ACADEMIC_YEAR, MONTH_NO, IS_APPROVED) VALUES (141, DATE '2025-10-15', 17, 36, 4, 20, 20, 2025, 10, 1);
INSERT INTO MARKS (MARK_ID, CREATED_AT, COURSE_ID, STUDENT_ID, TYPE_ID, SCORE, MAX_SCORE, ACADEMIC_YEAR, MONTH_NO, IS_APPROVED) VALUES (142, DATE '2025-11-20', 17, 36, 2, 38, 50, 2025, 11, 1);
INSERT INTO MARKS (MARK_ID, CREATED_AT, COURSE_ID, STUDENT_ID, TYPE_ID, SCORE, MAX_SCORE, ACADEMIC_YEAR, MONTH_NO, IS_APPROVED) VALUES (143, DATE '2025-10-15', 18, 36, 4, 20, 20, 2025, 10, 1);
INSERT INTO MARKS (MARK_ID, CREATED_AT, COURSE_ID, STUDENT_ID, TYPE_ID, SCORE, MAX_SCORE, ACADEMIC_YEAR, MONTH_NO, IS_APPROVED) VALUES (144, DATE '2025-11-20', 18, 36, 2, 38, 50, 2025, 11, 1);
INSERT INTO MARKS (MARK_ID, CREATED_AT, COURSE_ID, STUDENT_ID, TYPE_ID, SCORE, MAX_SCORE, ACADEMIC_YEAR, MONTH_NO, IS_APPROVED) VALUES (145, DATE '2025-10-15', 1, 37, 4, 15, 20, 2025, 10, 1);
INSERT INTO MARKS (MARK_ID, CREATED_AT, COURSE_ID, STUDENT_ID, TYPE_ID, SCORE, MAX_SCORE, ACADEMIC_YEAR, MONTH_NO, IS_APPROVED) VALUES (146, DATE '2025-11-20', 1, 37, 2, 39, 50, 2025, 11, 1);
INSERT INTO MARKS (MARK_ID, CREATED_AT, COURSE_ID, STUDENT_ID, TYPE_ID, SCORE, MAX_SCORE, ACADEMIC_YEAR, MONTH_NO, IS_APPROVED) VALUES (147, DATE '2025-10-15', 2, 37, 4, 15, 20, 2025, 10, 1);
INSERT INTO MARKS (MARK_ID, CREATED_AT, COURSE_ID, STUDENT_ID, TYPE_ID, SCORE, MAX_SCORE, ACADEMIC_YEAR, MONTH_NO, IS_APPROVED) VALUES (148, DATE '2025-11-20', 2, 37, 2, 39, 50, 2025, 11, 1);
INSERT INTO MARKS (MARK_ID, CREATED_AT, COURSE_ID, STUDENT_ID, TYPE_ID, SCORE, MAX_SCORE, ACADEMIC_YEAR, MONTH_NO, IS_APPROVED) VALUES (149, DATE '2025-10-15', 1, 38, 4, 16, 20, 2025, 10, 1);
INSERT INTO MARKS (MARK_ID, CREATED_AT, COURSE_ID, STUDENT_ID, TYPE_ID, SCORE, MAX_SCORE, ACADEMIC_YEAR, MONTH_NO, IS_APPROVED) VALUES (150, DATE '2025-11-20', 1, 38, 2, 40, 50, 2025, 11, 1);
INSERT INTO MARKS (MARK_ID, CREATED_AT, COURSE_ID, STUDENT_ID, TYPE_ID, SCORE, MAX_SCORE, ACADEMIC_YEAR, MONTH_NO, IS_APPROVED) VALUES (151, DATE '2025-10-15', 2, 38, 4, 16, 20, 2025, 10, 1);
INSERT INTO MARKS (MARK_ID, CREATED_AT, COURSE_ID, STUDENT_ID, TYPE_ID, SCORE, MAX_SCORE, ACADEMIC_YEAR, MONTH_NO, IS_APPROVED) VALUES (152, DATE '2025-11-20', 2, 38, 2, 40, 50, 2025, 11, 1);
INSERT INTO MARKS (MARK_ID, CREATED_AT, COURSE_ID, STUDENT_ID, TYPE_ID, SCORE, MAX_SCORE, ACADEMIC_YEAR, MONTH_NO, IS_APPROVED) VALUES (153, DATE '2025-10-15', 1, 39, 4, 17, 20, 2025, 10, 1);
INSERT INTO MARKS (MARK_ID, CREATED_AT, COURSE_ID, STUDENT_ID, TYPE_ID, SCORE, MAX_SCORE, ACADEMIC_YEAR, MONTH_NO, IS_APPROVED) VALUES (154, DATE '2025-11-20', 1, 39, 2, 41, 50, 2025, 11, 1);
INSERT INTO MARKS (MARK_ID, CREATED_AT, COURSE_ID, STUDENT_ID, TYPE_ID, SCORE, MAX_SCORE, ACADEMIC_YEAR, MONTH_NO, IS_APPROVED) VALUES (155, DATE '2025-10-15', 2, 39, 4, 17, 20, 2025, 10, 1);
INSERT INTO MARKS (MARK_ID, CREATED_AT, COURSE_ID, STUDENT_ID, TYPE_ID, SCORE, MAX_SCORE, ACADEMIC_YEAR, MONTH_NO, IS_APPROVED) VALUES (156, DATE '2025-11-20', 2, 39, 2, 41, 50, 2025, 11, 1);
INSERT INTO MARKS (MARK_ID, CREATED_AT, COURSE_ID, STUDENT_ID, TYPE_ID, SCORE, MAX_SCORE, ACADEMIC_YEAR, MONTH_NO, IS_APPROVED) VALUES (157, DATE '2025-10-15', 1, 40, 4, 18, 20, 2025, 10, 1);
INSERT INTO MARKS (MARK_ID, CREATED_AT, COURSE_ID, STUDENT_ID, TYPE_ID, SCORE, MAX_SCORE, ACADEMIC_YEAR, MONTH_NO, IS_APPROVED) VALUES (158, DATE '2025-11-20', 1, 40, 2, 42, 50, 2025, 11, 1);
INSERT INTO MARKS (MARK_ID, CREATED_AT, COURSE_ID, STUDENT_ID, TYPE_ID, SCORE, MAX_SCORE, ACADEMIC_YEAR, MONTH_NO, IS_APPROVED) VALUES (159, DATE '2025-10-15', 2, 40, 4, 18, 20, 2025, 10, 1);
INSERT INTO MARKS (MARK_ID, CREATED_AT, COURSE_ID, STUDENT_ID, TYPE_ID, SCORE, MAX_SCORE, ACADEMIC_YEAR, MONTH_NO, IS_APPROVED) VALUES (160, DATE '2025-11-20', 2, 40, 2, 42, 50, 2025, 11, 1);

-- 16. Insert Assignments
INSERT INTO ASSIGNMENT (ASSIGNMENT_ID, NAME, DEADLINE, ASSIGN_DATE, DESCRIPTION, FILE_LINK, STUDENT_SUBMISSION) VALUES (1, 'Assignment 1', DATE '2025-10-15', DATE '2025-10-01', 'Detailed description of Assignment 1 content and deliverables.', 'https://file.school.edu/assignments/a1.pdf', 'Student submission path / file name for Assignment 1');
INSERT INTO ASSIGNMENT (ASSIGNMENT_ID, NAME, DEADLINE, ASSIGN_DATE, DESCRIPTION, FILE_LINK, STUDENT_SUBMISSION) VALUES (2, 'Assignment 2', DATE '2025-10-15', DATE '2025-10-01', 'Detailed description of Assignment 2 content and deliverables.', 'https://file.school.edu/assignments/a2.pdf', 'Student submission path / file name for Assignment 2');
INSERT INTO ASSIGNMENT (ASSIGNMENT_ID, NAME, DEADLINE, ASSIGN_DATE, DESCRIPTION, FILE_LINK, STUDENT_SUBMISSION) VALUES (3, 'Assignment 3', DATE '2025-10-15', DATE '2025-10-01', 'Detailed description of Assignment 3 content and deliverables.', 'https://file.school.edu/assignments/a3.pdf', 'Student submission path / file name for Assignment 3');
INSERT INTO ASSIGNMENT (ASSIGNMENT_ID, NAME, DEADLINE, ASSIGN_DATE, DESCRIPTION, FILE_LINK, STUDENT_SUBMISSION) VALUES (4, 'Assignment 4', DATE '2025-10-15', DATE '2025-10-01', 'Detailed description of Assignment 4 content and deliverables.', 'https://file.school.edu/assignments/a4.pdf', 'Student submission path / file name for Assignment 4');
INSERT INTO ASSIGNMENT (ASSIGNMENT_ID, NAME, DEADLINE, ASSIGN_DATE, DESCRIPTION, FILE_LINK, STUDENT_SUBMISSION) VALUES (5, 'Assignment 5', DATE '2025-10-15', DATE '2025-10-01', 'Detailed description of Assignment 5 content and deliverables.', 'https://file.school.edu/assignments/a5.pdf', 'Student submission path / file name for Assignment 5');
INSERT INTO ASSIGNMENT (ASSIGNMENT_ID, NAME, DEADLINE, ASSIGN_DATE, DESCRIPTION, FILE_LINK, STUDENT_SUBMISSION) VALUES (6, 'Assignment 6', DATE '2025-10-15', DATE '2025-10-01', 'Detailed description of Assignment 6 content and deliverables.', 'https://file.school.edu/assignments/a6.pdf', 'Student submission path / file name for Assignment 6');
INSERT INTO ASSIGNMENT (ASSIGNMENT_ID, NAME, DEADLINE, ASSIGN_DATE, DESCRIPTION, FILE_LINK, STUDENT_SUBMISSION) VALUES (7, 'Assignment 7', DATE '2025-10-15', DATE '2025-10-01', 'Detailed description of Assignment 7 content and deliverables.', 'https://file.school.edu/assignments/a7.pdf', 'Student submission path / file name for Assignment 7');
INSERT INTO ASSIGNMENT (ASSIGNMENT_ID, NAME, DEADLINE, ASSIGN_DATE, DESCRIPTION, FILE_LINK, STUDENT_SUBMISSION) VALUES (8, 'Assignment 8', DATE '2025-10-15', DATE '2025-10-01', 'Detailed description of Assignment 8 content and deliverables.', 'https://file.school.edu/assignments/a8.pdf', 'Student submission path / file name for Assignment 8');
INSERT INTO ASSIGNMENT (ASSIGNMENT_ID, NAME, DEADLINE, ASSIGN_DATE, DESCRIPTION, FILE_LINK, STUDENT_SUBMISSION) VALUES (9, 'Assignment 9', DATE '2025-10-15', DATE '2025-10-01', 'Detailed description of Assignment 9 content and deliverables.', 'https://file.school.edu/assignments/a9.pdf', 'Student submission path / file name for Assignment 9');
INSERT INTO ASSIGNMENT (ASSIGNMENT_ID, NAME, DEADLINE, ASSIGN_DATE, DESCRIPTION, FILE_LINK, STUDENT_SUBMISSION) VALUES (10, 'Assignment 10', DATE '2025-10-15', DATE '2025-10-01', 'Detailed description of Assignment 10 content and deliverables.', 'https://file.school.edu/assignments/a10.pdf', 'Student submission path / file name for Assignment 10');

-- 17. Insert Course Have Assignments
INSERT INTO COURSE_HAVE_ASSIGNMENTS (COURSE_ID, ASSIGNMENT_ID) VALUES (1, 1);
INSERT INTO COURSE_HAVE_ASSIGNMENTS (COURSE_ID, ASSIGNMENT_ID) VALUES (2, 2);
INSERT INTO COURSE_HAVE_ASSIGNMENTS (COURSE_ID, ASSIGNMENT_ID) VALUES (3, 3);
INSERT INTO COURSE_HAVE_ASSIGNMENTS (COURSE_ID, ASSIGNMENT_ID) VALUES (4, 4);
INSERT INTO COURSE_HAVE_ASSIGNMENTS (COURSE_ID, ASSIGNMENT_ID) VALUES (5, 5);
INSERT INTO COURSE_HAVE_ASSIGNMENTS (COURSE_ID, ASSIGNMENT_ID) VALUES (6, 6);
INSERT INTO COURSE_HAVE_ASSIGNMENTS (COURSE_ID, ASSIGNMENT_ID) VALUES (7, 7);
INSERT INTO COURSE_HAVE_ASSIGNMENTS (COURSE_ID, ASSIGNMENT_ID) VALUES (8, 8);
INSERT INTO COURSE_HAVE_ASSIGNMENTS (COURSE_ID, ASSIGNMENT_ID) VALUES (9, 9);
INSERT INTO COURSE_HAVE_ASSIGNMENTS (COURSE_ID, ASSIGNMENT_ID) VALUES (10, 10);
INSERT INTO COURSE_HAVE_ASSIGNMENTS (COURSE_ID, ASSIGNMENT_ID) VALUES (11, 1);
INSERT INTO COURSE_HAVE_ASSIGNMENTS (COURSE_ID, ASSIGNMENT_ID) VALUES (12, 2);
INSERT INTO COURSE_HAVE_ASSIGNMENTS (COURSE_ID, ASSIGNMENT_ID) VALUES (13, 3);
INSERT INTO COURSE_HAVE_ASSIGNMENTS (COURSE_ID, ASSIGNMENT_ID) VALUES (14, 4);
INSERT INTO COURSE_HAVE_ASSIGNMENTS (COURSE_ID, ASSIGNMENT_ID) VALUES (15, 5);
INSERT INTO COURSE_HAVE_ASSIGNMENTS (COURSE_ID, ASSIGNMENT_ID) VALUES (16, 6);
INSERT INTO COURSE_HAVE_ASSIGNMENTS (COURSE_ID, ASSIGNMENT_ID) VALUES (17, 7);
INSERT INTO COURSE_HAVE_ASSIGNMENTS (COURSE_ID, ASSIGNMENT_ID) VALUES (18, 8);
INSERT INTO COURSE_HAVE_ASSIGNMENTS (COURSE_ID, ASSIGNMENT_ID) VALUES (19, 9);
INSERT INTO COURSE_HAVE_ASSIGNMENTS (COURSE_ID, ASSIGNMENT_ID) VALUES (20, 10);
INSERT INTO COURSE_HAVE_ASSIGNMENTS (COURSE_ID, ASSIGNMENT_ID) VALUES (21, 1);
INSERT INTO COURSE_HAVE_ASSIGNMENTS (COURSE_ID, ASSIGNMENT_ID) VALUES (22, 2);
INSERT INTO COURSE_HAVE_ASSIGNMENTS (COURSE_ID, ASSIGNMENT_ID) VALUES (23, 3);
INSERT INTO COURSE_HAVE_ASSIGNMENTS (COURSE_ID, ASSIGNMENT_ID) VALUES (24, 4);

-- 18. Insert Projects
INSERT INTO PROJECT (PROJECT_ID, COURSE_ID, ASSIGN_DATE, NAME, DESCRIPTION, DEADLINE) VALUES (1, 1, DATE '2025-09-10', 'Project for Mathematics', 'A group-based project designed to apply learnings of the course.', DATE '2025-11-30');
INSERT INTO PROJECT (PROJECT_ID, COURSE_ID, ASSIGN_DATE, NAME, DESCRIPTION, DEADLINE) VALUES (2, 2, DATE '2025-09-10', 'Project for Physics', 'A group-based project designed to apply learnings of the course.', DATE '2025-11-30');
INSERT INTO PROJECT (PROJECT_ID, COURSE_ID, ASSIGN_DATE, NAME, DESCRIPTION, DEADLINE) VALUES (3, 3, DATE '2025-09-10', 'Project for Arabic Language', 'A group-based project designed to apply learnings of the course.', DATE '2025-11-30');
INSERT INTO PROJECT (PROJECT_ID, COURSE_ID, ASSIGN_DATE, NAME, DESCRIPTION, DEADLINE) VALUES (4, 4, DATE '2025-09-10', 'Project for English Language', 'A group-based project designed to apply learnings of the course.', DATE '2025-11-30');
INSERT INTO PROJECT (PROJECT_ID, COURSE_ID, ASSIGN_DATE, NAME, DESCRIPTION, DEADLINE) VALUES (5, 5, DATE '2025-09-10', 'Project for Chemistry', 'A group-based project designed to apply learnings of the course.', DATE '2025-11-30');
INSERT INTO PROJECT (PROJECT_ID, COURSE_ID, ASSIGN_DATE, NAME, DESCRIPTION, DEADLINE) VALUES (6, 6, DATE '2025-09-10', 'Project for Biology', 'A group-based project designed to apply learnings of the course.', DATE '2025-11-30');

-- 19. Insert Teams
INSERT INTO TEAM (TEAM_ID, PROJECT_ID, NAME) VALUES (1, 1, 'Team 1 - Project for Mathematics');
INSERT INTO TEAM (TEAM_ID, PROJECT_ID, NAME) VALUES (2, 1, 'Team 2 - Project for Mathematics');
INSERT INTO TEAM (TEAM_ID, PROJECT_ID, NAME) VALUES (3, 2, 'Team 1 - Project for Physics');
INSERT INTO TEAM (TEAM_ID, PROJECT_ID, NAME) VALUES (4, 2, 'Team 2 - Project for Physics');
INSERT INTO TEAM (TEAM_ID, PROJECT_ID, NAME) VALUES (5, 3, 'Team 1 - Project for Arabic Language');
INSERT INTO TEAM (TEAM_ID, PROJECT_ID, NAME) VALUES (6, 3, 'Team 2 - Project for Arabic Language');
INSERT INTO TEAM (TEAM_ID, PROJECT_ID, NAME) VALUES (7, 4, 'Team 1 - Project for English Language');
INSERT INTO TEAM (TEAM_ID, PROJECT_ID, NAME) VALUES (8, 4, 'Team 2 - Project for English Language');
INSERT INTO TEAM (TEAM_ID, PROJECT_ID, NAME) VALUES (9, 5, 'Team 1 - Project for Chemistry');
INSERT INTO TEAM (TEAM_ID, PROJECT_ID, NAME) VALUES (10, 5, 'Team 2 - Project for Chemistry');
INSERT INTO TEAM (TEAM_ID, PROJECT_ID, NAME) VALUES (11, 6, 'Team 1 - Project for Biology');
INSERT INTO TEAM (TEAM_ID, PROJECT_ID, NAME) VALUES (12, 6, 'Team 2 - Project for Biology');

-- 20. Insert Student In A Team
INSERT INTO STUDENT_IN_A_TEAM (STUDENT_ID, TEAM_ID) VALUES (1, 1);
INSERT INTO STUDENT_IN_A_TEAM (STUDENT_ID, TEAM_ID) VALUES (2, 1);
INSERT INTO STUDENT_IN_A_TEAM (STUDENT_ID, TEAM_ID) VALUES (3, 1);
INSERT INTO STUDENT_IN_A_TEAM (STUDENT_ID, TEAM_ID) VALUES (4, 2);
INSERT INTO STUDENT_IN_A_TEAM (STUDENT_ID, TEAM_ID) VALUES (13, 2);
INSERT INTO STUDENT_IN_A_TEAM (STUDENT_ID, TEAM_ID) VALUES (14, 2);
INSERT INTO STUDENT_IN_A_TEAM (STUDENT_ID, TEAM_ID) VALUES (15, 3);
INSERT INTO STUDENT_IN_A_TEAM (STUDENT_ID, TEAM_ID) VALUES (16, 3);
INSERT INTO STUDENT_IN_A_TEAM (STUDENT_ID, TEAM_ID) VALUES (25, 3);
INSERT INTO STUDENT_IN_A_TEAM (STUDENT_ID, TEAM_ID) VALUES (26, 4);
INSERT INTO STUDENT_IN_A_TEAM (STUDENT_ID, TEAM_ID) VALUES (27, 4);
INSERT INTO STUDENT_IN_A_TEAM (STUDENT_ID, TEAM_ID) VALUES (28, 4);
INSERT INTO STUDENT_IN_A_TEAM (STUDENT_ID, TEAM_ID) VALUES (37, 5);
INSERT INTO STUDENT_IN_A_TEAM (STUDENT_ID, TEAM_ID) VALUES (38, 5);
INSERT INTO STUDENT_IN_A_TEAM (STUDENT_ID, TEAM_ID) VALUES (39, 5);
INSERT INTO STUDENT_IN_A_TEAM (STUDENT_ID, TEAM_ID) VALUES (40, 6);
INSERT INTO STUDENT_IN_A_TEAM (STUDENT_ID, TEAM_ID) VALUES (49, 6);
INSERT INTO STUDENT_IN_A_TEAM (STUDENT_ID, TEAM_ID) VALUES (50, 6);
INSERT INTO STUDENT_IN_A_TEAM (STUDENT_ID, TEAM_ID) VALUES (51, 7);
INSERT INTO STUDENT_IN_A_TEAM (STUDENT_ID, TEAM_ID) VALUES (52, 7);
INSERT INTO STUDENT_IN_A_TEAM (STUDENT_ID, TEAM_ID) VALUES (61, 7);
INSERT INTO STUDENT_IN_A_TEAM (STUDENT_ID, TEAM_ID) VALUES (62, 8);
INSERT INTO STUDENT_IN_A_TEAM (STUDENT_ID, TEAM_ID) VALUES (63, 8);
INSERT INTO STUDENT_IN_A_TEAM (STUDENT_ID, TEAM_ID) VALUES (64, 8);
INSERT INTO STUDENT_IN_A_TEAM (STUDENT_ID, TEAM_ID) VALUES (73, 9);
INSERT INTO STUDENT_IN_A_TEAM (STUDENT_ID, TEAM_ID) VALUES (74, 9);
INSERT INTO STUDENT_IN_A_TEAM (STUDENT_ID, TEAM_ID) VALUES (75, 9);
INSERT INTO STUDENT_IN_A_TEAM (STUDENT_ID, TEAM_ID) VALUES (76, 10);
INSERT INTO STUDENT_IN_A_TEAM (STUDENT_ID, TEAM_ID) VALUES (85, 10);
INSERT INTO STUDENT_IN_A_TEAM (STUDENT_ID, TEAM_ID) VALUES (86, 10);
INSERT INTO STUDENT_IN_A_TEAM (STUDENT_ID, TEAM_ID) VALUES (87, 11);
INSERT INTO STUDENT_IN_A_TEAM (STUDENT_ID, TEAM_ID) VALUES (88, 11);
INSERT INTO STUDENT_IN_A_TEAM (STUDENT_ID, TEAM_ID) VALUES (97, 11);
INSERT INTO STUDENT_IN_A_TEAM (STUDENT_ID, TEAM_ID) VALUES (98, 12);
INSERT INTO STUDENT_IN_A_TEAM (STUDENT_ID, TEAM_ID) VALUES (99, 12);
INSERT INTO STUDENT_IN_A_TEAM (STUDENT_ID, TEAM_ID) VALUES (100, 12);

-- 21. Insert Student Exam
INSERT INTO STUDENT_EXAM (ID, TEACHER_ID) VALUES (1, 1);
INSERT INTO STUDENT_EXAM (ID, TEACHER_ID) VALUES (2, 2);
INSERT INTO STUDENT_EXAM (ID, TEACHER_ID) VALUES (3, 3);
INSERT INTO STUDENT_EXAM (ID, TEACHER_ID) VALUES (4, 4);
INSERT INTO STUDENT_EXAM (ID, TEACHER_ID) VALUES (5, 5);

-- 22. Insert Exams Table
INSERT INTO EXAMS_TABLE (ID, STUDENT_EXAM_ID, GRADE_ID, DURATION, EXAM_DATE, COURSE_NAME, EXAM_TIME, LOCATION, STATUS, EXAM_TYPE, CREATED_AT) VALUES (1, 1, 1, 120, DATE '2026-01-11', 'Mathematics', TO_DATE('09:00:00', 'HH24:MI:SS'), 'Hall 2', 'Scheduled', 'FINAL', TIMESTAMP '2025-12-01 10:00:00');
INSERT INTO EXAMS_TABLE (ID, STUDENT_EXAM_ID, GRADE_ID, DURATION, EXAM_DATE, COURSE_NAME, EXAM_TIME, LOCATION, STATUS, EXAM_TYPE, CREATED_AT) VALUES (2, 1, 2, 120, DATE '2026-01-12', 'Mathematics', TO_DATE('09:00:00', 'HH24:MI:SS'), 'Hall 3', 'Scheduled', 'FINAL', TIMESTAMP '2025-12-01 10:00:00');
INSERT INTO EXAMS_TABLE (ID, STUDENT_EXAM_ID, GRADE_ID, DURATION, EXAM_DATE, COURSE_NAME, EXAM_TIME, LOCATION, STATUS, EXAM_TYPE, CREATED_AT) VALUES (3, 1, 3, 120, DATE '2026-01-13', 'Mathematics', TO_DATE('09:00:00', 'HH24:MI:SS'), 'Hall 4', 'Scheduled', 'FINAL', TIMESTAMP '2025-12-01 10:00:00');
INSERT INTO EXAMS_TABLE (ID, STUDENT_EXAM_ID, GRADE_ID, DURATION, EXAM_DATE, COURSE_NAME, EXAM_TIME, LOCATION, STATUS, EXAM_TYPE, CREATED_AT) VALUES (4, 2, 1, 120, DATE '2026-01-11', 'Mathematics', TO_DATE('09:00:00', 'HH24:MI:SS'), 'Hall 2', 'Scheduled', 'MIDTERM', TIMESTAMP '2025-12-01 10:00:00');
INSERT INTO EXAMS_TABLE (ID, STUDENT_EXAM_ID, GRADE_ID, DURATION, EXAM_DATE, COURSE_NAME, EXAM_TIME, LOCATION, STATUS, EXAM_TYPE, CREATED_AT) VALUES (5, 2, 2, 120, DATE '2026-01-12', 'Mathematics', TO_DATE('09:00:00', 'HH24:MI:SS'), 'Hall 3', 'Scheduled', 'MIDTERM', TIMESTAMP '2025-12-01 10:00:00');
INSERT INTO EXAMS_TABLE (ID, STUDENT_EXAM_ID, GRADE_ID, DURATION, EXAM_DATE, COURSE_NAME, EXAM_TIME, LOCATION, STATUS, EXAM_TYPE, CREATED_AT) VALUES (6, 2, 3, 120, DATE '2026-01-13', 'Mathematics', TO_DATE('09:00:00', 'HH24:MI:SS'), 'Hall 4', 'Scheduled', 'MIDTERM', TIMESTAMP '2025-12-01 10:00:00');
INSERT INTO EXAMS_TABLE (ID, STUDENT_EXAM_ID, GRADE_ID, DURATION, EXAM_DATE, COURSE_NAME, EXAM_TIME, LOCATION, STATUS, EXAM_TYPE, CREATED_AT) VALUES (7, 3, 1, 120, DATE '2026-01-11', 'Mathematics', TO_DATE('09:00:00', 'HH24:MI:SS'), 'Hall 2', 'Scheduled', 'FINAL', TIMESTAMP '2025-12-01 10:00:00');
INSERT INTO EXAMS_TABLE (ID, STUDENT_EXAM_ID, GRADE_ID, DURATION, EXAM_DATE, COURSE_NAME, EXAM_TIME, LOCATION, STATUS, EXAM_TYPE, CREATED_AT) VALUES (8, 3, 2, 120, DATE '2026-01-12', 'Mathematics', TO_DATE('09:00:00', 'HH24:MI:SS'), 'Hall 3', 'Scheduled', 'FINAL', TIMESTAMP '2025-12-01 10:00:00');
INSERT INTO EXAMS_TABLE (ID, STUDENT_EXAM_ID, GRADE_ID, DURATION, EXAM_DATE, COURSE_NAME, EXAM_TIME, LOCATION, STATUS, EXAM_TYPE, CREATED_AT) VALUES (9, 3, 3, 120, DATE '2026-01-13', 'Mathematics', TO_DATE('09:00:00', 'HH24:MI:SS'), 'Hall 4', 'Scheduled', 'FINAL', TIMESTAMP '2025-12-01 10:00:00');
INSERT INTO EXAMS_TABLE (ID, STUDENT_EXAM_ID, GRADE_ID, DURATION, EXAM_DATE, COURSE_NAME, EXAM_TIME, LOCATION, STATUS, EXAM_TYPE, CREATED_AT) VALUES (10, 4, 1, 120, DATE '2026-01-11', 'Mathematics', TO_DATE('09:00:00', 'HH24:MI:SS'), 'Hall 2', 'Scheduled', 'MIDTERM', TIMESTAMP '2025-12-01 10:00:00');
INSERT INTO EXAMS_TABLE (ID, STUDENT_EXAM_ID, GRADE_ID, DURATION, EXAM_DATE, COURSE_NAME, EXAM_TIME, LOCATION, STATUS, EXAM_TYPE, CREATED_AT) VALUES (11, 4, 2, 120, DATE '2026-01-12', 'Mathematics', TO_DATE('09:00:00', 'HH24:MI:SS'), 'Hall 3', 'Scheduled', 'MIDTERM', TIMESTAMP '2025-12-01 10:00:00');
INSERT INTO EXAMS_TABLE (ID, STUDENT_EXAM_ID, GRADE_ID, DURATION, EXAM_DATE, COURSE_NAME, EXAM_TIME, LOCATION, STATUS, EXAM_TYPE, CREATED_AT) VALUES (12, 4, 3, 120, DATE '2026-01-13', 'Mathematics', TO_DATE('09:00:00', 'HH24:MI:SS'), 'Hall 4', 'Scheduled', 'MIDTERM', TIMESTAMP '2025-12-01 10:00:00');
INSERT INTO EXAMS_TABLE (ID, STUDENT_EXAM_ID, GRADE_ID, DURATION, EXAM_DATE, COURSE_NAME, EXAM_TIME, LOCATION, STATUS, EXAM_TYPE, CREATED_AT) VALUES (13, 5, 1, 120, DATE '2026-01-11', 'Mathematics', TO_DATE('09:00:00', 'HH24:MI:SS'), 'Hall 2', 'Scheduled', 'FINAL', TIMESTAMP '2025-12-01 10:00:00');
INSERT INTO EXAMS_TABLE (ID, STUDENT_EXAM_ID, GRADE_ID, DURATION, EXAM_DATE, COURSE_NAME, EXAM_TIME, LOCATION, STATUS, EXAM_TYPE, CREATED_AT) VALUES (14, 5, 2, 120, DATE '2026-01-12', 'Mathematics', TO_DATE('09:00:00', 'HH24:MI:SS'), 'Hall 3', 'Scheduled', 'FINAL', TIMESTAMP '2025-12-01 10:00:00');
INSERT INTO EXAMS_TABLE (ID, STUDENT_EXAM_ID, GRADE_ID, DURATION, EXAM_DATE, COURSE_NAME, EXAM_TIME, LOCATION, STATUS, EXAM_TYPE, CREATED_AT) VALUES (15, 5, 3, 120, DATE '2026-01-13', 'Mathematics', TO_DATE('09:00:00', 'HH24:MI:SS'), 'Hall 4', 'Scheduled', 'FINAL', TIMESTAMP '2025-12-01 10:00:00');

-- 23. Insert Notifications
INSERT INTO NOTIFICATION (NOTIFICATION_ID, TITLE, "TYPE", PRIORITY, SENT_AT, "BODY") VALUES (1, 'Academic Year Started', 'Announcement', 'High', DATE '2025-09-05', 'Welcome to the academic year 2025-2026! Please ensure all documents are submitted.');
INSERT INTO NOTIFICATION (NOTIFICATION_ID, TITLE, "TYPE", PRIORITY, SENT_AT, "BODY") VALUES (2, 'Midterm Exams Schedule', 'Exam', 'High', DATE '2025-09-05', 'The midterm examinations schedule has been posted. Please check the Exam Schedule section.');
INSERT INTO NOTIFICATION (NOTIFICATION_ID, TITLE, "TYPE", PRIORITY, SENT_AT, "BODY") VALUES (3, 'New Course Materials', 'Course', 'Medium', DATE '2025-09-05', 'Your teacher has updated the course materials for Mathematics.');
INSERT INTO NOTIFICATION (NOTIFICATION_ID, TITLE, "TYPE", PRIORITY, SENT_AT, "BODY") VALUES (4, 'Tuition Payment Due', 'Billing', 'Critical', DATE '2025-09-05', 'Please note the second installment of tuition fees is due by end of month.');
INSERT INTO NOTIFICATION (NOTIFICATION_ID, TITLE, "TYPE", PRIORITY, SENT_AT, "BODY") VALUES (5, 'Parent-Teacher Meeting', 'Meeting', 'High', DATE '2025-09-05', 'Parent-Teacher consultations are scheduled for this Thursday at 4 PM.');

-- 24. Insert User Notifications
INSERT INTO USER_NOTIFICATIONS (USER_ID, NOTIFICATION_ID, SENT_TO) VALUES (5, 1, 5);
INSERT INTO USER_NOTIFICATIONS (USER_ID, NOTIFICATION_ID, SENT_TO) VALUES (10, 1, 10);
INSERT INTO USER_NOTIFICATIONS (USER_ID, NOTIFICATION_ID, SENT_TO) VALUES (15, 1, 15);
INSERT INTO USER_NOTIFICATIONS (USER_ID, NOTIFICATION_ID, SENT_TO) VALUES (20, 1, 20);
INSERT INTO USER_NOTIFICATIONS (USER_ID, NOTIFICATION_ID, SENT_TO) VALUES (25, 1, 25);
INSERT INTO USER_NOTIFICATIONS (USER_ID, NOTIFICATION_ID, SENT_TO) VALUES (30, 1, 30);
INSERT INTO USER_NOTIFICATIONS (USER_ID, NOTIFICATION_ID, SENT_TO) VALUES (35, 1, 35);
INSERT INTO USER_NOTIFICATIONS (USER_ID, NOTIFICATION_ID, SENT_TO) VALUES (40, 1, 40);
INSERT INTO USER_NOTIFICATIONS (USER_ID, NOTIFICATION_ID, SENT_TO) VALUES (45, 1, 45);
INSERT INTO USER_NOTIFICATIONS (USER_ID, NOTIFICATION_ID, SENT_TO) VALUES (50, 1, 50);
INSERT INTO USER_NOTIFICATIONS (USER_ID, NOTIFICATION_ID, SENT_TO) VALUES (55, 1, 55);
INSERT INTO USER_NOTIFICATIONS (USER_ID, NOTIFICATION_ID, SENT_TO) VALUES (60, 1, 60);
INSERT INTO USER_NOTIFICATIONS (USER_ID, NOTIFICATION_ID, SENT_TO) VALUES (65, 1, 65);
INSERT INTO USER_NOTIFICATIONS (USER_ID, NOTIFICATION_ID, SENT_TO) VALUES (70, 1, 70);
INSERT INTO USER_NOTIFICATIONS (USER_ID, NOTIFICATION_ID, SENT_TO) VALUES (75, 1, 75);
INSERT INTO USER_NOTIFICATIONS (USER_ID, NOTIFICATION_ID, SENT_TO) VALUES (80, 1, 80);
INSERT INTO USER_NOTIFICATIONS (USER_ID, NOTIFICATION_ID, SENT_TO) VALUES (85, 1, 85);
INSERT INTO USER_NOTIFICATIONS (USER_ID, NOTIFICATION_ID, SENT_TO) VALUES (90, 1, 90);
INSERT INTO USER_NOTIFICATIONS (USER_ID, NOTIFICATION_ID, SENT_TO) VALUES (95, 1, 95);
INSERT INTO USER_NOTIFICATIONS (USER_ID, NOTIFICATION_ID, SENT_TO) VALUES (100, 1, 100);
INSERT INTO USER_NOTIFICATIONS (USER_ID, NOTIFICATION_ID, SENT_TO) VALUES (105, 1, 105);
INSERT INTO USER_NOTIFICATIONS (USER_ID, NOTIFICATION_ID, SENT_TO) VALUES (110, 1, 110);
INSERT INTO USER_NOTIFICATIONS (USER_ID, NOTIFICATION_ID, SENT_TO) VALUES (115, 1, 115);
INSERT INTO USER_NOTIFICATIONS (USER_ID, NOTIFICATION_ID, SENT_TO) VALUES (120, 1, 120);
INSERT INTO USER_NOTIFICATIONS (USER_ID, NOTIFICATION_ID, SENT_TO) VALUES (125, 1, 125);
INSERT INTO USER_NOTIFICATIONS (USER_ID, NOTIFICATION_ID, SENT_TO) VALUES (130, 1, 130);
INSERT INTO USER_NOTIFICATIONS (USER_ID, NOTIFICATION_ID, SENT_TO) VALUES (135, 1, 135);
INSERT INTO USER_NOTIFICATIONS (USER_ID, NOTIFICATION_ID, SENT_TO) VALUES (140, 1, 140);
INSERT INTO USER_NOTIFICATIONS (USER_ID, NOTIFICATION_ID, SENT_TO) VALUES (145, 1, 145);
INSERT INTO USER_NOTIFICATIONS (USER_ID, NOTIFICATION_ID, SENT_TO) VALUES (150, 1, 150);
INSERT INTO USER_NOTIFICATIONS (USER_ID, NOTIFICATION_ID, SENT_TO) VALUES (155, 1, 155);
INSERT INTO USER_NOTIFICATIONS (USER_ID, NOTIFICATION_ID, SENT_TO) VALUES (160, 1, 160);
INSERT INTO USER_NOTIFICATIONS (USER_ID, NOTIFICATION_ID, SENT_TO) VALUES (165, 1, 165);
INSERT INTO USER_NOTIFICATIONS (USER_ID, NOTIFICATION_ID, SENT_TO) VALUES (170, 1, 170);
INSERT INTO USER_NOTIFICATIONS (USER_ID, NOTIFICATION_ID, SENT_TO) VALUES (175, 1, 175);
INSERT INTO USER_NOTIFICATIONS (USER_ID, NOTIFICATION_ID, SENT_TO) VALUES (180, 1, 180);
INSERT INTO USER_NOTIFICATIONS (USER_ID, NOTIFICATION_ID, SENT_TO) VALUES (185, 1, 185);
INSERT INTO USER_NOTIFICATIONS (USER_ID, NOTIFICATION_ID, SENT_TO) VALUES (190, 1, 190);
INSERT INTO USER_NOTIFICATIONS (USER_ID, NOTIFICATION_ID, SENT_TO) VALUES (4, 2, 4);
INSERT INTO USER_NOTIFICATIONS (USER_ID, NOTIFICATION_ID, SENT_TO) VALUES (8, 2, 8);
INSERT INTO USER_NOTIFICATIONS (USER_ID, NOTIFICATION_ID, SENT_TO) VALUES (12, 2, 12);
INSERT INTO USER_NOTIFICATIONS (USER_ID, NOTIFICATION_ID, SENT_TO) VALUES (16, 2, 16);
INSERT INTO USER_NOTIFICATIONS (USER_ID, NOTIFICATION_ID, SENT_TO) VALUES (20, 2, 20);
INSERT INTO USER_NOTIFICATIONS (USER_ID, NOTIFICATION_ID, SENT_TO) VALUES (24, 2, 24);
INSERT INTO USER_NOTIFICATIONS (USER_ID, NOTIFICATION_ID, SENT_TO) VALUES (28, 2, 28);
INSERT INTO USER_NOTIFICATIONS (USER_ID, NOTIFICATION_ID, SENT_TO) VALUES (32, 2, 32);
INSERT INTO USER_NOTIFICATIONS (USER_ID, NOTIFICATION_ID, SENT_TO) VALUES (36, 2, 36);
INSERT INTO USER_NOTIFICATIONS (USER_ID, NOTIFICATION_ID, SENT_TO) VALUES (40, 2, 40);
INSERT INTO USER_NOTIFICATIONS (USER_ID, NOTIFICATION_ID, SENT_TO) VALUES (44, 2, 44);
INSERT INTO USER_NOTIFICATIONS (USER_ID, NOTIFICATION_ID, SENT_TO) VALUES (48, 2, 48);
INSERT INTO USER_NOTIFICATIONS (USER_ID, NOTIFICATION_ID, SENT_TO) VALUES (52, 2, 52);
INSERT INTO USER_NOTIFICATIONS (USER_ID, NOTIFICATION_ID, SENT_TO) VALUES (56, 2, 56);
INSERT INTO USER_NOTIFICATIONS (USER_ID, NOTIFICATION_ID, SENT_TO) VALUES (60, 2, 60);
INSERT INTO USER_NOTIFICATIONS (USER_ID, NOTIFICATION_ID, SENT_TO) VALUES (64, 2, 64);
INSERT INTO USER_NOTIFICATIONS (USER_ID, NOTIFICATION_ID, SENT_TO) VALUES (68, 2, 68);
INSERT INTO USER_NOTIFICATIONS (USER_ID, NOTIFICATION_ID, SENT_TO) VALUES (72, 2, 72);
INSERT INTO USER_NOTIFICATIONS (USER_ID, NOTIFICATION_ID, SENT_TO) VALUES (76, 2, 76);
INSERT INTO USER_NOTIFICATIONS (USER_ID, NOTIFICATION_ID, SENT_TO) VALUES (80, 2, 80);
INSERT INTO USER_NOTIFICATIONS (USER_ID, NOTIFICATION_ID, SENT_TO) VALUES (84, 2, 84);
INSERT INTO USER_NOTIFICATIONS (USER_ID, NOTIFICATION_ID, SENT_TO) VALUES (88, 2, 88);
INSERT INTO USER_NOTIFICATIONS (USER_ID, NOTIFICATION_ID, SENT_TO) VALUES (92, 2, 92);
INSERT INTO USER_NOTIFICATIONS (USER_ID, NOTIFICATION_ID, SENT_TO) VALUES (96, 2, 96);
INSERT INTO USER_NOTIFICATIONS (USER_ID, NOTIFICATION_ID, SENT_TO) VALUES (100, 2, 100);
INSERT INTO USER_NOTIFICATIONS (USER_ID, NOTIFICATION_ID, SENT_TO) VALUES (104, 2, 104);
INSERT INTO USER_NOTIFICATIONS (USER_ID, NOTIFICATION_ID, SENT_TO) VALUES (108, 2, 108);
INSERT INTO USER_NOTIFICATIONS (USER_ID, NOTIFICATION_ID, SENT_TO) VALUES (112, 2, 112);
INSERT INTO USER_NOTIFICATIONS (USER_ID, NOTIFICATION_ID, SENT_TO) VALUES (116, 2, 116);
INSERT INTO USER_NOTIFICATIONS (USER_ID, NOTIFICATION_ID, SENT_TO) VALUES (120, 2, 120);
INSERT INTO USER_NOTIFICATIONS (USER_ID, NOTIFICATION_ID, SENT_TO) VALUES (124, 2, 124);
INSERT INTO USER_NOTIFICATIONS (USER_ID, NOTIFICATION_ID, SENT_TO) VALUES (128, 2, 128);
INSERT INTO USER_NOTIFICATIONS (USER_ID, NOTIFICATION_ID, SENT_TO) VALUES (132, 2, 132);

-- 25. Insert Reports
INSERT INTO REPORTS (REPORT_ID, USER_ID, CONTENT, FILE_LINK, CREATED_AT, SENT_TO, REPORT_TYPE) VALUES (1, 1, 'Monthly performance assessment report for teacher 4', 'https://reports.school.edu/rep1.pdf', DATE '2025-10-30', 4, 'Evaluation');
INSERT INTO REPORTS (REPORT_ID, USER_ID, CONTENT, FILE_LINK, CREATED_AT, SENT_TO, REPORT_TYPE) VALUES (2, 2, 'Monthly performance assessment report for teacher 5', 'https://reports.school.edu/rep2.pdf', DATE '2025-10-30', 5, 'Evaluation');
INSERT INTO REPORTS (REPORT_ID, USER_ID, CONTENT, FILE_LINK, CREATED_AT, SENT_TO, REPORT_TYPE) VALUES (3, 3, 'Monthly performance assessment report for teacher 6', 'https://reports.school.edu/rep3.pdf', DATE '2025-10-30', 6, 'Evaluation');
INSERT INTO REPORTS (REPORT_ID, USER_ID, CONTENT, FILE_LINK, CREATED_AT, SENT_TO, REPORT_TYPE) VALUES (4, 1, 'Monthly performance assessment report for teacher 7', 'https://reports.school.edu/rep4.pdf', DATE '2025-10-30', 7, 'Evaluation');
INSERT INTO REPORTS (REPORT_ID, USER_ID, CONTENT, FILE_LINK, CREATED_AT, SENT_TO, REPORT_TYPE) VALUES (5, 2, 'Monthly performance assessment report for teacher 8', 'https://reports.school.edu/rep5.pdf', DATE '2025-10-30', 8, 'Evaluation');

-- 26. Insert Permissions
INSERT INTO PERMISSIONS (PERMISSION_ID, STUDENT_ID, REASON, NOTES, "date") VALUES (1, 1, 'Medical leave due to flu', 'Doctor note attached', DATE '2025-10-12');
INSERT INTO PERMISSIONS (PERMISSION_ID, STUDENT_ID, REASON, NOTES, "date") VALUES (2, 2, 'Medical leave due to flu', 'Doctor note attached', DATE '2025-10-12');
INSERT INTO PERMISSIONS (PERMISSION_ID, STUDENT_ID, REASON, NOTES, "date") VALUES (3, 3, 'Medical leave due to flu', 'Doctor note attached', DATE '2025-10-12');
INSERT INTO PERMISSIONS (PERMISSION_ID, STUDENT_ID, REASON, NOTES, "date") VALUES (4, 4, 'Medical leave due to flu', 'Doctor note attached', DATE '2025-10-12');
INSERT INTO PERMISSIONS (PERMISSION_ID, STUDENT_ID, REASON, NOTES, "date") VALUES (5, 5, 'Medical leave due to flu', 'Doctor note attached', DATE '2025-10-12');
INSERT INTO PERMISSIONS (PERMISSION_ID, STUDENT_ID, REASON, NOTES, "date") VALUES (6, 6, 'Medical leave due to flu', 'Doctor note attached', DATE '2025-10-12');
INSERT INTO PERMISSIONS (PERMISSION_ID, STUDENT_ID, REASON, NOTES, "date") VALUES (7, 7, 'Medical leave due to flu', 'Doctor note attached', DATE '2025-10-12');
INSERT INTO PERMISSIONS (PERMISSION_ID, STUDENT_ID, REASON, NOTES, "date") VALUES (8, 8, 'Medical leave due to flu', 'Doctor note attached', DATE '2025-10-12');
INSERT INTO PERMISSIONS (PERMISSION_ID, STUDENT_ID, REASON, NOTES, "date") VALUES (9, 9, 'Medical leave due to flu', 'Doctor note attached', DATE '2025-10-12');
INSERT INTO PERMISSIONS (PERMISSION_ID, STUDENT_ID, REASON, NOTES, "date") VALUES (10, 10, 'Medical leave due to flu', 'Doctor note attached', DATE '2025-10-12');

-- 27. Insert Delays
INSERT INTO DELAYS (DELAY_ID, STUDENT_ID, TIME_OF_ARRIVAL, NOTES, "date") VALUES (1, 11, DATE '2025-10-15', 'Bus traffic delay', DATE '2025-10-15');
INSERT INTO DELAYS (DELAY_ID, STUDENT_ID, TIME_OF_ARRIVAL, NOTES, "date") VALUES (2, 12, DATE '2025-10-15', 'Bus traffic delay', DATE '2025-10-15');
INSERT INTO DELAYS (DELAY_ID, STUDENT_ID, TIME_OF_ARRIVAL, NOTES, "date") VALUES (3, 13, DATE '2025-10-15', 'Bus traffic delay', DATE '2025-10-15');
INSERT INTO DELAYS (DELAY_ID, STUDENT_ID, TIME_OF_ARRIVAL, NOTES, "date") VALUES (4, 14, DATE '2025-10-15', 'Bus traffic delay', DATE '2025-10-15');
INSERT INTO DELAYS (DELAY_ID, STUDENT_ID, TIME_OF_ARRIVAL, NOTES, "date") VALUES (5, 15, DATE '2025-10-15', 'Bus traffic delay', DATE '2025-10-15');
INSERT INTO DELAYS (DELAY_ID, STUDENT_ID, TIME_OF_ARRIVAL, NOTES, "date") VALUES (6, 16, DATE '2025-10-15', 'Bus traffic delay', DATE '2025-10-15');
INSERT INTO DELAYS (DELAY_ID, STUDENT_ID, TIME_OF_ARRIVAL, NOTES, "date") VALUES (7, 17, DATE '2025-10-15', 'Bus traffic delay', DATE '2025-10-15');
INSERT INTO DELAYS (DELAY_ID, STUDENT_ID, TIME_OF_ARRIVAL, NOTES, "date") VALUES (8, 18, DATE '2025-10-15', 'Bus traffic delay', DATE '2025-10-15');
INSERT INTO DELAYS (DELAY_ID, STUDENT_ID, TIME_OF_ARRIVAL, NOTES, "date") VALUES (9, 19, DATE '2025-10-15', 'Bus traffic delay', DATE '2025-10-15');
INSERT INTO DELAYS (DELAY_ID, STUDENT_ID, TIME_OF_ARRIVAL, NOTES, "date") VALUES (10, 20, DATE '2025-10-15', 'Bus traffic delay', DATE '2025-10-15');

-- 28. Insert Violations
INSERT INTO VIOLATIONS (VIOLATION_ID, STUDENT_ID, VIOLATION, NAME_OF_VIOLATOR, APPLICABLE_PROCEDURE, REFERRING_AUTHORITY, ISMEETING, NOTES, "date") VALUES (1, 21, 'Unexcused late arrival during exam', 'Supervisor Ahmed', 'Written Warning', 'Vice Principal Office', 1, 'Incident reported during physics exam', DATE '2025-11-12');
INSERT INTO VIOLATIONS (VIOLATION_ID, STUDENT_ID, VIOLATION, NAME_OF_VIOLATOR, APPLICABLE_PROCEDURE, REFERRING_AUTHORITY, ISMEETING, NOTES, "date") VALUES (2, 22, 'Unexcused late arrival during exam', 'Supervisor Ahmed', 'Written Warning', 'Vice Principal Office', 1, 'Incident reported during physics exam', DATE '2025-11-12');
INSERT INTO VIOLATIONS (VIOLATION_ID, STUDENT_ID, VIOLATION, NAME_OF_VIOLATOR, APPLICABLE_PROCEDURE, REFERRING_AUTHORITY, ISMEETING, NOTES, "date") VALUES (3, 23, 'Unexcused late arrival during exam', 'Supervisor Ahmed', 'Written Warning', 'Vice Principal Office', 1, 'Incident reported during physics exam', DATE '2025-11-12');
INSERT INTO VIOLATIONS (VIOLATION_ID, STUDENT_ID, VIOLATION, NAME_OF_VIOLATOR, APPLICABLE_PROCEDURE, REFERRING_AUTHORITY, ISMEETING, NOTES, "date") VALUES (4, 24, 'Unexcused late arrival during exam', 'Supervisor Ahmed', 'Written Warning', 'Vice Principal Office', 1, 'Incident reported during physics exam', DATE '2025-11-12');
INSERT INTO VIOLATIONS (VIOLATION_ID, STUDENT_ID, VIOLATION, NAME_OF_VIOLATOR, APPLICABLE_PROCEDURE, REFERRING_AUTHORITY, ISMEETING, NOTES, "date") VALUES (5, 25, 'Unexcused late arrival during exam', 'Supervisor Ahmed', 'Written Warning', 'Vice Principal Office', 1, 'Incident reported during physics exam', DATE '2025-11-12');

-- 29. Insert Medical Records
INSERT INTO MEDICAL_RECORD (MEDICAL_ID, STUDENT_ID, ILLNESS_TYPE) VALUES (1, 1, 'Penicillin Allergy');
INSERT INTO MEDICAL_RECORD (MEDICAL_ID, STUDENT_ID, ILLNESS_TYPE) VALUES (2, 2, 'Asthma');
INSERT INTO MEDICAL_RECORD (MEDICAL_ID, STUDENT_ID, ILLNESS_TYPE) VALUES (3, 3, 'Penicillin Allergy');
INSERT INTO MEDICAL_RECORD (MEDICAL_ID, STUDENT_ID, ILLNESS_TYPE) VALUES (4, 4, 'Asthma');
INSERT INTO MEDICAL_RECORD (MEDICAL_ID, STUDENT_ID, ILLNESS_TYPE) VALUES (5, 5, 'Penicillin Allergy');
INSERT INTO MEDICAL_RECORD (MEDICAL_ID, STUDENT_ID, ILLNESS_TYPE) VALUES (6, 6, 'Asthma');
INSERT INTO MEDICAL_RECORD (MEDICAL_ID, STUDENT_ID, ILLNESS_TYPE) VALUES (7, 7, 'Penicillin Allergy');
INSERT INTO MEDICAL_RECORD (MEDICAL_ID, STUDENT_ID, ILLNESS_TYPE) VALUES (8, 8, 'Asthma');
INSERT INTO MEDICAL_RECORD (MEDICAL_ID, STUDENT_ID, ILLNESS_TYPE) VALUES (9, 9, 'Penicillin Allergy');
INSERT INTO MEDICAL_RECORD (MEDICAL_ID, STUDENT_ID, ILLNESS_TYPE) VALUES (10, 10, 'Asthma');

-- 30. Insert Student Medical History
INSERT INTO STUDENT_MEDICAL_HISTORY (STUDENT_ID, MEDICAL_NOTE) VALUES (1, 'Requires inhaler accessibility at all times');
INSERT INTO STUDENT_MEDICAL_HISTORY (STUDENT_ID, MEDICAL_NOTE) VALUES (2, 'Requires inhaler accessibility at all times');
INSERT INTO STUDENT_MEDICAL_HISTORY (STUDENT_ID, MEDICAL_NOTE) VALUES (3, 'Requires inhaler accessibility at all times');
INSERT INTO STUDENT_MEDICAL_HISTORY (STUDENT_ID, MEDICAL_NOTE) VALUES (4, 'Requires inhaler accessibility at all times');
INSERT INTO STUDENT_MEDICAL_HISTORY (STUDENT_ID, MEDICAL_NOTE) VALUES (5, 'Requires inhaler accessibility at all times');
INSERT INTO STUDENT_MEDICAL_HISTORY (STUDENT_ID, MEDICAL_NOTE) VALUES (6, 'Requires inhaler accessibility at all times');
INSERT INTO STUDENT_MEDICAL_HISTORY (STUDENT_ID, MEDICAL_NOTE) VALUES (7, 'Requires inhaler accessibility at all times');
INSERT INTO STUDENT_MEDICAL_HISTORY (STUDENT_ID, MEDICAL_NOTE) VALUES (8, 'Requires inhaler accessibility at all times');
INSERT INTO STUDENT_MEDICAL_HISTORY (STUDENT_ID, MEDICAL_NOTE) VALUES (9, 'Requires inhaler accessibility at all times');
INSERT INTO STUDENT_MEDICAL_HISTORY (STUDENT_ID, MEDICAL_NOTE) VALUES (10, 'Requires inhaler accessibility at all times');

-- 31. Insert Student Evaluations
INSERT INTO STUDENT_EVALUATION (EVALUATION_ID, STUDENT_ID, USER_ID, EVALUATION_DATE, SCORE, EVALUATION_TEXT, EVALUATION_NOTE) VALUES (1, 1, 5, DATE '2025-11-25', 81, 'Excellent class participation and highly disciplined.', 'Keep up the good work');
INSERT INTO STUDENT_EVALUATION (EVALUATION_ID, STUDENT_ID, USER_ID, EVALUATION_DATE, SCORE, EVALUATION_TEXT, EVALUATION_NOTE) VALUES (2, 2, 6, DATE '2025-11-25', 82, 'Excellent class participation and highly disciplined.', 'Keep up the good work');
INSERT INTO STUDENT_EVALUATION (EVALUATION_ID, STUDENT_ID, USER_ID, EVALUATION_DATE, SCORE, EVALUATION_TEXT, EVALUATION_NOTE) VALUES (3, 3, 7, DATE '2025-11-25', 83, 'Excellent class participation and highly disciplined.', 'Keep up the good work');
INSERT INTO STUDENT_EVALUATION (EVALUATION_ID, STUDENT_ID, USER_ID, EVALUATION_DATE, SCORE, EVALUATION_TEXT, EVALUATION_NOTE) VALUES (4, 4, 8, DATE '2025-11-25', 84, 'Excellent class participation and highly disciplined.', 'Keep up the good work');
INSERT INTO STUDENT_EVALUATION (EVALUATION_ID, STUDENT_ID, USER_ID, EVALUATION_DATE, SCORE, EVALUATION_TEXT, EVALUATION_NOTE) VALUES (5, 5, 9, DATE '2025-11-25', 85, 'Excellent class participation and highly disciplined.', 'Keep up the good work');
INSERT INTO STUDENT_EVALUATION (EVALUATION_ID, STUDENT_ID, USER_ID, EVALUATION_DATE, SCORE, EVALUATION_TEXT, EVALUATION_NOTE) VALUES (6, 6, 10, DATE '2025-11-25', 86, 'Excellent class participation and highly disciplined.', 'Keep up the good work');
INSERT INTO STUDENT_EVALUATION (EVALUATION_ID, STUDENT_ID, USER_ID, EVALUATION_DATE, SCORE, EVALUATION_TEXT, EVALUATION_NOTE) VALUES (7, 7, 11, DATE '2025-11-25', 87, 'Excellent class participation and highly disciplined.', 'Keep up the good work');
INSERT INTO STUDENT_EVALUATION (EVALUATION_ID, STUDENT_ID, USER_ID, EVALUATION_DATE, SCORE, EVALUATION_TEXT, EVALUATION_NOTE) VALUES (8, 8, 12, DATE '2025-11-25', 88, 'Excellent class participation and highly disciplined.', 'Keep up the good work');
INSERT INTO STUDENT_EVALUATION (EVALUATION_ID, STUDENT_ID, USER_ID, EVALUATION_DATE, SCORE, EVALUATION_TEXT, EVALUATION_NOTE) VALUES (9, 9, 13, DATE '2025-11-25', 89, 'Excellent class participation and highly disciplined.', 'Keep up the good work');
INSERT INTO STUDENT_EVALUATION (EVALUATION_ID, STUDENT_ID, USER_ID, EVALUATION_DATE, SCORE, EVALUATION_TEXT, EVALUATION_NOTE) VALUES (10, 10, 4, DATE '2025-11-25', 90, 'Excellent class participation and highly disciplined.', 'Keep up the good work');
INSERT INTO STUDENT_EVALUATION (EVALUATION_ID, STUDENT_ID, USER_ID, EVALUATION_DATE, SCORE, EVALUATION_TEXT, EVALUATION_NOTE) VALUES (11, 11, 5, DATE '2025-11-25', 91, 'Excellent class participation and highly disciplined.', 'Keep up the good work');
INSERT INTO STUDENT_EVALUATION (EVALUATION_ID, STUDENT_ID, USER_ID, EVALUATION_DATE, SCORE, EVALUATION_TEXT, EVALUATION_NOTE) VALUES (12, 12, 6, DATE '2025-11-25', 92, 'Excellent class participation and highly disciplined.', 'Keep up the good work');
INSERT INTO STUDENT_EVALUATION (EVALUATION_ID, STUDENT_ID, USER_ID, EVALUATION_DATE, SCORE, EVALUATION_TEXT, EVALUATION_NOTE) VALUES (13, 13, 7, DATE '2025-11-25', 93, 'Excellent class participation and highly disciplined.', 'Keep up the good work');
INSERT INTO STUDENT_EVALUATION (EVALUATION_ID, STUDENT_ID, USER_ID, EVALUATION_DATE, SCORE, EVALUATION_TEXT, EVALUATION_NOTE) VALUES (14, 14, 8, DATE '2025-11-25', 94, 'Excellent class participation and highly disciplined.', 'Keep up the good work');
INSERT INTO STUDENT_EVALUATION (EVALUATION_ID, STUDENT_ID, USER_ID, EVALUATION_DATE, SCORE, EVALUATION_TEXT, EVALUATION_NOTE) VALUES (15, 15, 9, DATE '2025-11-25', 95, 'Excellent class participation and highly disciplined.', 'Keep up the good work');

-- 32. Insert Student Feedback
INSERT INTO STUDENT_FEEDBACK (FEEDBACK_ID, STUDENT_ID, USER_ID, FEEDBACK_DATE, PERFORMANCE_NOTES, BEHAVIOR_NOTES, RECOMMENDATIONS) VALUES (1, 1, 135, DATE '2025-11-28', 'Student is showing steady academic improvement.', 'Polite and cooperative behavior.', 'Recommend focused math exercises.');
INSERT INTO STUDENT_FEEDBACK (FEEDBACK_ID, STUDENT_ID, USER_ID, FEEDBACK_DATE, PERFORMANCE_NOTES, BEHAVIOR_NOTES, RECOMMENDATIONS) VALUES (2, 2, 136, DATE '2025-11-28', 'Student is showing steady academic improvement.', 'Polite and cooperative behavior.', 'Recommend focused math exercises.');
INSERT INTO STUDENT_FEEDBACK (FEEDBACK_ID, STUDENT_ID, USER_ID, FEEDBACK_DATE, PERFORMANCE_NOTES, BEHAVIOR_NOTES, RECOMMENDATIONS) VALUES (3, 3, 137, DATE '2025-11-28', 'Student is showing steady academic improvement.', 'Polite and cooperative behavior.', 'Recommend focused math exercises.');
INSERT INTO STUDENT_FEEDBACK (FEEDBACK_ID, STUDENT_ID, USER_ID, FEEDBACK_DATE, PERFORMANCE_NOTES, BEHAVIOR_NOTES, RECOMMENDATIONS) VALUES (4, 4, 138, DATE '2025-11-28', 'Student is showing steady academic improvement.', 'Polite and cooperative behavior.', 'Recommend focused math exercises.');
INSERT INTO STUDENT_FEEDBACK (FEEDBACK_ID, STUDENT_ID, USER_ID, FEEDBACK_DATE, PERFORMANCE_NOTES, BEHAVIOR_NOTES, RECOMMENDATIONS) VALUES (5, 5, 139, DATE '2025-11-28', 'Student is showing steady academic improvement.', 'Polite and cooperative behavior.', 'Recommend focused math exercises.');
INSERT INTO STUDENT_FEEDBACK (FEEDBACK_ID, STUDENT_ID, USER_ID, FEEDBACK_DATE, PERFORMANCE_NOTES, BEHAVIOR_NOTES, RECOMMENDATIONS) VALUES (6, 6, 140, DATE '2025-11-28', 'Student is showing steady academic improvement.', 'Polite and cooperative behavior.', 'Recommend focused math exercises.');
INSERT INTO STUDENT_FEEDBACK (FEEDBACK_ID, STUDENT_ID, USER_ID, FEEDBACK_DATE, PERFORMANCE_NOTES, BEHAVIOR_NOTES, RECOMMENDATIONS) VALUES (7, 7, 141, DATE '2025-11-28', 'Student is showing steady academic improvement.', 'Polite and cooperative behavior.', 'Recommend focused math exercises.');
INSERT INTO STUDENT_FEEDBACK (FEEDBACK_ID, STUDENT_ID, USER_ID, FEEDBACK_DATE, PERFORMANCE_NOTES, BEHAVIOR_NOTES, RECOMMENDATIONS) VALUES (8, 8, 142, DATE '2025-11-28', 'Student is showing steady academic improvement.', 'Polite and cooperative behavior.', 'Recommend focused math exercises.');
INSERT INTO STUDENT_FEEDBACK (FEEDBACK_ID, STUDENT_ID, USER_ID, FEEDBACK_DATE, PERFORMANCE_NOTES, BEHAVIOR_NOTES, RECOMMENDATIONS) VALUES (9, 9, 143, DATE '2025-11-28', 'Student is showing steady academic improvement.', 'Polite and cooperative behavior.', 'Recommend focused math exercises.');
INSERT INTO STUDENT_FEEDBACK (FEEDBACK_ID, STUDENT_ID, USER_ID, FEEDBACK_DATE, PERFORMANCE_NOTES, BEHAVIOR_NOTES, RECOMMENDATIONS) VALUES (10, 10, 144, DATE '2025-11-28', 'Student is showing steady academic improvement.', 'Polite and cooperative behavior.', 'Recommend focused math exercises.');

-- 33. Insert Engineer Feedback
INSERT INTO ENGINEER_FEEDBACK (FEEDBACK_ID, USER_ID, TEACHER_ID, FEEDBACK_DATE, FEEDBACK, NOTES) VALUES (1, 2, 1, DATE '2025-12-05', 'Demonstrated great use of digital materials during evaluation.', 'Highly efficient class execution');
INSERT INTO ENGINEER_FEEDBACK (FEEDBACK_ID, USER_ID, TEACHER_ID, FEEDBACK_DATE, FEEDBACK, NOTES) VALUES (2, 3, 2, DATE '2025-12-05', 'Demonstrated great use of digital materials during evaluation.', 'Highly efficient class execution');
INSERT INTO ENGINEER_FEEDBACK (FEEDBACK_ID, USER_ID, TEACHER_ID, FEEDBACK_DATE, FEEDBACK, NOTES) VALUES (3, 1, 3, DATE '2025-12-05', 'Demonstrated great use of digital materials during evaluation.', 'Highly efficient class execution');
INSERT INTO ENGINEER_FEEDBACK (FEEDBACK_ID, USER_ID, TEACHER_ID, FEEDBACK_DATE, FEEDBACK, NOTES) VALUES (4, 2, 4, DATE '2025-12-05', 'Demonstrated great use of digital materials during evaluation.', 'Highly efficient class execution');
INSERT INTO ENGINEER_FEEDBACK (FEEDBACK_ID, USER_ID, TEACHER_ID, FEEDBACK_DATE, FEEDBACK, NOTES) VALUES (5, 3, 5, DATE '2025-12-05', 'Demonstrated great use of digital materials during evaluation.', 'Highly efficient class execution');

-- 34. Insert Parent Have Student Links
INSERT INTO PARENT_HAVE_STUDENT (PARENT_ID, STUDENT_ID, PARENT_ROLE, IS_GUARDIAN) VALUES (1, 1, 'Mother', 1);
INSERT INTO PARENT_HAVE_STUDENT (PARENT_ID, STUDENT_ID, PARENT_ROLE, IS_GUARDIAN) VALUES (1, 2, 'Mother', 0);
INSERT INTO PARENT_HAVE_STUDENT (PARENT_ID, STUDENT_ID, PARENT_ROLE, IS_GUARDIAN) VALUES (2, 3, 'Father', 1);
INSERT INTO PARENT_HAVE_STUDENT (PARENT_ID, STUDENT_ID, PARENT_ROLE, IS_GUARDIAN) VALUES (2, 4, 'Father', 0);
INSERT INTO PARENT_HAVE_STUDENT (PARENT_ID, STUDENT_ID, PARENT_ROLE, IS_GUARDIAN) VALUES (3, 5, 'Mother', 1);
INSERT INTO PARENT_HAVE_STUDENT (PARENT_ID, STUDENT_ID, PARENT_ROLE, IS_GUARDIAN) VALUES (3, 6, 'Mother', 0);
INSERT INTO PARENT_HAVE_STUDENT (PARENT_ID, STUDENT_ID, PARENT_ROLE, IS_GUARDIAN) VALUES (4, 7, 'Father', 1);
INSERT INTO PARENT_HAVE_STUDENT (PARENT_ID, STUDENT_ID, PARENT_ROLE, IS_GUARDIAN) VALUES (4, 8, 'Father', 0);
INSERT INTO PARENT_HAVE_STUDENT (PARENT_ID, STUDENT_ID, PARENT_ROLE, IS_GUARDIAN) VALUES (5, 9, 'Mother', 1);
INSERT INTO PARENT_HAVE_STUDENT (PARENT_ID, STUDENT_ID, PARENT_ROLE, IS_GUARDIAN) VALUES (5, 10, 'Mother', 0);
INSERT INTO PARENT_HAVE_STUDENT (PARENT_ID, STUDENT_ID, PARENT_ROLE, IS_GUARDIAN) VALUES (6, 11, 'Father', 1);
INSERT INTO PARENT_HAVE_STUDENT (PARENT_ID, STUDENT_ID, PARENT_ROLE, IS_GUARDIAN) VALUES (6, 12, 'Father', 0);
INSERT INTO PARENT_HAVE_STUDENT (PARENT_ID, STUDENT_ID, PARENT_ROLE, IS_GUARDIAN) VALUES (7, 13, 'Mother', 1);
INSERT INTO PARENT_HAVE_STUDENT (PARENT_ID, STUDENT_ID, PARENT_ROLE, IS_GUARDIAN) VALUES (7, 14, 'Mother', 0);
INSERT INTO PARENT_HAVE_STUDENT (PARENT_ID, STUDENT_ID, PARENT_ROLE, IS_GUARDIAN) VALUES (8, 15, 'Father', 1);
INSERT INTO PARENT_HAVE_STUDENT (PARENT_ID, STUDENT_ID, PARENT_ROLE, IS_GUARDIAN) VALUES (8, 16, 'Father', 0);
INSERT INTO PARENT_HAVE_STUDENT (PARENT_ID, STUDENT_ID, PARENT_ROLE, IS_GUARDIAN) VALUES (9, 17, 'Mother', 1);
INSERT INTO PARENT_HAVE_STUDENT (PARENT_ID, STUDENT_ID, PARENT_ROLE, IS_GUARDIAN) VALUES (9, 18, 'Mother', 0);
INSERT INTO PARENT_HAVE_STUDENT (PARENT_ID, STUDENT_ID, PARENT_ROLE, IS_GUARDIAN) VALUES (10, 19, 'Father', 1);
INSERT INTO PARENT_HAVE_STUDENT (PARENT_ID, STUDENT_ID, PARENT_ROLE, IS_GUARDIAN) VALUES (10, 20, 'Father', 0);
INSERT INTO PARENT_HAVE_STUDENT (PARENT_ID, STUDENT_ID, PARENT_ROLE, IS_GUARDIAN) VALUES (11, 21, 'Mother', 1);
INSERT INTO PARENT_HAVE_STUDENT (PARENT_ID, STUDENT_ID, PARENT_ROLE, IS_GUARDIAN) VALUES (11, 22, 'Mother', 0);
INSERT INTO PARENT_HAVE_STUDENT (PARENT_ID, STUDENT_ID, PARENT_ROLE, IS_GUARDIAN) VALUES (12, 23, 'Father', 1);
INSERT INTO PARENT_HAVE_STUDENT (PARENT_ID, STUDENT_ID, PARENT_ROLE, IS_GUARDIAN) VALUES (12, 24, 'Father', 0);
INSERT INTO PARENT_HAVE_STUDENT (PARENT_ID, STUDENT_ID, PARENT_ROLE, IS_GUARDIAN) VALUES (13, 25, 'Mother', 1);
INSERT INTO PARENT_HAVE_STUDENT (PARENT_ID, STUDENT_ID, PARENT_ROLE, IS_GUARDIAN) VALUES (13, 26, 'Mother', 0);
INSERT INTO PARENT_HAVE_STUDENT (PARENT_ID, STUDENT_ID, PARENT_ROLE, IS_GUARDIAN) VALUES (14, 27, 'Father', 1);
INSERT INTO PARENT_HAVE_STUDENT (PARENT_ID, STUDENT_ID, PARENT_ROLE, IS_GUARDIAN) VALUES (14, 28, 'Father', 0);
INSERT INTO PARENT_HAVE_STUDENT (PARENT_ID, STUDENT_ID, PARENT_ROLE, IS_GUARDIAN) VALUES (15, 29, 'Mother', 1);
INSERT INTO PARENT_HAVE_STUDENT (PARENT_ID, STUDENT_ID, PARENT_ROLE, IS_GUARDIAN) VALUES (15, 30, 'Mother', 0);
INSERT INTO PARENT_HAVE_STUDENT (PARENT_ID, STUDENT_ID, PARENT_ROLE, IS_GUARDIAN) VALUES (16, 31, 'Father', 1);
INSERT INTO PARENT_HAVE_STUDENT (PARENT_ID, STUDENT_ID, PARENT_ROLE, IS_GUARDIAN) VALUES (16, 32, 'Father', 0);
INSERT INTO PARENT_HAVE_STUDENT (PARENT_ID, STUDENT_ID, PARENT_ROLE, IS_GUARDIAN) VALUES (17, 33, 'Mother', 1);
INSERT INTO PARENT_HAVE_STUDENT (PARENT_ID, STUDENT_ID, PARENT_ROLE, IS_GUARDIAN) VALUES (17, 34, 'Mother', 0);
INSERT INTO PARENT_HAVE_STUDENT (PARENT_ID, STUDENT_ID, PARENT_ROLE, IS_GUARDIAN) VALUES (18, 35, 'Father', 1);
INSERT INTO PARENT_HAVE_STUDENT (PARENT_ID, STUDENT_ID, PARENT_ROLE, IS_GUARDIAN) VALUES (18, 36, 'Father', 0);
INSERT INTO PARENT_HAVE_STUDENT (PARENT_ID, STUDENT_ID, PARENT_ROLE, IS_GUARDIAN) VALUES (19, 37, 'Mother', 1);
INSERT INTO PARENT_HAVE_STUDENT (PARENT_ID, STUDENT_ID, PARENT_ROLE, IS_GUARDIAN) VALUES (19, 38, 'Mother', 0);
INSERT INTO PARENT_HAVE_STUDENT (PARENT_ID, STUDENT_ID, PARENT_ROLE, IS_GUARDIAN) VALUES (20, 39, 'Father', 1);
INSERT INTO PARENT_HAVE_STUDENT (PARENT_ID, STUDENT_ID, PARENT_ROLE, IS_GUARDIAN) VALUES (20, 40, 'Father', 0);
INSERT INTO PARENT_HAVE_STUDENT (PARENT_ID, STUDENT_ID, PARENT_ROLE, IS_GUARDIAN) VALUES (21, 41, 'Mother', 1);
INSERT INTO PARENT_HAVE_STUDENT (PARENT_ID, STUDENT_ID, PARENT_ROLE, IS_GUARDIAN) VALUES (21, 42, 'Mother', 0);
INSERT INTO PARENT_HAVE_STUDENT (PARENT_ID, STUDENT_ID, PARENT_ROLE, IS_GUARDIAN) VALUES (22, 43, 'Father', 1);
INSERT INTO PARENT_HAVE_STUDENT (PARENT_ID, STUDENT_ID, PARENT_ROLE, IS_GUARDIAN) VALUES (22, 44, 'Father', 0);
INSERT INTO PARENT_HAVE_STUDENT (PARENT_ID, STUDENT_ID, PARENT_ROLE, IS_GUARDIAN) VALUES (23, 45, 'Mother', 1);
INSERT INTO PARENT_HAVE_STUDENT (PARENT_ID, STUDENT_ID, PARENT_ROLE, IS_GUARDIAN) VALUES (23, 46, 'Mother', 0);
INSERT INTO PARENT_HAVE_STUDENT (PARENT_ID, STUDENT_ID, PARENT_ROLE, IS_GUARDIAN) VALUES (24, 47, 'Father', 1);
INSERT INTO PARENT_HAVE_STUDENT (PARENT_ID, STUDENT_ID, PARENT_ROLE, IS_GUARDIAN) VALUES (24, 48, 'Father', 0);
INSERT INTO PARENT_HAVE_STUDENT (PARENT_ID, STUDENT_ID, PARENT_ROLE, IS_GUARDIAN) VALUES (25, 49, 'Mother', 1);
INSERT INTO PARENT_HAVE_STUDENT (PARENT_ID, STUDENT_ID, PARENT_ROLE, IS_GUARDIAN) VALUES (25, 50, 'Mother', 0);
INSERT INTO PARENT_HAVE_STUDENT (PARENT_ID, STUDENT_ID, PARENT_ROLE, IS_GUARDIAN) VALUES (26, 51, 'Father', 1);
INSERT INTO PARENT_HAVE_STUDENT (PARENT_ID, STUDENT_ID, PARENT_ROLE, IS_GUARDIAN) VALUES (26, 52, 'Father', 0);
INSERT INTO PARENT_HAVE_STUDENT (PARENT_ID, STUDENT_ID, PARENT_ROLE, IS_GUARDIAN) VALUES (27, 53, 'Mother', 1);
INSERT INTO PARENT_HAVE_STUDENT (PARENT_ID, STUDENT_ID, PARENT_ROLE, IS_GUARDIAN) VALUES (27, 54, 'Mother', 0);
INSERT INTO PARENT_HAVE_STUDENT (PARENT_ID, STUDENT_ID, PARENT_ROLE, IS_GUARDIAN) VALUES (28, 55, 'Father', 1);
INSERT INTO PARENT_HAVE_STUDENT (PARENT_ID, STUDENT_ID, PARENT_ROLE, IS_GUARDIAN) VALUES (28, 56, 'Father', 0);
INSERT INTO PARENT_HAVE_STUDENT (PARENT_ID, STUDENT_ID, PARENT_ROLE, IS_GUARDIAN) VALUES (29, 57, 'Mother', 1);
INSERT INTO PARENT_HAVE_STUDENT (PARENT_ID, STUDENT_ID, PARENT_ROLE, IS_GUARDIAN) VALUES (29, 58, 'Mother', 0);
INSERT INTO PARENT_HAVE_STUDENT (PARENT_ID, STUDENT_ID, PARENT_ROLE, IS_GUARDIAN) VALUES (30, 59, 'Father', 1);
INSERT INTO PARENT_HAVE_STUDENT (PARENT_ID, STUDENT_ID, PARENT_ROLE, IS_GUARDIAN) VALUES (30, 60, 'Father', 0);
INSERT INTO PARENT_HAVE_STUDENT (PARENT_ID, STUDENT_ID, PARENT_ROLE, IS_GUARDIAN) VALUES (31, 61, 'Mother', 1);
INSERT INTO PARENT_HAVE_STUDENT (PARENT_ID, STUDENT_ID, PARENT_ROLE, IS_GUARDIAN) VALUES (31, 62, 'Mother', 0);
INSERT INTO PARENT_HAVE_STUDENT (PARENT_ID, STUDENT_ID, PARENT_ROLE, IS_GUARDIAN) VALUES (32, 63, 'Father', 1);
INSERT INTO PARENT_HAVE_STUDENT (PARENT_ID, STUDENT_ID, PARENT_ROLE, IS_GUARDIAN) VALUES (32, 64, 'Father', 0);
INSERT INTO PARENT_HAVE_STUDENT (PARENT_ID, STUDENT_ID, PARENT_ROLE, IS_GUARDIAN) VALUES (33, 65, 'Mother', 1);
INSERT INTO PARENT_HAVE_STUDENT (PARENT_ID, STUDENT_ID, PARENT_ROLE, IS_GUARDIAN) VALUES (33, 66, 'Mother', 0);
INSERT INTO PARENT_HAVE_STUDENT (PARENT_ID, STUDENT_ID, PARENT_ROLE, IS_GUARDIAN) VALUES (34, 67, 'Father', 1);
INSERT INTO PARENT_HAVE_STUDENT (PARENT_ID, STUDENT_ID, PARENT_ROLE, IS_GUARDIAN) VALUES (34, 68, 'Father', 0);
INSERT INTO PARENT_HAVE_STUDENT (PARENT_ID, STUDENT_ID, PARENT_ROLE, IS_GUARDIAN) VALUES (35, 69, 'Mother', 1);
INSERT INTO PARENT_HAVE_STUDENT (PARENT_ID, STUDENT_ID, PARENT_ROLE, IS_GUARDIAN) VALUES (35, 70, 'Mother', 0);
INSERT INTO PARENT_HAVE_STUDENT (PARENT_ID, STUDENT_ID, PARENT_ROLE, IS_GUARDIAN) VALUES (36, 71, 'Father', 1);
INSERT INTO PARENT_HAVE_STUDENT (PARENT_ID, STUDENT_ID, PARENT_ROLE, IS_GUARDIAN) VALUES (36, 72, 'Father', 0);
INSERT INTO PARENT_HAVE_STUDENT (PARENT_ID, STUDENT_ID, PARENT_ROLE, IS_GUARDIAN) VALUES (37, 73, 'Mother', 1);
INSERT INTO PARENT_HAVE_STUDENT (PARENT_ID, STUDENT_ID, PARENT_ROLE, IS_GUARDIAN) VALUES (37, 74, 'Mother', 0);
INSERT INTO PARENT_HAVE_STUDENT (PARENT_ID, STUDENT_ID, PARENT_ROLE, IS_GUARDIAN) VALUES (38, 75, 'Father', 1);
INSERT INTO PARENT_HAVE_STUDENT (PARENT_ID, STUDENT_ID, PARENT_ROLE, IS_GUARDIAN) VALUES (38, 76, 'Father', 0);
INSERT INTO PARENT_HAVE_STUDENT (PARENT_ID, STUDENT_ID, PARENT_ROLE, IS_GUARDIAN) VALUES (39, 77, 'Mother', 1);
INSERT INTO PARENT_HAVE_STUDENT (PARENT_ID, STUDENT_ID, PARENT_ROLE, IS_GUARDIAN) VALUES (39, 78, 'Mother', 0);
INSERT INTO PARENT_HAVE_STUDENT (PARENT_ID, STUDENT_ID, PARENT_ROLE, IS_GUARDIAN) VALUES (40, 79, 'Father', 1);
INSERT INTO PARENT_HAVE_STUDENT (PARENT_ID, STUDENT_ID, PARENT_ROLE, IS_GUARDIAN) VALUES (40, 80, 'Father', 0);
INSERT INTO PARENT_HAVE_STUDENT (PARENT_ID, STUDENT_ID, PARENT_ROLE, IS_GUARDIAN) VALUES (41, 81, 'Mother', 1);
INSERT INTO PARENT_HAVE_STUDENT (PARENT_ID, STUDENT_ID, PARENT_ROLE, IS_GUARDIAN) VALUES (41, 82, 'Mother', 0);
INSERT INTO PARENT_HAVE_STUDENT (PARENT_ID, STUDENT_ID, PARENT_ROLE, IS_GUARDIAN) VALUES (42, 83, 'Father', 1);
INSERT INTO PARENT_HAVE_STUDENT (PARENT_ID, STUDENT_ID, PARENT_ROLE, IS_GUARDIAN) VALUES (42, 84, 'Father', 0);
INSERT INTO PARENT_HAVE_STUDENT (PARENT_ID, STUDENT_ID, PARENT_ROLE, IS_GUARDIAN) VALUES (43, 85, 'Mother', 1);
INSERT INTO PARENT_HAVE_STUDENT (PARENT_ID, STUDENT_ID, PARENT_ROLE, IS_GUARDIAN) VALUES (43, 86, 'Mother', 0);
INSERT INTO PARENT_HAVE_STUDENT (PARENT_ID, STUDENT_ID, PARENT_ROLE, IS_GUARDIAN) VALUES (44, 87, 'Father', 1);
INSERT INTO PARENT_HAVE_STUDENT (PARENT_ID, STUDENT_ID, PARENT_ROLE, IS_GUARDIAN) VALUES (44, 88, 'Father', 0);
INSERT INTO PARENT_HAVE_STUDENT (PARENT_ID, STUDENT_ID, PARENT_ROLE, IS_GUARDIAN) VALUES (45, 89, 'Mother', 1);
INSERT INTO PARENT_HAVE_STUDENT (PARENT_ID, STUDENT_ID, PARENT_ROLE, IS_GUARDIAN) VALUES (45, 90, 'Mother', 0);
INSERT INTO PARENT_HAVE_STUDENT (PARENT_ID, STUDENT_ID, PARENT_ROLE, IS_GUARDIAN) VALUES (46, 91, 'Father', 1);
INSERT INTO PARENT_HAVE_STUDENT (PARENT_ID, STUDENT_ID, PARENT_ROLE, IS_GUARDIAN) VALUES (46, 92, 'Father', 0);
INSERT INTO PARENT_HAVE_STUDENT (PARENT_ID, STUDENT_ID, PARENT_ROLE, IS_GUARDIAN) VALUES (47, 93, 'Mother', 1);
INSERT INTO PARENT_HAVE_STUDENT (PARENT_ID, STUDENT_ID, PARENT_ROLE, IS_GUARDIAN) VALUES (47, 94, 'Mother', 0);
INSERT INTO PARENT_HAVE_STUDENT (PARENT_ID, STUDENT_ID, PARENT_ROLE, IS_GUARDIAN) VALUES (48, 95, 'Father', 1);
INSERT INTO PARENT_HAVE_STUDENT (PARENT_ID, STUDENT_ID, PARENT_ROLE, IS_GUARDIAN) VALUES (48, 96, 'Father', 0);
INSERT INTO PARENT_HAVE_STUDENT (PARENT_ID, STUDENT_ID, PARENT_ROLE, IS_GUARDIAN) VALUES (49, 97, 'Mother', 1);
INSERT INTO PARENT_HAVE_STUDENT (PARENT_ID, STUDENT_ID, PARENT_ROLE, IS_GUARDIAN) VALUES (49, 98, 'Mother', 0);
INSERT INTO PARENT_HAVE_STUDENT (PARENT_ID, STUDENT_ID, PARENT_ROLE, IS_GUARDIAN) VALUES (50, 99, 'Father', 1);
INSERT INTO PARENT_HAVE_STUDENT (PARENT_ID, STUDENT_ID, PARENT_ROLE, IS_GUARDIAN) VALUES (50, 100, 'Father', 0);
INSERT INTO PARENT_HAVE_STUDENT (PARENT_ID, STUDENT_ID, PARENT_ROLE, IS_GUARDIAN) VALUES (51, 101, 'Mother', 1);
INSERT INTO PARENT_HAVE_STUDENT (PARENT_ID, STUDENT_ID, PARENT_ROLE, IS_GUARDIAN) VALUES (51, 102, 'Mother', 0);
INSERT INTO PARENT_HAVE_STUDENT (PARENT_ID, STUDENT_ID, PARENT_ROLE, IS_GUARDIAN) VALUES (52, 103, 'Father', 1);
INSERT INTO PARENT_HAVE_STUDENT (PARENT_ID, STUDENT_ID, PARENT_ROLE, IS_GUARDIAN) VALUES (52, 104, 'Father', 0);
INSERT INTO PARENT_HAVE_STUDENT (PARENT_ID, STUDENT_ID, PARENT_ROLE, IS_GUARDIAN) VALUES (53, 105, 'Mother', 1);
INSERT INTO PARENT_HAVE_STUDENT (PARENT_ID, STUDENT_ID, PARENT_ROLE, IS_GUARDIAN) VALUES (53, 106, 'Mother', 0);
INSERT INTO PARENT_HAVE_STUDENT (PARENT_ID, STUDENT_ID, PARENT_ROLE, IS_GUARDIAN) VALUES (54, 107, 'Father', 1);
INSERT INTO PARENT_HAVE_STUDENT (PARENT_ID, STUDENT_ID, PARENT_ROLE, IS_GUARDIAN) VALUES (54, 108, 'Father', 0);
INSERT INTO PARENT_HAVE_STUDENT (PARENT_ID, STUDENT_ID, PARENT_ROLE, IS_GUARDIAN) VALUES (55, 109, 'Mother', 1);
INSERT INTO PARENT_HAVE_STUDENT (PARENT_ID, STUDENT_ID, PARENT_ROLE, IS_GUARDIAN) VALUES (55, 110, 'Mother', 0);
INSERT INTO PARENT_HAVE_STUDENT (PARENT_ID, STUDENT_ID, PARENT_ROLE, IS_GUARDIAN) VALUES (56, 111, 'Father', 1);
INSERT INTO PARENT_HAVE_STUDENT (PARENT_ID, STUDENT_ID, PARENT_ROLE, IS_GUARDIAN) VALUES (56, 112, 'Father', 0);
INSERT INTO PARENT_HAVE_STUDENT (PARENT_ID, STUDENT_ID, PARENT_ROLE, IS_GUARDIAN) VALUES (57, 113, 'Mother', 1);
INSERT INTO PARENT_HAVE_STUDENT (PARENT_ID, STUDENT_ID, PARENT_ROLE, IS_GUARDIAN) VALUES (57, 114, 'Mother', 0);
INSERT INTO PARENT_HAVE_STUDENT (PARENT_ID, STUDENT_ID, PARENT_ROLE, IS_GUARDIAN) VALUES (58, 115, 'Father', 1);
INSERT INTO PARENT_HAVE_STUDENT (PARENT_ID, STUDENT_ID, PARENT_ROLE, IS_GUARDIAN) VALUES (58, 116, 'Father', 0);
INSERT INTO PARENT_HAVE_STUDENT (PARENT_ID, STUDENT_ID, PARENT_ROLE, IS_GUARDIAN) VALUES (59, 117, 'Mother', 1);
INSERT INTO PARENT_HAVE_STUDENT (PARENT_ID, STUDENT_ID, PARENT_ROLE, IS_GUARDIAN) VALUES (59, 118, 'Mother', 0);
INSERT INTO PARENT_HAVE_STUDENT (PARENT_ID, STUDENT_ID, PARENT_ROLE, IS_GUARDIAN) VALUES (60, 119, 'Father', 1);
INSERT INTO PARENT_HAVE_STUDENT (PARENT_ID, STUDENT_ID, PARENT_ROLE, IS_GUARDIAN) VALUES (60, 120, 'Father', 0);

-- 35. Insert Students Parents Links
INSERT INTO STUDENTS_PARENTS (PARENT_ID, STUDENT_ID, PARENT_ROLE, ISGUARDIAN) VALUES (1, 1, 'Mother', 1);
INSERT INTO STUDENTS_PARENTS (PARENT_ID, STUDENT_ID, PARENT_ROLE, ISGUARDIAN) VALUES (1, 2, 'Mother', 0);
INSERT INTO STUDENTS_PARENTS (PARENT_ID, STUDENT_ID, PARENT_ROLE, ISGUARDIAN) VALUES (2, 3, 'Father', 1);
INSERT INTO STUDENTS_PARENTS (PARENT_ID, STUDENT_ID, PARENT_ROLE, ISGUARDIAN) VALUES (2, 4, 'Father', 0);
INSERT INTO STUDENTS_PARENTS (PARENT_ID, STUDENT_ID, PARENT_ROLE, ISGUARDIAN) VALUES (3, 5, 'Mother', 1);
INSERT INTO STUDENTS_PARENTS (PARENT_ID, STUDENT_ID, PARENT_ROLE, ISGUARDIAN) VALUES (3, 6, 'Mother', 0);
INSERT INTO STUDENTS_PARENTS (PARENT_ID, STUDENT_ID, PARENT_ROLE, ISGUARDIAN) VALUES (4, 7, 'Father', 1);
INSERT INTO STUDENTS_PARENTS (PARENT_ID, STUDENT_ID, PARENT_ROLE, ISGUARDIAN) VALUES (4, 8, 'Father', 0);
INSERT INTO STUDENTS_PARENTS (PARENT_ID, STUDENT_ID, PARENT_ROLE, ISGUARDIAN) VALUES (5, 9, 'Mother', 1);
INSERT INTO STUDENTS_PARENTS (PARENT_ID, STUDENT_ID, PARENT_ROLE, ISGUARDIAN) VALUES (5, 10, 'Mother', 0);
INSERT INTO STUDENTS_PARENTS (PARENT_ID, STUDENT_ID, PARENT_ROLE, ISGUARDIAN) VALUES (6, 11, 'Father', 1);
INSERT INTO STUDENTS_PARENTS (PARENT_ID, STUDENT_ID, PARENT_ROLE, ISGUARDIAN) VALUES (6, 12, 'Father', 0);
INSERT INTO STUDENTS_PARENTS (PARENT_ID, STUDENT_ID, PARENT_ROLE, ISGUARDIAN) VALUES (7, 13, 'Mother', 1);
INSERT INTO STUDENTS_PARENTS (PARENT_ID, STUDENT_ID, PARENT_ROLE, ISGUARDIAN) VALUES (7, 14, 'Mother', 0);
INSERT INTO STUDENTS_PARENTS (PARENT_ID, STUDENT_ID, PARENT_ROLE, ISGUARDIAN) VALUES (8, 15, 'Father', 1);
INSERT INTO STUDENTS_PARENTS (PARENT_ID, STUDENT_ID, PARENT_ROLE, ISGUARDIAN) VALUES (8, 16, 'Father', 0);
INSERT INTO STUDENTS_PARENTS (PARENT_ID, STUDENT_ID, PARENT_ROLE, ISGUARDIAN) VALUES (9, 17, 'Mother', 1);
INSERT INTO STUDENTS_PARENTS (PARENT_ID, STUDENT_ID, PARENT_ROLE, ISGUARDIAN) VALUES (9, 18, 'Mother', 0);
INSERT INTO STUDENTS_PARENTS (PARENT_ID, STUDENT_ID, PARENT_ROLE, ISGUARDIAN) VALUES (10, 19, 'Father', 1);
INSERT INTO STUDENTS_PARENTS (PARENT_ID, STUDENT_ID, PARENT_ROLE, ISGUARDIAN) VALUES (10, 20, 'Father', 0);
INSERT INTO STUDENTS_PARENTS (PARENT_ID, STUDENT_ID, PARENT_ROLE, ISGUARDIAN) VALUES (11, 21, 'Mother', 1);
INSERT INTO STUDENTS_PARENTS (PARENT_ID, STUDENT_ID, PARENT_ROLE, ISGUARDIAN) VALUES (11, 22, 'Mother', 0);
INSERT INTO STUDENTS_PARENTS (PARENT_ID, STUDENT_ID, PARENT_ROLE, ISGUARDIAN) VALUES (12, 23, 'Father', 1);
INSERT INTO STUDENTS_PARENTS (PARENT_ID, STUDENT_ID, PARENT_ROLE, ISGUARDIAN) VALUES (12, 24, 'Father', 0);
INSERT INTO STUDENTS_PARENTS (PARENT_ID, STUDENT_ID, PARENT_ROLE, ISGUARDIAN) VALUES (13, 25, 'Mother', 1);
INSERT INTO STUDENTS_PARENTS (PARENT_ID, STUDENT_ID, PARENT_ROLE, ISGUARDIAN) VALUES (13, 26, 'Mother', 0);
INSERT INTO STUDENTS_PARENTS (PARENT_ID, STUDENT_ID, PARENT_ROLE, ISGUARDIAN) VALUES (14, 27, 'Father', 1);
INSERT INTO STUDENTS_PARENTS (PARENT_ID, STUDENT_ID, PARENT_ROLE, ISGUARDIAN) VALUES (14, 28, 'Father', 0);
INSERT INTO STUDENTS_PARENTS (PARENT_ID, STUDENT_ID, PARENT_ROLE, ISGUARDIAN) VALUES (15, 29, 'Mother', 1);
INSERT INTO STUDENTS_PARENTS (PARENT_ID, STUDENT_ID, PARENT_ROLE, ISGUARDIAN) VALUES (15, 30, 'Mother', 0);
INSERT INTO STUDENTS_PARENTS (PARENT_ID, STUDENT_ID, PARENT_ROLE, ISGUARDIAN) VALUES (16, 31, 'Father', 1);
INSERT INTO STUDENTS_PARENTS (PARENT_ID, STUDENT_ID, PARENT_ROLE, ISGUARDIAN) VALUES (16, 32, 'Father', 0);
INSERT INTO STUDENTS_PARENTS (PARENT_ID, STUDENT_ID, PARENT_ROLE, ISGUARDIAN) VALUES (17, 33, 'Mother', 1);
INSERT INTO STUDENTS_PARENTS (PARENT_ID, STUDENT_ID, PARENT_ROLE, ISGUARDIAN) VALUES (17, 34, 'Mother', 0);
INSERT INTO STUDENTS_PARENTS (PARENT_ID, STUDENT_ID, PARENT_ROLE, ISGUARDIAN) VALUES (18, 35, 'Father', 1);
INSERT INTO STUDENTS_PARENTS (PARENT_ID, STUDENT_ID, PARENT_ROLE, ISGUARDIAN) VALUES (18, 36, 'Father', 0);
INSERT INTO STUDENTS_PARENTS (PARENT_ID, STUDENT_ID, PARENT_ROLE, ISGUARDIAN) VALUES (19, 37, 'Mother', 1);
INSERT INTO STUDENTS_PARENTS (PARENT_ID, STUDENT_ID, PARENT_ROLE, ISGUARDIAN) VALUES (19, 38, 'Mother', 0);
INSERT INTO STUDENTS_PARENTS (PARENT_ID, STUDENT_ID, PARENT_ROLE, ISGUARDIAN) VALUES (20, 39, 'Father', 1);
INSERT INTO STUDENTS_PARENTS (PARENT_ID, STUDENT_ID, PARENT_ROLE, ISGUARDIAN) VALUES (20, 40, 'Father', 0);
INSERT INTO STUDENTS_PARENTS (PARENT_ID, STUDENT_ID, PARENT_ROLE, ISGUARDIAN) VALUES (21, 41, 'Mother', 1);
INSERT INTO STUDENTS_PARENTS (PARENT_ID, STUDENT_ID, PARENT_ROLE, ISGUARDIAN) VALUES (21, 42, 'Mother', 0);
INSERT INTO STUDENTS_PARENTS (PARENT_ID, STUDENT_ID, PARENT_ROLE, ISGUARDIAN) VALUES (22, 43, 'Father', 1);
INSERT INTO STUDENTS_PARENTS (PARENT_ID, STUDENT_ID, PARENT_ROLE, ISGUARDIAN) VALUES (22, 44, 'Father', 0);
INSERT INTO STUDENTS_PARENTS (PARENT_ID, STUDENT_ID, PARENT_ROLE, ISGUARDIAN) VALUES (23, 45, 'Mother', 1);
INSERT INTO STUDENTS_PARENTS (PARENT_ID, STUDENT_ID, PARENT_ROLE, ISGUARDIAN) VALUES (23, 46, 'Mother', 0);
INSERT INTO STUDENTS_PARENTS (PARENT_ID, STUDENT_ID, PARENT_ROLE, ISGUARDIAN) VALUES (24, 47, 'Father', 1);
INSERT INTO STUDENTS_PARENTS (PARENT_ID, STUDENT_ID, PARENT_ROLE, ISGUARDIAN) VALUES (24, 48, 'Father', 0);
INSERT INTO STUDENTS_PARENTS (PARENT_ID, STUDENT_ID, PARENT_ROLE, ISGUARDIAN) VALUES (25, 49, 'Mother', 1);
INSERT INTO STUDENTS_PARENTS (PARENT_ID, STUDENT_ID, PARENT_ROLE, ISGUARDIAN) VALUES (25, 50, 'Mother', 0);
INSERT INTO STUDENTS_PARENTS (PARENT_ID, STUDENT_ID, PARENT_ROLE, ISGUARDIAN) VALUES (26, 51, 'Father', 1);
INSERT INTO STUDENTS_PARENTS (PARENT_ID, STUDENT_ID, PARENT_ROLE, ISGUARDIAN) VALUES (26, 52, 'Father', 0);
INSERT INTO STUDENTS_PARENTS (PARENT_ID, STUDENT_ID, PARENT_ROLE, ISGUARDIAN) VALUES (27, 53, 'Mother', 1);
INSERT INTO STUDENTS_PARENTS (PARENT_ID, STUDENT_ID, PARENT_ROLE, ISGUARDIAN) VALUES (27, 54, 'Mother', 0);
INSERT INTO STUDENTS_PARENTS (PARENT_ID, STUDENT_ID, PARENT_ROLE, ISGUARDIAN) VALUES (28, 55, 'Father', 1);
INSERT INTO STUDENTS_PARENTS (PARENT_ID, STUDENT_ID, PARENT_ROLE, ISGUARDIAN) VALUES (28, 56, 'Father', 0);
INSERT INTO STUDENTS_PARENTS (PARENT_ID, STUDENT_ID, PARENT_ROLE, ISGUARDIAN) VALUES (29, 57, 'Mother', 1);
INSERT INTO STUDENTS_PARENTS (PARENT_ID, STUDENT_ID, PARENT_ROLE, ISGUARDIAN) VALUES (29, 58, 'Mother', 0);
INSERT INTO STUDENTS_PARENTS (PARENT_ID, STUDENT_ID, PARENT_ROLE, ISGUARDIAN) VALUES (30, 59, 'Father', 1);
INSERT INTO STUDENTS_PARENTS (PARENT_ID, STUDENT_ID, PARENT_ROLE, ISGUARDIAN) VALUES (30, 60, 'Father', 0);
INSERT INTO STUDENTS_PARENTS (PARENT_ID, STUDENT_ID, PARENT_ROLE, ISGUARDIAN) VALUES (31, 61, 'Mother', 1);
INSERT INTO STUDENTS_PARENTS (PARENT_ID, STUDENT_ID, PARENT_ROLE, ISGUARDIAN) VALUES (31, 62, 'Mother', 0);
INSERT INTO STUDENTS_PARENTS (PARENT_ID, STUDENT_ID, PARENT_ROLE, ISGUARDIAN) VALUES (32, 63, 'Father', 1);
INSERT INTO STUDENTS_PARENTS (PARENT_ID, STUDENT_ID, PARENT_ROLE, ISGUARDIAN) VALUES (32, 64, 'Father', 0);
INSERT INTO STUDENTS_PARENTS (PARENT_ID, STUDENT_ID, PARENT_ROLE, ISGUARDIAN) VALUES (33, 65, 'Mother', 1);
INSERT INTO STUDENTS_PARENTS (PARENT_ID, STUDENT_ID, PARENT_ROLE, ISGUARDIAN) VALUES (33, 66, 'Mother', 0);
INSERT INTO STUDENTS_PARENTS (PARENT_ID, STUDENT_ID, PARENT_ROLE, ISGUARDIAN) VALUES (34, 67, 'Father', 1);
INSERT INTO STUDENTS_PARENTS (PARENT_ID, STUDENT_ID, PARENT_ROLE, ISGUARDIAN) VALUES (34, 68, 'Father', 0);
INSERT INTO STUDENTS_PARENTS (PARENT_ID, STUDENT_ID, PARENT_ROLE, ISGUARDIAN) VALUES (35, 69, 'Mother', 1);
INSERT INTO STUDENTS_PARENTS (PARENT_ID, STUDENT_ID, PARENT_ROLE, ISGUARDIAN) VALUES (35, 70, 'Mother', 0);
INSERT INTO STUDENTS_PARENTS (PARENT_ID, STUDENT_ID, PARENT_ROLE, ISGUARDIAN) VALUES (36, 71, 'Father', 1);
INSERT INTO STUDENTS_PARENTS (PARENT_ID, STUDENT_ID, PARENT_ROLE, ISGUARDIAN) VALUES (36, 72, 'Father', 0);
INSERT INTO STUDENTS_PARENTS (PARENT_ID, STUDENT_ID, PARENT_ROLE, ISGUARDIAN) VALUES (37, 73, 'Mother', 1);
INSERT INTO STUDENTS_PARENTS (PARENT_ID, STUDENT_ID, PARENT_ROLE, ISGUARDIAN) VALUES (37, 74, 'Mother', 0);
INSERT INTO STUDENTS_PARENTS (PARENT_ID, STUDENT_ID, PARENT_ROLE, ISGUARDIAN) VALUES (38, 75, 'Father', 1);
INSERT INTO STUDENTS_PARENTS (PARENT_ID, STUDENT_ID, PARENT_ROLE, ISGUARDIAN) VALUES (38, 76, 'Father', 0);
INSERT INTO STUDENTS_PARENTS (PARENT_ID, STUDENT_ID, PARENT_ROLE, ISGUARDIAN) VALUES (39, 77, 'Mother', 1);
INSERT INTO STUDENTS_PARENTS (PARENT_ID, STUDENT_ID, PARENT_ROLE, ISGUARDIAN) VALUES (39, 78, 'Mother', 0);
INSERT INTO STUDENTS_PARENTS (PARENT_ID, STUDENT_ID, PARENT_ROLE, ISGUARDIAN) VALUES (40, 79, 'Father', 1);
INSERT INTO STUDENTS_PARENTS (PARENT_ID, STUDENT_ID, PARENT_ROLE, ISGUARDIAN) VALUES (40, 80, 'Father', 0);
INSERT INTO STUDENTS_PARENTS (PARENT_ID, STUDENT_ID, PARENT_ROLE, ISGUARDIAN) VALUES (41, 81, 'Mother', 1);
INSERT INTO STUDENTS_PARENTS (PARENT_ID, STUDENT_ID, PARENT_ROLE, ISGUARDIAN) VALUES (41, 82, 'Mother', 0);
INSERT INTO STUDENTS_PARENTS (PARENT_ID, STUDENT_ID, PARENT_ROLE, ISGUARDIAN) VALUES (42, 83, 'Father', 1);
INSERT INTO STUDENTS_PARENTS (PARENT_ID, STUDENT_ID, PARENT_ROLE, ISGUARDIAN) VALUES (42, 84, 'Father', 0);
INSERT INTO STUDENTS_PARENTS (PARENT_ID, STUDENT_ID, PARENT_ROLE, ISGUARDIAN) VALUES (43, 85, 'Mother', 1);
INSERT INTO STUDENTS_PARENTS (PARENT_ID, STUDENT_ID, PARENT_ROLE, ISGUARDIAN) VALUES (43, 86, 'Mother', 0);
INSERT INTO STUDENTS_PARENTS (PARENT_ID, STUDENT_ID, PARENT_ROLE, ISGUARDIAN) VALUES (44, 87, 'Father', 1);
INSERT INTO STUDENTS_PARENTS (PARENT_ID, STUDENT_ID, PARENT_ROLE, ISGUARDIAN) VALUES (44, 88, 'Father', 0);
INSERT INTO STUDENTS_PARENTS (PARENT_ID, STUDENT_ID, PARENT_ROLE, ISGUARDIAN) VALUES (45, 89, 'Mother', 1);
INSERT INTO STUDENTS_PARENTS (PARENT_ID, STUDENT_ID, PARENT_ROLE, ISGUARDIAN) VALUES (45, 90, 'Mother', 0);
INSERT INTO STUDENTS_PARENTS (PARENT_ID, STUDENT_ID, PARENT_ROLE, ISGUARDIAN) VALUES (46, 91, 'Father', 1);
INSERT INTO STUDENTS_PARENTS (PARENT_ID, STUDENT_ID, PARENT_ROLE, ISGUARDIAN) VALUES (46, 92, 'Father', 0);
INSERT INTO STUDENTS_PARENTS (PARENT_ID, STUDENT_ID, PARENT_ROLE, ISGUARDIAN) VALUES (47, 93, 'Mother', 1);
INSERT INTO STUDENTS_PARENTS (PARENT_ID, STUDENT_ID, PARENT_ROLE, ISGUARDIAN) VALUES (47, 94, 'Mother', 0);
INSERT INTO STUDENTS_PARENTS (PARENT_ID, STUDENT_ID, PARENT_ROLE, ISGUARDIAN) VALUES (48, 95, 'Father', 1);
INSERT INTO STUDENTS_PARENTS (PARENT_ID, STUDENT_ID, PARENT_ROLE, ISGUARDIAN) VALUES (48, 96, 'Father', 0);
INSERT INTO STUDENTS_PARENTS (PARENT_ID, STUDENT_ID, PARENT_ROLE, ISGUARDIAN) VALUES (49, 97, 'Mother', 1);
INSERT INTO STUDENTS_PARENTS (PARENT_ID, STUDENT_ID, PARENT_ROLE, ISGUARDIAN) VALUES (49, 98, 'Mother', 0);
INSERT INTO STUDENTS_PARENTS (PARENT_ID, STUDENT_ID, PARENT_ROLE, ISGUARDIAN) VALUES (50, 99, 'Father', 1);
INSERT INTO STUDENTS_PARENTS (PARENT_ID, STUDENT_ID, PARENT_ROLE, ISGUARDIAN) VALUES (50, 100, 'Father', 0);
INSERT INTO STUDENTS_PARENTS (PARENT_ID, STUDENT_ID, PARENT_ROLE, ISGUARDIAN) VALUES (51, 101, 'Mother', 1);
INSERT INTO STUDENTS_PARENTS (PARENT_ID, STUDENT_ID, PARENT_ROLE, ISGUARDIAN) VALUES (51, 102, 'Mother', 0);
INSERT INTO STUDENTS_PARENTS (PARENT_ID, STUDENT_ID, PARENT_ROLE, ISGUARDIAN) VALUES (52, 103, 'Father', 1);
INSERT INTO STUDENTS_PARENTS (PARENT_ID, STUDENT_ID, PARENT_ROLE, ISGUARDIAN) VALUES (52, 104, 'Father', 0);
INSERT INTO STUDENTS_PARENTS (PARENT_ID, STUDENT_ID, PARENT_ROLE, ISGUARDIAN) VALUES (53, 105, 'Mother', 1);
INSERT INTO STUDENTS_PARENTS (PARENT_ID, STUDENT_ID, PARENT_ROLE, ISGUARDIAN) VALUES (53, 106, 'Mother', 0);
INSERT INTO STUDENTS_PARENTS (PARENT_ID, STUDENT_ID, PARENT_ROLE, ISGUARDIAN) VALUES (54, 107, 'Father', 1);
INSERT INTO STUDENTS_PARENTS (PARENT_ID, STUDENT_ID, PARENT_ROLE, ISGUARDIAN) VALUES (54, 108, 'Father', 0);
INSERT INTO STUDENTS_PARENTS (PARENT_ID, STUDENT_ID, PARENT_ROLE, ISGUARDIAN) VALUES (55, 109, 'Mother', 1);
INSERT INTO STUDENTS_PARENTS (PARENT_ID, STUDENT_ID, PARENT_ROLE, ISGUARDIAN) VALUES (55, 110, 'Mother', 0);
INSERT INTO STUDENTS_PARENTS (PARENT_ID, STUDENT_ID, PARENT_ROLE, ISGUARDIAN) VALUES (56, 111, 'Father', 1);
INSERT INTO STUDENTS_PARENTS (PARENT_ID, STUDENT_ID, PARENT_ROLE, ISGUARDIAN) VALUES (56, 112, 'Father', 0);
INSERT INTO STUDENTS_PARENTS (PARENT_ID, STUDENT_ID, PARENT_ROLE, ISGUARDIAN) VALUES (57, 113, 'Mother', 1);
INSERT INTO STUDENTS_PARENTS (PARENT_ID, STUDENT_ID, PARENT_ROLE, ISGUARDIAN) VALUES (57, 114, 'Mother', 0);
INSERT INTO STUDENTS_PARENTS (PARENT_ID, STUDENT_ID, PARENT_ROLE, ISGUARDIAN) VALUES (58, 115, 'Father', 1);
INSERT INTO STUDENTS_PARENTS (PARENT_ID, STUDENT_ID, PARENT_ROLE, ISGUARDIAN) VALUES (58, 116, 'Father', 0);
INSERT INTO STUDENTS_PARENTS (PARENT_ID, STUDENT_ID, PARENT_ROLE, ISGUARDIAN) VALUES (59, 117, 'Mother', 1);
INSERT INTO STUDENTS_PARENTS (PARENT_ID, STUDENT_ID, PARENT_ROLE, ISGUARDIAN) VALUES (59, 118, 'Mother', 0);
INSERT INTO STUDENTS_PARENTS (PARENT_ID, STUDENT_ID, PARENT_ROLE, ISGUARDIAN) VALUES (60, 119, 'Father', 1);
INSERT INTO STUDENTS_PARENTS (PARENT_ID, STUDENT_ID, PARENT_ROLE, ISGUARDIAN) VALUES (60, 120, 'Father', 0);

-- 36. Insert Training Programs
INSERT INTO TRAINING_PROGRAM (PROGRAM_ID, TEACHER_ID, USER_ID, PROGRAM_NAME, DESCRIPTION, START_DATE, END_DATE, LOCATION, CREATED_AT) VALUES (1, 1, 2, 'Modern Teaching Techniques - Session 1', 'Training session for teacher digital system adoption.', DATE '2025-08-01', DATE '2025-08-10', 'Main Campus Hall A', TIMESTAMP '2025-07-15 09:00:00');
INSERT INTO TRAINING_PROGRAM (PROGRAM_ID, TEACHER_ID, USER_ID, PROGRAM_NAME, DESCRIPTION, START_DATE, END_DATE, LOCATION, CREATED_AT) VALUES (2, 2, 3, 'Modern Teaching Techniques - Session 2', 'Training session for teacher digital system adoption.', DATE '2025-08-01', DATE '2025-08-10', 'Main Campus Hall A', TIMESTAMP '2025-07-15 09:00:00');
INSERT INTO TRAINING_PROGRAM (PROGRAM_ID, TEACHER_ID, USER_ID, PROGRAM_NAME, DESCRIPTION, START_DATE, END_DATE, LOCATION, CREATED_AT) VALUES (3, 3, 1, 'Modern Teaching Techniques - Session 3', 'Training session for teacher digital system adoption.', DATE '2025-08-01', DATE '2025-08-10', 'Main Campus Hall A', TIMESTAMP '2025-07-15 09:00:00');
INSERT INTO TRAINING_PROGRAM (PROGRAM_ID, TEACHER_ID, USER_ID, PROGRAM_NAME, DESCRIPTION, START_DATE, END_DATE, LOCATION, CREATED_AT) VALUES (4, 4, 2, 'Modern Teaching Techniques - Session 4', 'Training session for teacher digital system adoption.', DATE '2025-08-01', DATE '2025-08-10', 'Main Campus Hall A', TIMESTAMP '2025-07-15 09:00:00');
INSERT INTO TRAINING_PROGRAM (PROGRAM_ID, TEACHER_ID, USER_ID, PROGRAM_NAME, DESCRIPTION, START_DATE, END_DATE, LOCATION, CREATED_AT) VALUES (5, 5, 3, 'Modern Teaching Techniques - Session 5', 'Training session for teacher digital system adoption.', DATE '2025-08-01', DATE '2025-08-10', 'Main Campus Hall A', TIMESTAMP '2025-07-15 09:00:00');

-- Sync Sequences
ALTER SEQUENCE USER_SEQ RESTART START WITH 194;
ALTER SEQUENCE TEACHER_SEQ RESTART START WITH 11;
ALTER SEQUENCE GRADE_SEQ RESTART START WITH 4;
ALTER SEQUENCE CLASS_SEQ RESTART START WITH 13;
ALTER SEQUENCE COURSE_SEQ RESTART START WITH 25;
ALTER SEQUENCE SESSIONS_SEQ RESTART START WITH 61;
ALTER SEQUENCE ATTENDANCE_SEQ RESTART START WITH 601;
ALTER SEQUENCE NOTIFICATION_SEQ RESTART START WITH 6;
ALTER SEQUENCE EXAM_TABLE_SEQ RESTART START WITH 16;

-- Sync Identities
ALTER TABLE ROLES MODIFY (ROLE_ID GENERATED BY DEFAULT AS IDENTITY (START WITH LIMIT VALUE));
ALTER TABLE STUDENT MODIFY (STUDENT_ID GENERATED BY DEFAULT AS IDENTITY (START WITH LIMIT VALUE));
ALTER TABLE PARENT MODIFY (PARENT_ID GENERATED BY DEFAULT AS IDENTITY (START WITH LIMIT VALUE));
ALTER TABLE TERM MODIFY (TERM_ID GENERATED BY DEFAULT AS IDENTITY (START WITH LIMIT VALUE));
ALTER TABLE MARKS_TYPE MODIFY (TYPE_ID GENERATED BY DEFAULT AS IDENTITY (START WITH LIMIT VALUE));
ALTER TABLE MARKS MODIFY (MARK_ID GENERATED BY DEFAULT AS IDENTITY (START WITH LIMIT VALUE));
ALTER TABLE ASSIGNMENT MODIFY (ASSIGNMENT_ID GENERATED BY DEFAULT AS IDENTITY (START WITH LIMIT VALUE));
ALTER TABLE PROJECT MODIFY (PROJECT_ID GENERATED BY DEFAULT AS IDENTITY (START WITH LIMIT VALUE));
ALTER TABLE TEAM MODIFY (TEAM_ID GENERATED BY DEFAULT AS IDENTITY (START WITH LIMIT VALUE));
ALTER TABLE STUDENT_EXAM MODIFY (id GENERATED BY DEFAULT AS IDENTITY (START WITH LIMIT VALUE));
ALTER TABLE REPORTS MODIFY (REPORT_ID GENERATED BY DEFAULT AS IDENTITY (START WITH LIMIT VALUE));
ALTER TABLE PERMISSIONS MODIFY (PERMISSION_ID GENERATED BY DEFAULT AS IDENTITY (START WITH LIMIT VALUE));
ALTER TABLE DELAYS MODIFY (DELAY_ID GENERATED BY DEFAULT AS IDENTITY (START WITH LIMIT VALUE));
ALTER TABLE VIOLATIONS MODIFY (VIOLATION_ID GENERATED BY DEFAULT AS IDENTITY (START WITH LIMIT VALUE));
ALTER TABLE MEDICAL_RECORD MODIFY (MEDICAL_ID GENERATED BY DEFAULT AS IDENTITY (START WITH LIMIT VALUE));
ALTER TABLE STUDENT_EVALUATION MODIFY (EVALUATION_ID GENERATED BY DEFAULT AS IDENTITY (START WITH LIMIT VALUE));
ALTER TABLE STUDENT_FEEDBACK MODIFY (FEEDBACK_ID GENERATED BY DEFAULT AS IDENTITY (START WITH LIMIT VALUE));
ALTER TABLE ENGINEER_FEEDBACK MODIFY (FEEDBACK_ID GENERATED BY DEFAULT AS IDENTITY (START WITH LIMIT VALUE));
ALTER TABLE TRAINING_PROGRAM MODIFY (PROGRAM_ID GENERATED BY DEFAULT AS IDENTITY (START WITH LIMIT VALUE));
-- Student Affairs Seeding
INSERT INTO USERS (USER_ID, FIRST_NAME, LAST_NAME, EMAIL, ADDRESS, FIRST_NAME_IN_ARABIC, LAST_NAME_IN_ARABIC, PASSWORD, ISDELETED, CREATED_AT, LAST_LOGIN, GENDER, NATIONALITY, BIRTH_DATE, RELIGION, NATIONAL_NUMBER, ROLE_ID) VALUES (1001, 'Fatima', 'Al-Hasan', 'fatima.alhasan@affairs.school.edu', 'Baghdad', 'فاطمة', 'الحسن', 'pass123', 0, TIMESTAMP '2025-01-10 09:00:00', TIMESTAMP '2025-09-01 08:30:00', 'F', 'Iraqi', DATE '1985-05-12', 'Muslim', 100000001001, 5);
INSERT INTO USERS (USER_ID, FIRST_NAME, LAST_NAME, EMAIL, ADDRESS, FIRST_NAME_IN_ARABIC, LAST_NAME_IN_ARABIC, PASSWORD, ISDELETED, CREATED_AT, LAST_LOGIN, GENDER, NATIONALITY, BIRTH_DATE, RELIGION, NATIONAL_NUMBER, ROLE_ID) VALUES (1002, 'Omar', 'Ali', 'omar.ali@affairs.school.edu', 'Basra', 'عمر', 'علي', 'pass123', 0, TIMESTAMP '2025-01-10 09:00:00', TIMESTAMP '2025-09-01 08:30:00', 'M', 'Iraqi', DATE '1990-08-22', 'Muslim', 100000001002, 5);
INSERT INTO USERS (USER_ID, FIRST_NAME, LAST_NAME, EMAIL, ADDRESS, FIRST_NAME_IN_ARABIC, LAST_NAME_IN_ARABIC, PASSWORD, ISDELETED, CREATED_AT, LAST_LOGIN, GENDER, NATIONALITY, BIRTH_DATE, RELIGION, NATIONAL_NUMBER, ROLE_ID) VALUES (1003, 'Aisha', 'Mohammed', 'aisha.mohammed@affairs.school.edu', 'Erbil', 'عائشة', 'محمد', 'pass123', 0, TIMESTAMP '2025-01-10 09:00:00', TIMESTAMP '2025-09-01 08:30:00', 'F', 'Iraqi', DATE '1982-11-04', 'Muslim', 100000001003, 5);
INSERT INTO USERS (USER_ID, FIRST_NAME, LAST_NAME, EMAIL, ADDRESS, FIRST_NAME_IN_ARABIC, LAST_NAME_IN_ARABIC, PASSWORD, ISDELETED, CREATED_AT, LAST_LOGIN, GENDER, NATIONALITY, BIRTH_DATE, RELIGION, NATIONAL_NUMBER, ROLE_ID) VALUES (1004, 'Mustafa', 'Khalid', 'mustafa.khalid@affairs.school.edu', 'Najaf', 'مصطفى', 'خالد', 'pass123', 0, TIMESTAMP '2025-01-10 09:00:00', TIMESTAMP '2025-09-01 08:30:00', 'M', 'Iraqi', DATE '1970-03-15', 'Muslim', 100000001004, 5);
INSERT INTO USERS (USER_ID, FIRST_NAME, LAST_NAME, EMAIL, ADDRESS, FIRST_NAME_IN_ARABIC, LAST_NAME_IN_ARABIC, PASSWORD, ISDELETED, CREATED_AT, LAST_LOGIN, GENDER, NATIONALITY, BIRTH_DATE, RELIGION, NATIONAL_NUMBER, ROLE_ID) VALUES (1005, 'Zainab', 'Hussain', 'zainab.hussain@affairs.school.edu', 'Karbala', 'زينب', 'حسين', 'pass123', 0, TIMESTAMP '2025-01-10 09:00:00', TIMESTAMP '2025-09-01 08:30:00', 'F', 'Iraqi', DATE '1973-03-15', 'Muslim', 100000001005, 5);
INSERT INTO USERS (USER_ID, FIRST_NAME, LAST_NAME, EMAIL, ADDRESS, FIRST_NAME_IN_ARABIC, LAST_NAME_IN_ARABIC, PASSWORD, ISDELETED, CREATED_AT, LAST_LOGIN, GENDER, NATIONALITY, BIRTH_DATE, RELIGION, NATIONAL_NUMBER, ROLE_ID) VALUES (1006, 'Ali', 'Hassan', 'ali.hassan@affairs.school.edu', 'Kirkuk', 'علي', 'حسن', 'pass123', 0, TIMESTAMP '2025-01-10 09:00:00', TIMESTAMP '2025-09-01 08:30:00', 'M', 'Iraqi', DATE '1976-03-15', 'Muslim', 100000001006, 5);
INSERT INTO USERS (USER_ID, FIRST_NAME, LAST_NAME, EMAIL, ADDRESS, FIRST_NAME_IN_ARABIC, LAST_NAME_IN_ARABIC, PASSWORD, ISDELETED, CREATED_AT, LAST_LOGIN, GENDER, NATIONALITY, BIRTH_DATE, RELIGION, NATIONAL_NUMBER, ROLE_ID) VALUES (1007, 'Noor', 'Ahmed', 'noor.ahmed@affairs.school.edu', 'Mosul', 'نور', 'أحمد', 'pass123', 0, TIMESTAMP '2025-01-10 09:00:00', TIMESTAMP '2025-09-01 08:30:00', 'F', 'Iraqi', DATE '1979-03-15', 'Muslim', 100000001007, 5);

